date,type,description,key,source_module,observed_from,close_time,status
2000-01-01,WEEKEND,Saturday,weekend,weekend_policy,,,CONFIRMED
2000-01-02,WEEKEND,Sunday,weekend,weekend_policy,,,CONFIRMED
2000-01-03,CLOSED,New Year's Day,ca_new_years_day,module:ca_new_years_day,2000-01-01,,CONFIRMED
2000-01-08,WEEKEND,Saturday,weekend,weekend_policy,,,CONFIRMED
2000-01-09,WEEKEND,Sunday,weekend,weekend_policy,,,CONFIRMED
2000-01-15,WEEKEND,Saturday,weekend,weekend_policy,,,CONFIRMED
2000-01-16,WEEKEND,Sunday,weekend,weekend_policy,,,CONFIRMED
2000-01-22,WEEKEND,Saturday,weekend,weekend_policy,,,CONFIRMED
2000-01-23,WEEKEND,Sunday,weekend,weekend_policy,,,CONFIRMED
2000-01-29,WEEKEND,Saturday,weekend,weekend_policy,,,CONFIRMED
2000-01-30,WEEKEND,Sunday,weekend,weekend_policy,,,CONFIRMED
2000-02-05,WEEKEND,Saturday,weekend,weekend_policy,,,CONFIRMED
2000-02-06,WEEKEND,Sunday,weekend,weekend_policy,,,CONFIRMED
2000-02-12,WEEKEND,Saturday,weekend,weekend_policy,,,CONFIRMED
2000-02-13,WEEKEND,Sunday,weekend,weekend_policy,,,CONFIRMED
2000-02-19,WEEKEND,Saturday,weekend,weekend_policy,,,CONFIRMED
2000-02-20,WEEKEND,Sunday,weekend,weekend_policy,,,CONFIRMED
2000-02-26,WEEKEND,Saturday,weekend,weekend_policy,,,CONFIRMED
2000-02-27,WEEKEND,Sunday,weekend,weekend_policy,,,CONFIRMED
2000-03-04,WEEKEND,Saturday,weekend,weekend_policy,,,CONFIRMED
2000-03-05,WEEKEND,Sunday,weekend,weekend_policy,,,CONFIRMED
2000-03-11,WEEKEND,Saturday,weekend,weekend_policy,,,CONFIRMED
2000-03-12,WEEKEND,Sunday,weekend,weekend_policy,,,CONFIRMED
2000-03-18,WEEKEND,Saturday,weekend,weekend_policy,,,CONFIRMED
2000-03-19,WEEKEND,Sunday,weekend,weekend_policy,,,CONFIRMED
2000-03-25,WEEKEND,Saturday,weekend,weekend_policy,,,CONFIRMED
2000-03-26,WEEKEND,Sunday,weekend,weekend_policy,,,CONFIRMED
2000-04-01,WEEKEND,Saturday,weekend,weekend_policy,,,CONFIRMED
2000-04-02,WEEKEND,Sunday,weekend,weekend_policy,,,CONFIRMED
2000-04-08,WEEKEND,Saturday,weekend,weekend_policy,,,CONFIRMED
2000-04-09,WEEKEND,Sunday,weekend,weekend_policy,,,CONFIRMED
2000-04-15,WEEKEND,Saturday,weekend,weekend_policy,,,CONFIRMED
2000-04-16,WEEKEND,Sunday,weekend,weekend_policy,,,CONFIRMED
2000-04-21,CLOSED,Good Friday,ca_good_friday,module:ca_good_friday,,,CONFIRMED
2000-04-22,WEEKEND,Saturday,weekend,weekend_policy,,,CONFIRMED
2000-04-23,WEEKEND,Sunday,weekend,weekend_policy,,,CONFIRMED
2000-04-29,WEEKEND,Saturday,weekend,weekend_policy,,,CONFIRMED
2000-04-30,WEEKEND,Sunday,weekend,weekend_policy,,,CONFIRMED
2000-05-06,WEEKEND,Saturday,weekend,weekend_policy,,,CONFIRMED
2000-05-07,WEEKEND,Sunday,weekend,weekend_policy,,,CONFIRMED
2000-05-13,WEEKEND,Saturday,weekend,weekend_policy,,,CONFIRMED
2000-05-14,WEEKEND,Sunday,weekend,weekend_policy,,,CONFIRMED
2000-05-20,WEEKEND,Saturday,weekend,weekend_policy,,,CONFIRMED
2000-05-21,WEEKEND,Sunday,weekend,weekend_policy,,,CONFIRMED
2000-05-22,CLOSED,Victoria Day,ca_victoria_day,module:ca_victoria_day,,,CONFIRMED
2000-05-27,WEEKEND,Saturday,weekend,weekend_policy,,,CONFIRMED
2000-05-28,WEEKEND,Sunday,weekend,weekend_policy,,,CONFIRMED
2000-06-03,WEEKEND,Saturday,weekend,weekend_policy,,,CONFIRMED
2000-06-04,WEEKEND,Sunday,weekend,weekend_policy,,,CONFIRMED
2000-06-10,WEEKEND,Saturday,weekend,weekend_policy,,,CONFIRMED
2000-06-11,WEEKEND,Sunday,weekend,weekend_policy,,,CONFIRMED
2000-06-17,WEEKEND,Saturday,weekend,weekend_policy,,,CONFIRMED
2000-06-18,WEEKEND,Sunday,weekend,weekend_policy,,,CONFIRMED
2000-06-24,WEEKEND,Saturday,weekend,weekend_policy,,,CONFIRMED
2000-06-25,WEEKEND,Sunday,weekend,weekend_policy,,,CONFIRMED
2000-07-01,WEEKEND,Saturday,weekend,weekend_policy,,,CONFIRMED
2000-07-02,WEEKEND,Sunday,weekend,weekend_policy,,,CONFIRMED
2000-07-03,CLOSED,Canada Day,ca_canada_day,module:ca_canada_day,2000-07-01,,CONFIRMED
2000-07-08,WEEKEND,Saturday,weekend,weekend_policy,,,CONFIRMED
2000-07-09,WEEKEND,Sunday,weekend,weekend_policy,,,CONFIRMED
2000-07-15,WEEKEND,Saturday,weekend,weekend_policy,,,CONFIRMED
2000-07-16,WEEKEND,Sunday,weekend,weekend_policy,,,CONFIRMED
2000-07-22,WEEKEND,Saturday,weekend,weekend_policy,,,CONFIRMED
2000-07-23,WEEKEND,Sunday,weekend,weekend_policy,,,CONFIRMED
2000-07-29,WEEKEND,Saturday,weekend,weekend_policy,,,CONFIRMED
2000-07-30,WEEKEND,Sunday,weekend,weekend_policy,,,CONFIRMED
2000-08-05,WEEKEND,Saturday,weekend,weekend_policy,,,CONFIRMED
2000-08-06,WEEKEND,Sunday,weekend,weekend_policy,,,CONFIRMED
2000-08-07,CLOSED,Civic Holiday,ca_civic_holiday,module:ca_civic_holiday,,,CONFIRMED
2000-08-12,WEEKEND,Saturday,weekend,weekend_policy,,,CONFIRMED
2000-08-13,WEEKEND,Sunday,weekend,weekend_policy,,,CONFIRMED
2000-08-19,WEEKEND,Saturday,weekend,weekend_policy,,,CONFIRMED
2000-08-20,WEEKEND,Sunday,weekend,weekend_policy,,,CONFIRMED
2000-08-26,WEEKEND,Saturday,weekend,weekend_policy,,,CONFIRMED
2000-08-27,WEEKEND,Sunday,weekend,weekend_policy,,,CONFIRMED
2000-09-02,WEEKEND,Saturday,weekend,weekend_policy,,,CONFIRMED
2000-09-03,WEEKEND,Sunday,weekend,weekend_policy,,,CONFIRMED
2000-09-04,CLOSED,Labour Day,ca_labour_day,module:ca_labour_day,,,CONFIRMED
2000-09-09,WEEKEND,Saturday,weekend,weekend_policy,,,CONFIRMED
2000-09-10,WEEKEND,Sunday,weekend,weekend_policy,,,CONFIRMED
2000-09-16,WEEKEND,Saturday,weekend,weekend_policy,,,CONFIRMED
2000-09-17,WEEKEND,Sunday,weekend,weekend_policy,,,CONFIRMED
2000-09-23,WEEKEND,Saturday,weekend,weekend_policy,,,CONFIRMED
2000-09-24,WEEKEND,Sunday,weekend,weekend_policy,,,CONFIRMED
2000-09-30,WEEKEND,Saturday,weekend,weekend_policy,,,CONFIRMED
2000-10-01,WEEKEND,Sunday,weekend,weekend_policy,,,CONFIRMED
2000-10-07,WEEKEND,Saturday,weekend,weekend_policy,,,CONFIRMED
2000-10-08,WEEKEND,Sunday,weekend,weekend_policy,,,CONFIRMED
2000-10-09,CLOSED,Thanksgiving Day,ca_thanksgiving,module:ca_thanksgiving,,,CONFIRMED
2000-10-14,WEEKEND,Saturday,weekend,weekend_policy,,,CONFIRMED
2000-10-15,WEEKEND,Sunday,weekend,weekend_policy,,,CONFIRMED
2000-10-21,WEEKEND,Saturday,weekend,weekend_policy,,,CONFIRMED
2000-10-22,WEEKEND,Sunday,weekend,weekend_policy,,,CONFIRMED
2000-10-28,WEEKEND,Saturday,weekend,weekend_policy,,,CONFIRMED
2000-10-29,WEEKEND,Sunday,weekend,weekend_policy,,,CONFIRMED
2000-11-04,WEEKEND,Saturday,weekend,weekend_policy,,,CONFIRMED
2000-11-05,WEEKEND,Sunday,weekend,weekend_policy,,,CONFIRMED
2000-11-11,WEEKEND,Saturday,weekend,weekend_policy,,,CONFIRMED
2000-11-12,WEEKEND,Sunday,weekend,weekend_policy,,,CONFIRMED
2000-11-18,WEEKEND,Saturday,weekend,weekend_policy,,,CONFIRMED
2000-11-19,WEEKEND,Sunday,weekend,weekend_policy,,,CONFIRMED
2000-11-25,WEEKEND,Saturday,weekend,weekend_policy,,,CONFIRMED
2000-11-26,WEEKEND,Sunday,weekend,weekend_policy,,,CONFIRMED
2000-12-02,WEEKEND,Saturday,weekend,weekend_policy,,,CONFIRMED
2000-12-03,WEEKEND,Sunday,weekend,weekend_policy,,,CONFIRMED
2000-12-09,WEEKEND,Saturday,weekend,weekend_policy,,,CONFIRMED
2000-12-10,WEEKEND,Sunday,weekend,weekend_policy,,,CONFIRMED
2000-12-16,WEEKEND,Saturday,weekend,weekend_policy,,,CONFIRMED
2000-12-17,WEEKEND,Sunday,weekend,weekend_policy,,,CONFIRMED
2000-12-23,WEEKEND,Saturday,weekend,weekend_policy,,,CONFIRMED
2000-12-24,WEEKEND,Sunday,weekend,weekend_policy,,,CONFIRMED
2000-12-25,CLOSED,Christmas Day,ca_christmas,module:ca_christmas,,,CONFIRMED
2000-12-26,CLOSED,Boxing Day,ca_boxing_day,module:ca_boxing_day,,,CONFIRMED
2000-12-30,WEEKEND,Saturday,weekend,weekend_policy,,,CONFIRMED
2000-12-31,WEEKEND,Sunday,weekend,weekend_policy,,,CONFIRMED
2001-01-01,CLOSED,New Year's Day,ca_new_years_day,module:ca_new_years_day,,,CONFIRMED
2001-01-06,WEEKEND,Saturday,weekend,weekend_policy,,,CONFIRMED
2001-01-07,WEEKEND,Sunday,weekend,weekend_policy,,,CONFIRMED
2001-01-13,WEEKEND,Saturday,weekend,weekend_policy,,,CONFIRMED
2001-01-14,WEEKEND,Sunday,weekend,weekend_policy,,,CONFIRMED
2001-01-20,WEEKEND,Saturday,weekend,weekend_policy,,,CONFIRMED
2001-01-21,WEEKEND,Sunday,weekend,weekend_policy,,,CONFIRMED
2001-01-27,WEEKEND,Saturday,weekend,weekend_policy,,,CONFIRMED
2001-01-28,WEEKEND,Sunday,weekend,weekend_policy,,,CONFIRMED
2001-02-03,WEEKEND,Saturday,weekend,weekend_policy,,,CONFIRMED
2001-02-04,WEEKEND,Sunday,weekend,weekend_policy,,,CONFIRMED
2001-02-10,WEEKEND,Saturday,weekend,weekend_policy,,,CONFIRMED
2001-02-11,WEEKEND,Sunday,weekend,weekend_policy,,,CONFIRMED
2001-02-17,WEEKEND,Saturday,weekend,weekend_policy,,,CONFIRMED
2001-02-18,WEEKEND,Sunday,weekend,weekend_policy,,,CONFIRMED
2001-02-24,WEEKEND,Saturday,weekend,weekend_policy,,,CONFIRMED
2001-02-25,WEEKEND,Sunday,weekend,weekend_policy,,,CONFIRMED
2001-03-03,WEEKEND,Saturday,weekend,weekend_policy,,,CONFIRMED
2001-03-04,WEEKEND,Sunday,weekend,weekend_policy,,,CONFIRMED
2001-03-10,WEEKEND,Saturday,weekend,weekend_policy,,,CONFIRMED
2001-03-11,WEEKEND,Sunday,weekend,weekend_policy,,,CONFIRMED
2001-03-17,WEEKEND,Saturday,weekend,weekend_policy,,,CONFIRMED
2001-03-18,WEEKEND,Sunday,weekend,weekend_policy,,,CONFIRMED
2001-03-24,WEEKEND,Saturday,weekend,weekend_policy,,,CONFIRMED
2001-03-25,WEEKEND,Sunday,weekend,weekend_policy,,,CONFIRMED
2001-03-31,WEEKEND,Saturday,weekend,weekend_policy,,,CONFIRMED
2001-04-01,WEEKEND,Sunday,weekend,weekend_policy,,,CONFIRMED
2001-04-07,WEEKEND,Saturday,weekend,weekend_policy,,,CONFIRMED
2001-04-08,WEEKEND,Sunday,weekend,weekend_policy,,,CONFIRMED
2001-04-13,CLOSED,Good Friday,ca_good_friday,module:ca_good_friday,,,CONFIRMED
2001-04-14,WEEKEND,Saturday,weekend,weekend_policy,,,CONFIRMED
2001-04-15,WEEKEND,Sunday,weekend,weekend_policy,,,CONFIRMED
2001-04-21,WEEKEND,Saturday,weekend,weekend_policy,,,CONFIRMED
2001-04-22,WEEKEND,Sunday,weekend,weekend_policy,,,CONFIRMED
2001-04-28,WEEKEND,Saturday,weekend,weekend_policy,,,CONFIRMED
2001-04-29,WEEKEND,Sunday,weekend,weekend_policy,,,CONFIRMED
2001-05-05,WEEKEND,Saturday,weekend,weekend_policy,,,CONFIRMED
2001-05-06,WEEKEND,Sunday,weekend,weekend_policy,,,CONFIRMED
2001-05-12,WEEKEND,Saturday,weekend,weekend_policy,,,CONFIRMED
2001-05-13,WEEKEND,Sunday,weekend,weekend_policy,,,CONFIRMED
2001-05-19,WEEKEND,Saturday,weekend,weekend_policy,,,CONFIRMED
2001-05-20,WEEKEND,Sunday,weekend,weekend_policy,,,CONFIRMED
2001-05-21,CLOSED,Victoria Day,ca_victoria_day,module:ca_victoria_day,,,CONFIRMED
2001-05-26,WEEKEND,Saturday,weekend,weekend_policy,,,CONFIRMED
2001-05-27,WEEKEND,Sunday,weekend,weekend_policy,,,CONFIRMED
2001-06-02,WEEKEND,Saturday,weekend,weekend_policy,,,CONFIRMED
2001-06-03,WEEKEND,Sunday,weekend,weekend_policy,,,CONFIRMED
2001-06-09,WEEKEND,Saturday,weekend,weekend_policy,,,CONFIRMED
2001-06-10,WEEKEND,Sunday,weekend,weekend_policy,,,CONFIRMED
2001-06-16,WEEKEND,Saturday,weekend,weekend_policy,,,CONFIRMED
2001-06-17,WEEKEND,Sunday,weekend,weekend_policy,,,CONFIRMED
2001-06-23,WEEKEND,Saturday,weekend,weekend_policy,,,CONFIRMED
2001-06-24,WEEKEND,Sunday,weekend,weekend_policy,,,CONFIRMED
2001-06-30,WEEKEND,Saturday,weekend,weekend_policy,,,CONFIRMED
2001-07-01,WEEKEND,Sunday,weekend,weekend_policy,,,CONFIRMED
2001-07-02,CLOSED,Canada Day,ca_canada_day,module:ca_canada_day,2001-07-01,,CONFIRMED
2001-07-07,WEEKEND,Saturday,weekend,weekend_policy,,,CONFIRMED
2001-07-08,WEEKEND,Sunday,weekend,weekend_policy,,,CONFIRMED
2001-07-14,WEEKEND,Saturday,weekend,weekend_policy,,,CONFIRMED
2001-07-15,WEEKEND,Sunday,weekend,weekend_policy,,,CONFIRMED
2001-07-21,WEEKEND,Saturday,weekend,weekend_policy,,,CONFIRMED
2001-07-22,WEEKEND,Sunday,weekend,weekend_policy,,,CONFIRMED
2001-07-28,WEEKEND,Saturday,weekend,weekend_policy,,,CONFIRMED
2001-07-29,WEEKEND,Sunday,weekend,weekend_policy,,,CONFIRMED
2001-08-04,WEEKEND,Saturday,weekend,weekend_policy,,,CONFIRMED
2001-08-05,WEEKEND,Sunday,weekend,weekend_policy,,,CONFIRMED
2001-08-06,CLOSED,Civic Holiday,ca_civic_holiday,module:ca_civic_holiday,,,CONFIRMED
2001-08-11,WEEKEND,Saturday,weekend,weekend_policy,,,CONFIRMED
2001-08-12,WEEKEND,Sunday,weekend,weekend_policy,,,CONFIRMED
2001-08-18,WEEKEND,Saturday,weekend,weekend_policy,,,CONFIRMED
2001-08-19,WEEKEND,Sunday,weekend,weekend_policy,,,CONFIRMED
2001-08-25,WEEKEND,Saturday,weekend,weekend_policy,,,CONFIRMED
2001-08-26,WEEKEND,Sunday,weekend,weekend_policy,,,CONFIRMED
2001-09-01,WEEKEND,Saturday,weekend,weekend_policy,,,CONFIRMED
2001-09-02,WEEKEND,Sunday,weekend,weekend_policy,,,CONFIRMED
2001-09-03,CLOSED,Labour Day,ca_labour_day,module:ca_labour_day,,,CONFIRMED
2001-09-08,WEEKEND,Saturday,weekend,weekend_policy,,,CONFIRMED
2001-09-09,WEEKEND,Sunday,weekend,weekend_policy,,,CONFIRMED
2001-09-15,WEEKEND,Saturday,weekend,weekend_policy,,,CONFIRMED
2001-09-16,WEEKEND,Sunday,weekend,weekend_policy,,,CONFIRMED
2001-09-22,WEEKEND,Saturday,weekend,weekend_policy,,,CONFIRMED
2001-09-23,WEEKEND,Sunday,weekend,weekend_policy,,,CONFIRMED
2001-09-29,WEEKEND,Saturday,weekend,weekend_policy,,,CONFIRMED
2001-09-30,WEEKEND,Sunday,weekend,weekend_policy,,,CONFIRMED
2001-10-06,WEEKEND,Saturday,weekend,weekend_policy,,,CONFIRMED
2001-10-07,WEEKEND,Sunday,weekend,weekend_policy,,,CONFIRMED
2001-10-08,CLOSED,Thanksgiving Day,ca_thanksgiving,module:ca_thanksgiving,,,CONFIRMED
2001-10-13,WEEKEND,Saturday,weekend,weekend_policy,,,CONFIRMED
2001-10-14,WEEKEND,Sunday,weekend,weekend_policy,,,CONFIRMED
2001-10-20,WEEKEND,Saturday,weekend,weekend_policy,,,CONFIRMED
2001-10-21,WEEKEND,Sunday,weekend,weekend_policy,,,CONFIRMED
2001-10-27,WEEKEND,Saturday,weekend,weekend_policy,,,CONFIRMED
2001-10-28,WEEKEND,Sunday,weekend,weekend_policy,,,CONFIRMED
2001-11-03,WEEKEND,Saturday,weekend,weekend_policy,,,CONFIRMED
2001-11-04,WEEKEND,Sunday,weekend,weekend_policy,,,CONFIRMED
2001-11-10,WEEKEND,Saturday,weekend,weekend_policy,,,CONFIRMED
2001-11-11,WEEKEND,Sunday,weekend,weekend_policy,,,CONFIRMED
2001-11-17,WEEKEND,Saturday,weekend,weekend_policy,,,CONFIRMED
2001-11-18,WEEKEND,Sunday,weekend,weekend_policy,,,CONFIRMED
2001-11-24,WEEKEND,Saturday,weekend,weekend_policy,,,CONFIRMED
2001-11-25,WEEKEND,Sunday,weekend,weekend_policy,,,CONFIRMED
2001-12-01,WEEKEND,Saturday,weekend,weekend_policy,,,CONFIRMED
2001-12-02,WEEKEND,Sunday,weekend,weekend_policy,,,CONFIRMED
2001-12-08,WEEKEND,Saturday,weekend,weekend_policy,,,CONFIRMED
2001-12-09,WEEKEND,Sunday,weekend,weekend_policy,,,CONFIRMED
2001-12-15,WEEKEND,Saturday,weekend,weekend_policy,,,CONFIRMED
2001-12-16,WEEKEND,Sunday,weekend,weekend_policy,,,CONFIRMED
2001-12-22,WEEKEND,Saturday,weekend,weekend_policy,,,CONFIRMED
2001-12-23,WEEKEND,Sunday,weekend,weekend_policy,,,CONFIRMED
2001-12-25,CLOSED,Christmas Day,ca_christmas,module:ca_christmas,,,CONFIRMED
2001-12-26,CLOSED,Boxing Day,ca_boxing_day,module:ca_boxing_day,,,CONFIRMED
2001-12-29,WEEKEND,Saturday,weekend,weekend_policy,,,CONFIRMED
2001-12-30,WEEKEND,Sunday,weekend,weekend_policy,,,CONFIRMED
2002-01-01,CLOSED,New Year's Day,ca_new_years_day,module:ca_new_years_day,,,CONFIRMED
2002-01-05,WEEKEND,Saturday,weekend,weekend_policy,,,CONFIRMED
2002-01-06,WEEKEND,Sunday,weekend,weekend_policy,,,CONFIRMED
2002-01-12,WEEKEND,Saturday,weekend,weekend_policy,,,CONFIRMED
2002-01-13,WEEKEND,Sunday,weekend,weekend_policy,,,CONFIRMED
2002-01-19,WEEKEND,Saturday,weekend,weekend_policy,,,CONFIRMED
2002-01-20,WEEKEND,Sunday,weekend,weekend_policy,,,CONFIRMED
2002-01-26,WEEKEND,Saturday,weekend,weekend_policy,,,CONFIRMED
2002-01-27,WEEKEND,Sunday,weekend,weekend_policy,,,CONFIRMED
2002-02-02,WEEKEND,Saturday,weekend,weekend_policy,,,CONFIRMED
2002-02-03,WEEKEND,Sunday,weekend,weekend_policy,,,CONFIRMED
2002-02-09,WEEKEND,Saturday,weekend,weekend_policy,,,CONFIRMED
2002-02-10,WEEKEND,Sunday,weekend,weekend_policy,,,CONFIRMED
2002-02-16,WEEKEND,Saturday,weekend,weekend_policy,,,CONFIRMED
2002-02-17,WEEKEND,Sunday,weekend,weekend_policy,,,CONFIRMED
2002-02-23,WEEKEND,Saturday,weekend,weekend_policy,,,CONFIRMED
2002-02-24,WEEKEND,Sunday,weekend,weekend_policy,,,CONFIRMED
2002-03-02,WEEKEND,Saturday,weekend,weekend_policy,,,CONFIRMED
2002-03-03,WEEKEND,Sunday,weekend,weekend_policy,,,CONFIRMED
2002-03-09,WEEKEND,Saturday,weekend,weekend_policy,,,CONFIRMED
2002-03-10,WEEKEND,Sunday,weekend,weekend_policy,,,CONFIRMED
2002-03-16,WEEKEND,Saturday,weekend,weekend_policy,,,CONFIRMED
2002-03-17,WEEKEND,Sunday,weekend,weekend_policy,,,CONFIRMED
2002-03-23,WEEKEND,Saturday,weekend,weekend_policy,,,CONFIRMED
2002-03-24,WEEKEND,Sunday,weekend,weekend_policy,,,CONFIRMED
2002-03-29,CLOSED,Good Friday,ca_good_friday,module:ca_good_friday,,,CONFIRMED
2002-03-30,WEEKEND,Saturday,weekend,weekend_policy,,,CONFIRMED
2002-03-31,WEEKEND,Sunday,weekend,weekend_policy,,,CONFIRMED
2002-04-06,WEEKEND,Saturday,weekend,weekend_policy,,,CONFIRMED
2002-04-07,WEEKEND,Sunday,weekend,weekend_policy,,,CONFIRMED
2002-04-13,WEEKEND,Saturday,weekend,weekend_policy,,,CONFIRMED
2002-04-14,WEEKEND,Sunday,weekend,weekend_policy,,,CONFIRMED
2002-04-20,WEEKEND,Saturday,weekend,weekend_policy,,,CONFIRMED
2002-04-21,WEEKEND,Sunday,weekend,weekend_policy,,,CONFIRMED
2002-04-27,WEEKEND,Saturday,weekend,weekend_policy,,,CONFIRMED
2002-04-28,WEEKEND,Sunday,weekend,weekend_policy,,,CONFIRMED
2002-05-04,WEEKEND,Saturday,weekend,weekend_policy,,,CONFIRMED
2002-05-05,WEEKEND,Sunday,weekend,weekend_policy,,,CONFIRMED
2002-05-11,WEEKEND,Saturday,weekend,weekend_policy,,,CONFIRMED
2002-05-12,WEEKEND,Sunday,weekend,weekend_policy,,,CONFIRMED
2002-05-18,WEEKEND,Saturday,weekend,weekend_policy,,,CONFIRMED
2002-05-19,WEEKEND,Sunday,weekend,weekend_policy,,,CONFIRMED
2002-05-20,CLOSED,Victoria Day,ca_victoria_day,module:ca_victoria_day,,,CONFIRMED
2002-05-25,WEEKEND,Saturday,weekend,weekend_policy,,,CONFIRMED
2002-05-26,WEEKEND,Sunday,weekend,weekend_policy,,,CONFIRMED
2002-06-01,WEEKEND,Saturday,weekend,weekend_policy,,,CONFIRMED
2002-06-02,WEEKEND,Sunday,weekend,weekend_policy,,,CONFIRMED
2002-06-08,WEEKEND,Saturday,weekend,weekend_policy,,,CONFIRMED
2002-06-09,WEEKEND,Sunday,weekend,weekend_policy,,,CONFIRMED
2002-06-15,WEEKEND,Saturday,weekend,weekend_policy,,,CONFIRMED
2002-06-16,WEEKEND,Sunday,weekend,weekend_policy,,,CONFIRMED
2002-06-22,WEEKEND,Saturday,weekend,weekend_policy,,,CONFIRMED
2002-06-23,WEEKEND,Sunday,weekend,weekend_policy,,,CONFIRMED
2002-06-29,WEEKEND,Saturday,weekend,weekend_policy,,,CONFIRMED
2002-06-30,WEEKEND,Sunday,weekend,weekend_policy,,,CONFIRMED
2002-07-01,CLOSED,Canada Day,ca_canada_day,module:ca_canada_day,,,CONFIRMED
2002-07-06,WEEKEND,Saturday,weekend,weekend_policy,,,CONFIRMED
2002-07-07,WEEKEND,Sunday,weekend,weekend_policy,,,CONFIRMED
2002-07-13,WEEKEND,Saturday,weekend,weekend_policy,,,CONFIRMED
2002-07-14,WEEKEND,Sunday,weekend,weekend_policy,,,CONFIRMED
2002-07-20,WEEKEND,Saturday,weekend,weekend_policy,,,CONFIRMED
2002-07-21,WEEKEND,Sunday,weekend,weekend_policy,,,CONFIRMED
2002-07-27,WEEKEND,Saturday,weekend,weekend_policy,,,CONFIRMED
2002-07-28,WEEKEND,Sunday,weekend,weekend_policy,,,CONFIRMED
2002-08-03,WEEKEND,Saturday,weekend,weekend_policy,,,CONFIRMED
2002-08-04,WEEKEND,Sunday,weekend,weekend_policy,,,CONFIRMED
2002-08-05,CLOSED,Civic Holiday,ca_civic_holiday,module:ca_civic_holiday,,,CONFIRMED
2002-08-10,WEEKEND,Saturday,weekend,weekend_policy,,,CONFIRMED
2002-08-11,WEEKEND,Sunday,weekend,weekend_policy,,,CONFIRMED
2002-08-17,WEEKEND,Saturday,weekend,weekend_policy,,,CONFIRMED
2002-08-18,WEEKEND,Sunday,weekend,weekend_policy,,,CONFIRMED
2002-08-24,WEEKEND,Saturday,weekend,weekend_policy,,,CONFIRMED
2002-08-25,WEEKEND,Sunday,weekend,weekend_policy,,,CONFIRMED
2002-08-31,WEEKEND,Saturday,weekend,weekend_policy,,,CONFIRMED
2002-09-01,WEEKEND,Sunday,weekend,weekend_policy,,,CONFIRMED
2002-09-02,CLOSED,Labour Day,ca_labour_day,module:ca_labour_day,,,CONFIRMED
2002-09-07,WEEKEND,Saturday,weekend,weekend_policy,,,CONFIRMED
2002-09-08,WEEKEND,Sunday,weekend,weekend_policy,,,CONFIRMED
2002-09-14,WEEKEND,Saturday,weekend,weekend_policy,,,CONFIRMED
2002-09-15,WEEKEND,Sunday,weekend,weekend_policy,,,CONFIRMED
2002-09-21,WEEKEND,Saturday,weekend,weekend_policy,,,CONFIRMED
2002-09-22,WEEKEND,Sunday,weekend,weekend_policy,,,CONFIRMED
2002-09-28,WEEKEND,Saturday,weekend,weekend_policy,,,CONFIRMED
2002-09-29,WEEKEND,Sunday,weekend,weekend_policy,,,CONFIRMED
2002-10-05,WEEKEND,Saturday,weekend,weekend_policy,,,CONFIRMED
2002-10-06,WEEKEND,Sunday,weekend,weekend_policy,,,CONFIRMED
2002-10-12,WEEKEND,Saturday,weekend,weekend_policy,,,CONFIRMED
2002-10-13,WEEKEND,Sunday,weekend,weekend_policy,,,CONFIRMED
2002-10-14,CLOSED,Thanksgiving Day,ca_thanksgiving,module:ca_thanksgiving,,,CONFIRMED
2002-10-19,WEEKEND,Saturday,weekend,weekend_policy,,,CONFIRMED
2002-10-20,WEEKEND,Sunday,weekend,weekend_policy,,,CONFIRMED
2002-10-26,WEEKEND,Saturday,weekend,weekend_policy,,,CONFIRMED
2002-10-27,WEEKEND,Sunday,weekend,weekend_policy,,,CONFIRMED
2002-11-02,WEEKEND,Saturday,weekend,weekend_policy,,,CONFIRMED
2002-11-03,WEEKEND,Sunday,weekend,weekend_policy,,,CONFIRMED
2002-11-09,WEEKEND,Saturday,weekend,weekend_policy,,,CONFIRMED
2002-11-10,WEEKEND,Sunday,weekend,weekend_policy,,,CONFIRMED
2002-11-16,WEEKEND,Saturday,weekend,weekend_policy,,,CONFIRMED
2002-11-17,WEEKEND,Sunday,weekend,weekend_policy,,,CONFIRMED
2002-11-23,WEEKEND,Saturday,weekend,weekend_policy,,,CONFIRMED
2002-11-24,WEEKEND,Sunday,weekend,weekend_policy,,,CONFIRMED
2002-11-30,WEEKEND,Saturday,weekend,weekend_policy,,,CONFIRMED
2002-12-01,WEEKEND,Sunday,weekend,weekend_policy,,,CONFIRMED
2002-12-07,WEEKEND,Saturday,weekend,weekend_policy,,,CONFIRMED
2002-12-08,WEEKEND,Sunday,weekend,weekend_policy,,,CONFIRMED
2002-12-14,WEEKEND,Saturday,weekend,weekend_policy,,,CONFIRMED
2002-12-15,WEEKEND,Sunday,weekend,weekend_policy,,,CONFIRMED
2002-12-21,WEEKEND,Saturday,weekend,weekend_policy,,,CONFIRMED
2002-12-22,WEEKEND,Sunday,weekend,weekend_policy,,,CONFIRMED
2002-12-25,CLOSED,Christmas Day,ca_christmas,module:ca_christmas,,,CONFIRMED
2002-12-26,CLOSED,Boxing Day,ca_boxing_day,module:ca_boxing_day,,,CONFIRMED
2002-12-28,WEEKEND,Saturday,weekend,weekend_policy,,,CONFIRMED
2002-12-29,WEEKEND,Sunday,weekend,weekend_policy,,,CONFIRMED
2003-01-01,CLOSED,New Year's Day,ca_new_years_day,module:ca_new_years_day,,,CONFIRMED
2003-01-04,WEEKEND,Saturday,weekend,weekend_policy,,,CONFIRMED
2003-01-05,WEEKEND,Sunday,weekend,weekend_policy,,,CONFIRMED
2003-01-11,WEEKEND,Saturday,weekend,weekend_policy,,,CONFIRMED
2003-01-12,WEEKEND,Sunday,weekend,weekend_policy,,,CONFIRMED
2003-01-18,WEEKEND,Saturday,weekend,weekend_policy,,,CONFIRMED
2003-01-19,WEEKEND,Sunday,weekend,weekend_policy,,,CONFIRMED
2003-01-25,WEEKEND,Saturday,weekend,weekend_policy,,,CONFIRMED
2003-01-26,WEEKEND,Sunday,weekend,weekend_policy,,,CONFIRMED
2003-02-01,WEEKEND,Saturday,weekend,weekend_policy,,,CONFIRMED
2003-02-02,WEEKEND,Sunday,weekend,weekend_policy,,,CONFIRMED
2003-02-08,WEEKEND,Saturday,weekend,weekend_policy,,,CONFIRMED
2003-02-09,WEEKEND,Sunday,weekend,weekend_policy,,,CONFIRMED
2003-02-15,WEEKEND,Saturday,weekend,weekend_policy,,,CONFIRMED
2003-02-16,WEEKEND,Sunday,weekend,weekend_policy,,,CONFIRMED
2003-02-22,WEEKEND,Saturday,weekend,weekend_policy,,,CONFIRMED
2003-02-23,WEEKEND,Sunday,weekend,weekend_policy,,,CONFIRMED
2003-03-01,WEEKEND,Saturday,weekend,weekend_policy,,,CONFIRMED
2003-03-02,WEEKEND,Sunday,weekend,weekend_policy,,,CONFIRMED
2003-03-08,WEEKEND,Saturday,weekend,weekend_policy,,,CONFIRMED
2003-03-09,WEEKEND,Sunday,weekend,weekend_policy,,,CONFIRMED
2003-03-15,WEEKEND,Saturday,weekend,weekend_policy,,,CONFIRMED
2003-03-16,WEEKEND,Sunday,weekend,weekend_policy,,,CONFIRMED
2003-03-22,WEEKEND,Saturday,weekend,weekend_policy,,,CONFIRMED
2003-03-23,WEEKEND,Sunday,weekend,weekend_policy,,,CONFIRMED
2003-03-29,WEEKEND,Saturday,weekend,weekend_policy,,,CONFIRMED
2003-03-30,WEEKEND,Sunday,weekend,weekend_policy,,,CONFIRMED
2003-04-05,WEEKEND,Saturday,weekend,weekend_policy,,,CONFIRMED
2003-04-06,WEEKEND,Sunday,weekend,weekend_policy,,,CONFIRMED
2003-04-12,WEEKEND,Saturday,weekend,weekend_policy,,,CONFIRMED
2003-04-13,WEEKEND,Sunday,weekend,weekend_policy,,,CONFIRMED
2003-04-18,CLOSED,Good Friday,ca_good_friday,module:ca_good_friday,,,CONFIRMED
2003-04-19,WEEKEND,Saturday,weekend,weekend_policy,,,CONFIRMED
2003-04-20,WEEKEND,Sunday,weekend,weekend_policy,,,CONFIRMED
2003-04-26,WEEKEND,Saturday,weekend,weekend_policy,,,CONFIRMED
2003-04-27,WEEKEND,Sunday,weekend,weekend_policy,,,CONFIRMED
2003-05-03,WEEKEND,Saturday,weekend,weekend_policy,,,CONFIRMED
2003-05-04,WEEKEND,Sunday,weekend,weekend_policy,,,CONFIRMED
2003-05-10,WEEKEND,Saturday,weekend,weekend_policy,,,CONFIRMED
2003-05-11,WEEKEND,Sunday,weekend,weekend_policy,,,CONFIRMED
2003-05-17,WEEKEND,Saturday,weekend,weekend_policy,,,CONFIRMED
2003-05-18,WEEKEND,Sunday,weekend,weekend_policy,,,CONFIRMED
2003-05-19,CLOSED,Victoria Day,ca_victoria_day,module:ca_victoria_day,,,CONFIRMED
2003-05-24,WEEKEND,Saturday,weekend,weekend_policy,,,CONFIRMED
2003-05-25,WEEKEND,Sunday,weekend,weekend_policy,,,CONFIRMED
2003-05-31,WEEKEND,Saturday,weekend,weekend_policy,,,CONFIRMED
2003-06-01,WEEKEND,Sunday,weekend,weekend_policy,,,CONFIRMED
2003-06-07,WEEKEND,Saturday,weekend,weekend_policy,,,CONFIRMED
2003-06-08,WEEKEND,Sunday,weekend,weekend_policy,,,CONFIRMED
2003-06-14,WEEKEND,Saturday,weekend,weekend_policy,,,CONFIRMED
2003-06-15,WEEKEND,Sunday,weekend,weekend_policy,,,CONFIRMED
2003-06-21,WEEKEND,Saturday,weekend,weekend_policy,,,CONFIRMED
2003-06-22,WEEKEND,Sunday,weekend,weekend_policy,,,CONFIRMED
2003-06-28,WEEKEND,Saturday,weekend,weekend_policy,,,CONFIRMED
2003-06-29,WEEKEND,Sunday,weekend,weekend_policy,,,CONFIRMED
2003-07-01,CLOSED,Canada Day,ca_canada_day,module:ca_canada_day,,,CONFIRMED
2003-07-05,WEEKEND,Saturday,weekend,weekend_policy,,,CONFIRMED
2003-07-06,WEEKEND,Sunday,weekend,weekend_policy,,,CONFIRMED
2003-07-12,WEEKEND,Saturday,weekend,weekend_policy,,,CONFIRMED
2003-07-13,WEEKEND,Sunday,weekend,weekend_policy,,,CONFIRMED
2003-07-19,WEEKEND,Saturday,weekend,weekend_policy,,,CONFIRMED
2003-07-20,WEEKEND,Sunday,weekend,weekend_policy,,,CONFIRMED
2003-07-26,WEEKEND,Saturday,weekend,weekend_policy,,,CONFIRMED
2003-07-27,WEEKEND,Sunday,weekend,weekend_policy,,,CONFIRMED
2003-08-02,WEEKEND,Saturday,weekend,weekend_policy,,,CONFIRMED
2003-08-03,WEEKEND,Sunday,weekend,weekend_policy,,,CONFIRMED
2003-08-04,CLOSED,Civic Holiday,ca_civic_holiday,module:ca_civic_holiday,,,CONFIRMED
2003-08-09,WEEKEND,Saturday,weekend,weekend_policy,,,CONFIRMED
2003-08-10,WEEKEND,Sunday,weekend,weekend_policy,,,CONFIRMED
2003-08-16,WEEKEND,Saturday,weekend,weekend_policy,,,CONFIRMED
2003-08-17,WEEKEND,Sunday,weekend,weekend_policy,,,CONFIRMED
2003-08-23,WEEKEND,Saturday,weekend,weekend_policy,,,CONFIRMED
2003-08-24,WEEKEND,Sunday,weekend,weekend_policy,,,CONFIRMED
2003-08-30,WEEKEND,Saturday,weekend,weekend_policy,,,CONFIRMED
2003-08-31,WEEKEND,Sunday,weekend,weekend_policy,,,CONFIRMED
2003-09-01,CLOSED,Labour Day,ca_labour_day,module:ca_labour_day,,,CONFIRMED
2003-09-06,WEEKEND,Saturday,weekend,weekend_policy,,,CONFIRMED
2003-09-07,WEEKEND,Sunday,weekend,weekend_policy,,,CONFIRMED
2003-09-13,WEEKEND,Saturday,weekend,weekend_policy,,,CONFIRMED
2003-09-14,WEEKEND,Sunday,weekend,weekend_policy,,,CONFIRMED
2003-09-20,WEEKEND,Saturday,weekend,weekend_policy,,,CONFIRMED
2003-09-21,WEEKEND,Sunday,weekend,weekend_policy,,,CONFIRMED
2003-09-27,WEEKEND,Saturday,weekend,weekend_policy,,,CONFIRMED
2003-09-28,WEEKEND,Sunday,weekend,weekend_policy,,,CONFIRMED
2003-10-04,WEEKEND,Saturday,weekend,weekend_policy,,,CONFIRMED
2003-10-05,WEEKEND,Sunday,weekend,weekend_policy,,,CONFIRMED
2003-10-11,WEEKEND,Saturday,weekend,weekend_policy,,,CONFIRMED
2003-10-12,WEEKEND,Sunday,weekend,weekend_policy,,,CONFIRMED
2003-10-13,CLOSED,Thanksgiving Day,ca_thanksgiving,module:ca_thanksgiving,,,CONFIRMED
2003-10-18,WEEKEND,Saturday,weekend,weekend_policy,,,CONFIRMED
2003-10-19,WEEKEND,Sunday,weekend,weekend_policy,,,CONFIRMED
2003-10-25,WEEKEND,Saturday,weekend,weekend_policy,,,CONFIRMED
2003-10-26,WEEKEND,Sunday,weekend,weekend_policy,,,CONFIRMED
2003-11-01,WEEKEND,Saturday,weekend,weekend_policy,,,CONFIRMED
2003-11-02,WEEKEND,Sunday,weekend,weekend_policy,,,CONFIRMED
2003-11-08,WEEKEND,Saturday,weekend,weekend_policy,,,CONFIRMED
2003-11-09,WEEKEND,Sunday,weekend,weekend_policy,,,CONFIRMED
2003-11-15,WEEKEND,Saturday,weekend,weekend_policy,,,CONFIRMED
2003-11-16,WEEKEND,Sunday,weekend,weekend_policy,,,CONFIRMED
2003-11-22,WEEKEND,Saturday,weekend,weekend_policy,,,CONFIRMED
2003-11-23,WEEKEND,Sunday,weekend,weekend_policy,,,CONFIRMED
2003-11-29,WEEKEND,Saturday,weekend,weekend_policy,,,CONFIRMED
2003-11-30,WEEKEND,Sunday,weekend,weekend_policy,,,CONFIRMED
2003-12-06,WEEKEND,Saturday,weekend,weekend_policy,,,CONFIRMED
2003-12-07,WEEKEND,Sunday,weekend,weekend_policy,,,CONFIRMED
2003-12-13,WEEKEND,Saturday,weekend,weekend_policy,,,CONFIRMED
2003-12-14,WEEKEND,Sunday,weekend,weekend_policy,,,CONFIRMED
2003-12-20,WEEKEND,Saturday,weekend,weekend_policy,,,CONFIRMED
2003-12-21,WEEKEND,Sunday,weekend,weekend_policy,,,CONFIRMED
2003-12-25,CLOSED,Christmas Day,ca_christmas,module:ca_christmas,,,CONFIRMED
2003-12-26,CLOSED,Boxing Day,ca_boxing_day,module:ca_boxing_day,,,CONFIRMED
2003-12-27,WEEKEND,Saturday,weekend,weekend_policy,,,CONFIRMED
2003-12-28,WEEKEND,Sunday,weekend,weekend_policy,,,CONFIRMED
2004-01-01,CLOSED,New Year's Day,ca_new_years_day,module:ca_new_years_day,,,CONFIRMED
2004-01-03,WEEKEND,Saturday,weekend,weekend_policy,,,CONFIRMED
2004-01-04,WEEKEND,Sunday,weekend,weekend_policy,,,CONFIRMED
2004-01-10,WEEKEND,Saturday,weekend,weekend_policy,,,CONFIRMED
2004-01-11,WEEKEND,Sunday,weekend,weekend_policy,,,CONFIRMED
2004-01-17,WEEKEND,Saturday,weekend,weekend_policy,,,CONFIRMED
2004-01-18,WEEKEND,Sunday,weekend,weekend_policy,,,CONFIRMED
2004-01-24,WEEKEND,Saturday,weekend,weekend_policy,,,CONFIRMED
2004-01-25,WEEKEND,Sunday,weekend,weekend_policy,,,CONFIRMED
2004-01-31,WEEKEND,Saturday,weekend,weekend_policy,,,CONFIRMED
2004-02-01,WEEKEND,Sunday,weekend,weekend_policy,,,CONFIRMED
2004-02-07,WEEKEND,Saturday,weekend,weekend_policy,,,CONFIRMED
2004-02-08,WEEKEND,Sunday,weekend,weekend_policy,,,CONFIRMED
2004-02-14,WEEKEND,Saturday,weekend,weekend_policy,,,CONFIRMED
2004-02-15,WEEKEND,Sunday,weekend,weekend_policy,,,CONFIRMED
2004-02-21,WEEKEND,Saturday,weekend,weekend_policy,,,CONFIRMED
2004-02-22,WEEKEND,Sunday,weekend,weekend_policy,,,CONFIRMED
2004-02-28,WEEKEND,Saturday,weekend,weekend_policy,,,CONFIRMED
2004-02-29,WEEKEND,Sunday,weekend,weekend_policy,,,CONFIRMED
2004-03-06,WEEKEND,Saturday,weekend,weekend_policy,,,CONFIRMED
2004-03-07,WEEKEND,Sunday,weekend,weekend_policy,,,CONFIRMED
2004-03-13,WEEKEND,Saturday,weekend,weekend_policy,,,CONFIRMED
2004-03-14,WEEKEND,Sunday,weekend,weekend_policy,,,CONFIRMED
2004-03-20,WEEKEND,Saturday,weekend,weekend_policy,,,CONFIRMED
2004-03-21,WEEKEND,Sunday,weekend,weekend_policy,,,CONFIRMED
2004-03-27,WEEKEND,Saturday,weekend,weekend_policy,,,CONFIRMED
2004-03-28,WEEKEND,Sunday,weekend,weekend_policy,,,CONFIRMED
2004-04-03,WEEKEND,Saturday,weekend,weekend_policy,,,CONFIRMED
2004-04-04,WEEKEND,Sunday,weekend,weekend_policy,,,CONFIRMED
2004-04-09,CLOSED,Good Friday,ca_good_friday,module:ca_good_friday,,,CONFIRMED
2004-04-10,WEEKEND,Saturday,weekend,weekend_policy,,,CONFIRMED
2004-04-11,WEEKEND,Sunday,weekend,weekend_policy,,,CONFIRMED
2004-04-17,WEEKEND,Saturday,weekend,weekend_policy,,,CONFIRMED
2004-04-18,WEEKEND,Sunday,weekend,weekend_policy,,,CONFIRMED
2004-04-24,WEEKEND,Saturday,weekend,weekend_policy,,,CONFIRMED
2004-04-25,WEEKEND,Sunday,weekend,weekend_policy,,,CONFIRMED
2004-05-01,WEEKEND,Saturday,weekend,weekend_policy,,,CONFIRMED
2004-05-02,WEEKEND,Sunday,weekend,weekend_policy,,,CONFIRMED
2004-05-08,WEEKEND,Saturday,weekend,weekend_policy,,,CONFIRMED
2004-05-09,WEEKEND,Sunday,weekend,weekend_policy,,,CONFIRMED
2004-05-15,WEEKEND,Saturday,weekend,weekend_policy,,,CONFIRMED
2004-05-16,WEEKEND,Sunday,weekend,weekend_policy,,,CONFIRMED
2004-05-22,WEEKEND,Saturday,weekend,weekend_policy,,,CONFIRMED
2004-05-23,WEEKEND,Sunday,weekend,weekend_policy,,,CONFIRMED
2004-05-24,CLOSED,Victoria Day,ca_victoria_day,module:ca_victoria_day,,,CONFIRMED
2004-05-29,WEEKEND,Saturday,weekend,weekend_policy,,,CONFIRMED
2004-05-30,WEEKEND,Sunday,weekend,weekend_policy,,,CONFIRMED
2004-06-05,WEEKEND,Saturday,weekend,weekend_policy,,,CONFIRMED
2004-06-06,WEEKEND,Sunday,weekend,weekend_policy,,,CONFIRMED
2004-06-12,WEEKEND,Saturday,weekend,weekend_policy,,,CONFIRMED
2004-06-13,WEEKEND,Sunday,weekend,weekend_policy,,,CONFIRMED
2004-06-19,WEEKEND,Saturday,weekend,weekend_policy,,,CONFIRMED
2004-06-20,WEEKEND,Sunday,weekend,weekend_policy,,,CONFIRMED
2004-06-26,WEEKEND,Saturday,weekend,weekend_policy,,,CONFIRMED
2004-06-27,WEEKEND,Sunday,weekend,weekend_policy,,,CONFIRMED
2004-07-01,CLOSED,Canada Day,ca_canada_day,module:ca_canada_day,,,CONFIRMED
2004-07-03,WEEKEND,Saturday,weekend,weekend_policy,,,CONFIRMED
2004-07-04,WEEKEND,Sunday,weekend,weekend_policy,,,CONFIRMED
2004-07-10,WEEKEND,Saturday,weekend,weekend_policy,,,CONFIRMED
2004-07-11,WEEKEND,Sunday,weekend,weekend_policy,,,CONFIRMED
2004-07-17,WEEKEND,Saturday,weekend,weekend_policy,,,CONFIRMED
2004-07-18,WEEKEND,Sunday,weekend,weekend_policy,,,CONFIRMED
2004-07-24,WEEKEND,Saturday,weekend,weekend_policy,,,CONFIRMED
2004-07-25,WEEKEND,Sunday,weekend,weekend_policy,,,CONFIRMED
2004-07-31,WEEKEND,Saturday,weekend,weekend_policy,,,CONFIRMED
2004-08-01,WEEKEND,Sunday,weekend,weekend_policy,,,CONFIRMED
2004-08-02,CLOSED,Civic Holiday,ca_civic_holiday,module:ca_civic_holiday,,,CONFIRMED
2004-08-07,WEEKEND,Saturday,weekend,weekend_policy,,,CONFIRMED
2004-08-08,WEEKEND,Sunday,weekend,weekend_policy,,,CONFIRMED
2004-08-14,WEEKEND,Saturday,weekend,weekend_policy,,,CONFIRMED
2004-08-15,WEEKEND,Sunday,weekend,weekend_policy,,,CONFIRMED
2004-08-21,WEEKEND,Saturday,weekend,weekend_policy,,,CONFIRMED
2004-08-22,WEEKEND,Sunday,weekend,weekend_policy,,,CONFIRMED
2004-08-28,WEEKEND,Saturday,weekend,weekend_policy,,,CONFIRMED
2004-08-29,WEEKEND,Sunday,weekend,weekend_policy,,,CONFIRMED
2004-09-04,WEEKEND,Saturday,weekend,weekend_policy,,,CONFIRMED
2004-09-05,WEEKEND,Sunday,weekend,weekend_policy,,,CONFIRMED
2004-09-06,CLOSED,Labour Day,ca_labour_day,module:ca_labour_day,,,CONFIRMED
2004-09-11,WEEKEND,Saturday,weekend,weekend_policy,,,CONFIRMED
2004-09-12,WEEKEND,Sunday,weekend,weekend_policy,,,CONFIRMED
2004-09-18,WEEKEND,Saturday,weekend,weekend_policy,,,CONFIRMED
2004-09-19,WEEKEND,Sunday,weekend,weekend_policy,,,CONFIRMED
2004-09-25,WEEKEND,Saturday,weekend,weekend_policy,,,CONFIRMED
2004-09-26,WEEKEND,Sunday,weekend,weekend_policy,,,CONFIRMED
2004-10-02,WEEKEND,Saturday,weekend,weekend_policy,,,CONFIRMED
2004-10-03,WEEKEND,Sunday,weekend,weekend_policy,,,CONFIRMED
2004-10-09,WEEKEND,Saturday,weekend,weekend_policy,,,CONFIRMED
2004-10-10,WEEKEND,Sunday,weekend,weekend_policy,,,CONFIRMED
2004-10-11,CLOSED,Thanksgiving Day,ca_thanksgiving,module:ca_thanksgiving,,,CONFIRMED
2004-10-16,WEEKEND,Saturday,weekend,weekend_policy,,,CONFIRMED
2004-10-17,WEEKEND,Sunday,weekend,weekend_policy,,,CONFIRMED
2004-10-23,WEEKEND,Saturday,weekend,weekend_policy,,,CONFIRMED
2004-10-24,WEEKEND,Sunday,weekend,weekend_policy,,,CONFIRMED
2004-10-30,WEEKEND,Saturday,weekend,weekend_policy,,,CONFIRMED
2004-10-31,WEEKEND,Sunday,weekend,weekend_policy,,,CONFIRMED
2004-11-06,WEEKEND,Saturday,weekend,weekend_policy,,,CONFIRMED
2004-11-07,WEEKEND,Sunday,weekend,weekend_policy,,,CONFIRMED
2004-11-13,WEEKEND,Saturday,weekend,weekend_policy,,,CONFIRMED
2004-11-14,WEEKEND,Sunday,weekend,weekend_policy,,,CONFIRMED
2004-11-20,WEEKEND,Saturday,weekend,weekend_policy,,,CONFIRMED
2004-11-21,WEEKEND,Sunday,weekend,weekend_policy,,,CONFIRMED
2004-11-27,WEEKEND,Saturday,weekend,weekend_policy,,,CONFIRMED
2004-11-28,WEEKEND,Sunday,weekend,weekend_policy,,,CONFIRMED
2004-12-04,WEEKEND,Saturday,weekend,weekend_policy,,,CONFIRMED
2004-12-05,WEEKEND,Sunday,weekend,weekend_policy,,,CONFIRMED
2004-12-11,WEEKEND,Saturday,weekend,weekend_policy,,,CONFIRMED
2004-12-12,WEEKEND,Sunday,weekend,weekend_policy,,,CONFIRMED
2004-12-18,WEEKEND,Saturday,weekend,weekend_policy,,,CONFIRMED
2004-12-19,WEEKEND,Sunday,weekend,weekend_policy,,,CONFIRMED
2004-12-25,WEEKEND,Saturday,weekend,weekend_policy,,,CONFIRMED
2004-12-26,WEEKEND,Sunday,weekend,weekend_policy,,,CONFIRMED
2004-12-27,CLOSED,Christmas Day,ca_christmas,module:ca_christmas,2004-12-25,,CONFIRMED
2004-12-28,CLOSED,Boxing Day,ca_boxing_day,module:ca_boxing_day,2004-12-26,,CONFIRMED
2005-01-01,WEEKEND,Saturday,weekend,weekend_policy,,,CONFIRMED
2005-01-02,WEEKEND,Sunday,weekend,weekend_policy,,,CONFIRMED
2005-01-03,CLOSED,New Year's Day,ca_new_years_day,module:ca_new_years_day,2005-01-01,,CONFIRMED
2005-01-08,WEEKEND,Saturday,weekend,weekend_policy,,,CONFIRMED
2005-01-09,WEEKEND,Sunday,weekend,weekend_policy,,,CONFIRMED
2005-01-15,WEEKEND,Saturday,weekend,weekend_policy,,,CONFIRMED
2005-01-16,WEEKEND,Sunday,weekend,weekend_policy,,,CONFIRMED
2005-01-22,WEEKEND,Saturday,weekend,weekend_policy,,,CONFIRMED
2005-01-23,WEEKEND,Sunday,weekend,weekend_policy,,,CONFIRMED
2005-01-29,WEEKEND,Saturday,weekend,weekend_policy,,,CONFIRMED
2005-01-30,WEEKEND,Sunday,weekend,weekend_policy,,,CONFIRMED
2005-02-05,WEEKEND,Saturday,weekend,weekend_policy,,,CONFIRMED
2005-02-06,WEEKEND,Sunday,weekend,weekend_policy,,,CONFIRMED
2005-02-12,WEEKEND,Saturday,weekend,weekend_policy,,,CONFIRMED
2005-02-13,WEEKEND,Sunday,weekend,weekend_policy,,,CONFIRMED
2005-02-19,WEEKEND,Saturday,weekend,weekend_policy,,,CONFIRMED
2005-02-20,WEEKEND,Sunday,weekend,weekend_policy,,,CONFIRMED
2005-02-26,WEEKEND,Saturday,weekend,weekend_policy,,,CONFIRMED
2005-02-27,WEEKEND,Sunday,weekend,weekend_policy,,,CONFIRMED
2005-03-05,WEEKEND,Saturday,weekend,weekend_policy,,,CONFIRMED
2005-03-06,WEEKEND,Sunday,weekend,weekend_policy,,,CONFIRMED
2005-03-12,WEEKEND,Saturday,weekend,weekend_policy,,,CONFIRMED
2005-03-13,WEEKEND,Sunday,weekend,weekend_policy,,,CONFIRMED
2005-03-19,WEEKEND,Saturday,weekend,weekend_policy,,,CONFIRMED
2005-03-20,WEEKEND,Sunday,weekend,weekend_policy,,,CONFIRMED
2005-03-25,CLOSED,Good Friday,ca_good_friday,module:ca_good_friday,,,CONFIRMED
2005-03-26,WEEKEND,Saturday,weekend,weekend_policy,,,CONFIRMED
2005-03-27,WEEKEND,Sunday,weekend,weekend_policy,,,CONFIRMED
2005-04-02,WEEKEND,Saturday,weekend,weekend_policy,,,CONFIRMED
2005-04-03,WEEKEND,Sunday,weekend,weekend_policy,,,CONFIRMED
2005-04-09,WEEKEND,Saturday,weekend,weekend_policy,,,CONFIRMED
2005-04-10,WEEKEND,Sunday,weekend,weekend_policy,,,CONFIRMED
2005-04-16,WEEKEND,Saturday,weekend,weekend_policy,,,CONFIRMED
2005-04-17,WEEKEND,Sunday,weekend,weekend_policy,,,CONFIRMED
2005-04-23,WEEKEND,Saturday,weekend,weekend_policy,,,CONFIRMED
2005-04-24,WEEKEND,Sunday,weekend,weekend_policy,,,CONFIRMED
2005-04-30,WEEKEND,Saturday,weekend,weekend_policy,,,CONFIRMED
2005-05-01,WEEKEND,Sunday,weekend,weekend_policy,,,CONFIRMED
2005-05-07,WEEKEND,Saturday,weekend,weekend_policy,,,CONFIRMED
2005-05-08,WEEKEND,Sunday,weekend,weekend_policy,,,CONFIRMED
2005-05-14,WEEKEND,Saturday,weekend,weekend_policy,,,CONFIRMED
2005-05-15,WEEKEND,Sunday,weekend,weekend_policy,,,CONFIRMED
2005-05-21,WEEKEND,Saturday,weekend,weekend_policy,,,CONFIRMED
2005-05-22,WEEKEND,Sunday,weekend,weekend_policy,,,CONFIRMED
2005-05-23,CLOSED,Victoria Day,ca_victoria_day,module:ca_victoria_day,,,CONFIRMED
2005-05-28,WEEKEND,Saturday,weekend,weekend_policy,,,CONFIRMED
2005-05-29,WEEKEND,Sunday,weekend,weekend_policy,,,CONFIRMED
2005-06-04,WEEKEND,Saturday,weekend,weekend_policy,,,CONFIRMED
2005-06-05,WEEKEND,Sunday,weekend,weekend_policy,,,CONFIRMED
2005-06-11,WEEKEND,Saturday,weekend,weekend_policy,,,CONFIRMED
2005-06-12,WEEKEND,Sunday,weekend,weekend_policy,,,CONFIRMED
2005-06-18,WEEKEND,Saturday,weekend,weekend_policy,,,CONFIRMED
2005-06-19,WEEKEND,Sunday,weekend,weekend_policy,,,CONFIRMED
2005-06-25,WEEKEND,Saturday,weekend,weekend_policy,,,CONFIRMED
2005-06-26,WEEKEND,Sunday,weekend,weekend_policy,,,CONFIRMED
2005-07-01,CLOSED,Canada Day,ca_canada_day,module:ca_canada_day,,,CONFIRMED
2005-07-02,WEEKEND,Saturday,weekend,weekend_policy,,,CONFIRMED
2005-07-03,WEEKEND,Sunday,weekend,weekend_policy,,,CONFIRMED
2005-07-09,WEEKEND,Saturday,weekend,weekend_policy,,,CONFIRMED
2005-07-10,WEEKEND,Sunday,weekend,weekend_policy,,,CONFIRMED
2005-07-16,WEEKEND,Saturday,weekend,weekend_policy,,,CONFIRMED
2005-07-17,WEEKEND,Sunday,weekend,weekend_policy,,,CONFIRMED
2005-07-23,WEEKEND,Saturday,weekend,weekend_policy,,,CONFIRMED
2005-07-24,WEEKEND,Sunday,weekend,weekend_policy,,,CONFIRMED
2005-07-30,WEEKEND,Saturday,weekend,weekend_policy,,,CONFIRMED
2005-07-31,WEEKEND,Sunday,weekend,weekend_policy,,,CONFIRMED
2005-08-01,CLOSED,Civic Holiday,ca_civic_holiday,module:ca_civic_holiday,,,CONFIRMED
2005-08-06,WEEKEND,Saturday,weekend,weekend_policy,,,CONFIRMED
2005-08-07,WEEKEND,Sunday,weekend,weekend_policy,,,CONFIRMED
2005-08-13,WEEKEND,Saturday,weekend,weekend_policy,,,CONFIRMED
2005-08-14,WEEKEND,Sunday,weekend,weekend_policy,,,CONFIRMED
2005-08-20,WEEKEND,Saturday,weekend,weekend_policy,,,CONFIRMED
2005-08-21,WEEKEND,Sunday,weekend,weekend_policy,,,CONFIRMED
2005-08-27,WEEKEND,Saturday,weekend,weekend_policy,,,CONFIRMED
2005-08-28,WEEKEND,Sunday,weekend,weekend_policy,,,CONFIRMED
2005-09-03,WEEKEND,Saturday,weekend,weekend_policy,,,CONFIRMED
2005-09-04,WEEKEND,Sunday,weekend,weekend_policy,,,CONFIRMED
2005-09-05,CLOSED,Labour Day,ca_labour_day,module:ca_labour_day,,,CONFIRMED
2005-09-10,WEEKEND,Saturday,weekend,weekend_policy,,,CONFIRMED
2005-09-11,WEEKEND,Sunday,weekend,weekend_policy,,,CONFIRMED
2005-09-17,WEEKEND,Saturday,weekend,weekend_policy,,,CONFIRMED
2005-09-18,WEEKEND,Sunday,weekend,weekend_policy,,,CONFIRMED
2005-09-24,WEEKEND,Saturday,weekend,weekend_policy,,,CONFIRMED
2005-09-25,WEEKEND,Sunday,weekend,weekend_policy,,,CONFIRMED
2005-10-01,WEEKEND,Saturday,weekend,weekend_policy,,,CONFIRMED
2005-10-02,WEEKEND,Sunday,weekend,weekend_policy,,,CONFIRMED
2005-10-08,WEEKEND,Saturday,weekend,weekend_policy,,,CONFIRMED
2005-10-09,WEEKEND,Sunday,weekend,weekend_policy,,,CONFIRMED
2005-10-10,CLOSED,Thanksgiving Day,ca_thanksgiving,module:ca_thanksgiving,,,CONFIRMED
2005-10-15,WEEKEND,Saturday,weekend,weekend_policy,,,CONFIRMED
2005-10-16,WEEKEND,Sunday,weekend,weekend_policy,,,CONFIRMED
2005-10-22,WEEKEND,Saturday,weekend,weekend_policy,,,CONFIRMED
2005-10-23,WEEKEND,Sunday,weekend,weekend_policy,,,CONFIRMED
2005-10-29,WEEKEND,Saturday,weekend,weekend_policy,,,CONFIRMED
2005-10-30,WEEKEND,Sunday,weekend,weekend_policy,,,CONFIRMED
2005-11-05,WEEKEND,Saturday,weekend,weekend_policy,,,CONFIRMED
2005-11-06,WEEKEND,Sunday,weekend,weekend_policy,,,CONFIRMED
2005-11-12,WEEKEND,Saturday,weekend,weekend_policy,,,CONFIRMED
2005-11-13,WEEKEND,Sunday,weekend,weekend_policy,,,CONFIRMED
2005-11-19,WEEKEND,Saturday,weekend,weekend_policy,,,CONFIRMED
2005-11-20,WEEKEND,Sunday,weekend,weekend_policy,,,CONFIRMED
2005-11-26,WEEKEND,Saturday,weekend,weekend_policy,,,CONFIRMED
2005-11-27,WEEKEND,Sunday,weekend,weekend_policy,,,CONFIRMED
2005-12-03,WEEKEND,Saturday,weekend,weekend_policy,,,CONFIRMED
2005-12-04,WEEKEND,Sunday,weekend,weekend_policy,,,CONFIRMED
2005-12-10,WEEKEND,Saturday,weekend,weekend_policy,,,CONFIRMED
2005-12-11,WEEKEND,Sunday,weekend,weekend_policy,,,CONFIRMED
2005-12-17,WEEKEND,Saturday,weekend,weekend_policy,,,CONFIRMED
2005-12-18,WEEKEND,Sunday,weekend,weekend_policy,,,CONFIRMED
2005-12-24,WEEKEND,Saturday,weekend,weekend_policy,,,CONFIRMED
2005-12-25,WEEKEND,Sunday,weekend,weekend_policy,,,CONFIRMED
2005-12-26,CLOSED,Christmas Day,ca_christmas,module:ca_christmas,2005-12-25,,CONFIRMED
2005-12-27,CLOSED,Boxing Day,ca_boxing_day,module:ca_boxing_day,2005-12-26,,CONFIRMED
2005-12-31,WEEKEND,Saturday,weekend,weekend_policy,,,CONFIRMED
2006-01-01,WEEKEND,Sunday,weekend,weekend_policy,,,CONFIRMED
2006-01-02,CLOSED,New Year's Day,ca_new_years_day,module:ca_new_years_day,2006-01-01,,CONFIRMED
2006-01-07,WEEKEND,Saturday,weekend,weekend_policy,,,CONFIRMED
2006-01-08,WEEKEND,Sunday,weekend,weekend_policy,,,CONFIRMED
2006-01-14,WEEKEND,Saturday,weekend,weekend_policy,,,CONFIRMED
2006-01-15,WEEKEND,Sunday,weekend,weekend_policy,,,CONFIRMED
2006-01-21,WEEKEND,Saturday,weekend,weekend_policy,,,CONFIRMED
2006-01-22,WEEKEND,Sunday,weekend,weekend_policy,,,CONFIRMED
2006-01-28,WEEKEND,Saturday,weekend,weekend_policy,,,CONFIRMED
2006-01-29,WEEKEND,Sunday,weekend,weekend_policy,,,CONFIRMED
2006-02-04,WEEKEND,Saturday,weekend,weekend_policy,,,CONFIRMED
2006-02-05,WEEKEND,Sunday,weekend,weekend_policy,,,CONFIRMED
2006-02-11,WEEKEND,Saturday,weekend,weekend_policy,,,CONFIRMED
2006-02-12,WEEKEND,Sunday,weekend,weekend_policy,,,CONFIRMED
2006-02-18,WEEKEND,Saturday,weekend,weekend_policy,,,CONFIRMED
2006-02-19,WEEKEND,Sunday,weekend,weekend_policy,,,CONFIRMED
2006-02-25,WEEKEND,Saturday,weekend,weekend_policy,,,CONFIRMED
2006-02-26,WEEKEND,Sunday,weekend,weekend_policy,,,CONFIRMED
2006-03-04,WEEKEND,Saturday,weekend,weekend_policy,,,CONFIRMED
2006-03-05,WEEKEND,Sunday,weekend,weekend_policy,,,CONFIRMED
2006-03-11,WEEKEND,Saturday,weekend,weekend_policy,,,CONFIRMED
2006-03-12,WEEKEND,Sunday,weekend,weekend_policy,,,CONFIRMED
2006-03-18,WEEKEND,Saturday,weekend,weekend_policy,,,CONFIRMED
2006-03-19,WEEKEND,Sunday,weekend,weekend_policy,,,CONFIRMED
2006-03-25,WEEKEND,Saturday,weekend,weekend_policy,,,CONFIRMED
2006-03-26,WEEKEND,Sunday,weekend,weekend_policy,,,CONFIRMED
2006-04-01,WEEKEND,Saturday,weekend,weekend_policy,,,CONFIRMED
2006-04-02,WEEKEND,Sunday,weekend,weekend_policy,,,CONFIRMED
2006-04-08,WEEKEND,Saturday,weekend,weekend_policy,,,CONFIRMED
2006-04-09,WEEKEND,Sunday,weekend,weekend_policy,,,CONFIRMED
2006-04-14,CLOSED,Good Friday,ca_good_friday,module:ca_good_friday,,,CONFIRMED
2006-04-15,WEEKEND,Saturday,weekend,weekend_policy,,,CONFIRMED
2006-04-16,WEEKEND,Sunday,weekend,weekend_policy,,,CONFIRMED
2006-04-22,WEEKEND,Saturday,weekend,weekend_policy,,,CONFIRMED
2006-04-23,WEEKEND,Sunday,weekend,weekend_policy,,,CONFIRMED
2006-04-29,WEEKEND,Saturday,weekend,weekend_policy,,,CONFIRMED
2006-04-30,WEEKEND,Sunday,weekend,weekend_policy,,,CONFIRMED
2006-05-06,WEEKEND,Saturday,weekend,weekend_policy,,,CONFIRMED
2006-05-07,WEEKEND,Sunday,weekend,weekend_policy,,,CONFIRMED
2006-05-13,WEEKEND,Saturday,weekend,weekend_policy,,,CONFIRMED
2006-05-14,WEEKEND,Sunday,weekend,weekend_policy,,,CONFIRMED
2006-05-20,WEEKEND,Saturday,weekend,weekend_policy,,,CONFIRMED
2006-05-21,WEEKEND,Sunday,weekend,weekend_policy,,,CONFIRMED
2006-05-22,CLOSED,Victoria Day,ca_victoria_day,module:ca_victoria_day,,,CONFIRMED
2006-05-27,WEEKEND,Saturday,weekend,weekend_policy,,,CONFIRMED
2006-05-28,WEEKEND,Sunday,weekend,weekend_policy,,,CONFIRMED
2006-06-03,WEEKEND,Saturday,weekend,weekend_policy,,,CONFIRMED
2006-06-04,WEEKEND,Sunday,weekend,weekend_policy,,,CONFIRMED
2006-06-10,WEEKEND,Saturday,weekend,weekend_policy,,,CONFIRMED
2006-06-11,WEEKEND,Sunday,weekend,weekend_policy,,,CONFIRMED
2006-06-17,WEEKEND,Saturday,weekend,weekend_policy,,,CONFIRMED
2006-06-18,WEEKEND,Sunday,weekend,weekend_policy,,,CONFIRMED
2006-06-24,WEEKEND,Saturday,weekend,weekend_policy,,,CONFIRMED
2006-06-25,WEEKEND,Sunday,weekend,weekend_policy,,,CONFIRMED
2006-07-01,WEEKEND,Saturday,weekend,weekend_policy,,,CONFIRMED
2006-07-02,WEEKEND,Sunday,weekend,weekend_policy,,,CONFIRMED
2006-07-03,CLOSED,Canada Day,ca_canada_day,module:ca_canada_day,2006-07-01,,CONFIRMED
2006-07-08,WEEKEND,Saturday,weekend,weekend_policy,,,CONFIRMED
2006-07-09,WEEKEND,Sunday,weekend,weekend_policy,,,CONFIRMED
2006-07-15,WEEKEND,Saturday,weekend,weekend_policy,,,CONFIRMED
2006-07-16,WEEKEND,Sunday,weekend,weekend_policy,,,CONFIRMED
2006-07-22,WEEKEND,Saturday,weekend,weekend_policy,,,CONFIRMED
2006-07-23,WEEKEND,Sunday,weekend,weekend_policy,,,CONFIRMED
2006-07-29,WEEKEND,Saturday,weekend,weekend_policy,,,CONFIRMED
2006-07-30,WEEKEND,Sunday,weekend,weekend_policy,,,CONFIRMED
2006-08-05,WEEKEND,Saturday,weekend,weekend_policy,,,CONFIRMED
2006-08-06,WEEKEND,Sunday,weekend,weekend_policy,,,CONFIRMED
2006-08-07,CLOSED,Civic Holiday,ca_civic_holiday,module:ca_civic_holiday,,,CONFIRMED
2006-08-12,WEEKEND,Saturday,weekend,weekend_policy,,,CONFIRMED
2006-08-13,WEEKEND,Sunday,weekend,weekend_policy,,,CONFIRMED
2006-08-19,WEEKEND,Saturday,weekend,weekend_policy,,,CONFIRMED
2006-08-20,WEEKEND,Sunday,weekend,weekend_policy,,,CONFIRMED
2006-08-26,WEEKEND,Saturday,weekend,weekend_policy,,,CONFIRMED
2006-08-27,WEEKEND,Sunday,weekend,weekend_policy,,,CONFIRMED
2006-09-02,WEEKEND,Saturday,weekend,weekend_policy,,,CONFIRMED
2006-09-03,WEEKEND,Sunday,weekend,weekend_policy,,,CONFIRMED
2006-09-04,CLOSED,Labour Day,ca_labour_day,module:ca_labour_day,,,CONFIRMED
2006-09-09,WEEKEND,Saturday,weekend,weekend_policy,,,CONFIRMED
2006-09-10,WEEKEND,Sunday,weekend,weekend_policy,,,CONFIRMED
2006-09-16,WEEKEND,Saturday,weekend,weekend_policy,,,CONFIRMED
2006-09-17,WEEKEND,Sunday,weekend,weekend_policy,,,CONFIRMED
2006-09-23,WEEKEND,Saturday,weekend,weekend_policy,,,CONFIRMED
2006-09-24,WEEKEND,Sunday,weekend,weekend_policy,,,CONFIRMED
2006-09-30,WEEKEND,Saturday,weekend,weekend_policy,,,CONFIRMED
2006-10-01,WEEKEND,Sunday,weekend,weekend_policy,,,CONFIRMED
2006-10-07,WEEKEND,Saturday,weekend,weekend_policy,,,CONFIRMED
2006-10-08,WEEKEND,Sunday,weekend,weekend_policy,,,CONFIRMED
2006-10-09,CLOSED,Thanksgiving Day,ca_thanksgiving,module:ca_thanksgiving,,,CONFIRMED
2006-10-14,WEEKEND,Saturday,weekend,weekend_policy,,,CONFIRMED
2006-10-15,WEEKEND,Sunday,weekend,weekend_policy,,,CONFIRMED
2006-10-21,WEEKEND,Saturday,weekend,weekend_policy,,,CONFIRMED
2006-10-22,WEEKEND,Sunday,weekend,weekend_policy,,,CONFIRMED
2006-10-28,WEEKEND,Saturday,weekend,weekend_policy,,,CONFIRMED
2006-10-29,WEEKEND,Sunday,weekend,weekend_policy,,,CONFIRMED
2006-11-04,WEEKEND,Saturday,weekend,weekend_policy,,,CONFIRMED
2006-11-05,WEEKEND,Sunday,weekend,weekend_policy,,,CONFIRMED
2006-11-11,WEEKEND,Saturday,weekend,weekend_policy,,,CONFIRMED
2006-11-12,WEEKEND,Sunday,weekend,weekend_policy,,,CONFIRMED
2006-11-18,WEEKEND,Saturday,weekend,weekend_policy,,,CONFIRMED
2006-11-19,WEEKEND,Sunday,weekend,weekend_policy,,,CONFIRMED
2006-11-25,WEEKEND,Saturday,weekend,weekend_policy,,,CONFIRMED
2006-11-26,WEEKEND,Sunday,weekend,weekend_policy,,,CONFIRMED
2006-12-02,WEEKEND,Saturday,weekend,weekend_policy,,,CONFIRMED
2006-12-03,WEEKEND,Sunday,weekend,weekend_policy,,,CONFIRMED
2006-12-09,WEEKEND,Saturday,weekend,weekend_policy,,,CONFIRMED
2006-12-10,WEEKEND,Sunday,weekend,weekend_policy,,,CONFIRMED
2006-12-16,WEEKEND,Saturday,weekend,weekend_policy,,,CONFIRMED
2006-12-17,WEEKEND,Sunday,weekend,weekend_policy,,,CONFIRMED
2006-12-23,WEEKEND,Saturday,weekend,weekend_policy,,,CONFIRMED
2006-12-24,WEEKEND,Sunday,weekend,weekend_policy,,,CONFIRMED
2006-12-25,CLOSED,Christmas Day,ca_christmas,module:ca_christmas,,,CONFIRMED
2006-12-26,CLOSED,Boxing Day,ca_boxing_day,module:ca_boxing_day,,,CONFIRMED
2006-12-30,WEEKEND,Saturday,weekend,weekend_policy,,,CONFIRMED
2006-12-31,WEEKEND,Sunday,weekend,weekend_policy,,,CONFIRMED
2007-01-01,CLOSED,New Year's Day,ca_new_years_day,module:ca_new_years_day,,,CONFIRMED
2007-01-06,WEEKEND,Saturday,weekend,weekend_policy,,,CONFIRMED
2007-01-07,WEEKEND,Sunday,weekend,weekend_policy,,,CONFIRMED
2007-01-13,WEEKEND,Saturday,weekend,weekend_policy,,,CONFIRMED
2007-01-14,WEEKEND,Sunday,weekend,weekend_policy,,,CONFIRMED
2007-01-20,WEEKEND,Saturday,weekend,weekend_policy,,,CONFIRMED
2007-01-21,WEEKEND,Sunday,weekend,weekend_policy,,,CONFIRMED
2007-01-27,WEEKEND,Saturday,weekend,weekend_policy,,,CONFIRMED
2007-01-28,WEEKEND,Sunday,weekend,weekend_policy,,,CONFIRMED
2007-02-03,WEEKEND,Saturday,weekend,weekend_policy,,,CONFIRMED
2007-02-04,WEEKEND,Sunday,weekend,weekend_policy,,,CONFIRMED
2007-02-10,WEEKEND,Saturday,weekend,weekend_policy,,,CONFIRMED
2007-02-11,WEEKEND,Sunday,weekend,weekend_policy,,,CONFIRMED
2007-02-17,WEEKEND,Saturday,weekend,weekend_policy,,,CONFIRMED
2007-02-18,WEEKEND,Sunday,weekend,weekend_policy,,,CONFIRMED
2007-02-24,WEEKEND,Saturday,weekend,weekend_policy,,,CONFIRMED
2007-02-25,WEEKEND,Sunday,weekend,weekend_policy,,,CONFIRMED
2007-03-03,WEEKEND,Saturday,weekend,weekend_policy,,,CONFIRMED
2007-03-04,WEEKEND,Sunday,weekend,weekend_policy,,,CONFIRMED
2007-03-10,WEEKEND,Saturday,weekend,weekend_policy,,,CONFIRMED
2007-03-11,WEEKEND,Sunday,weekend,weekend_policy,,,CONFIRMED
2007-03-17,WEEKEND,Saturday,weekend,weekend_policy,,,CONFIRMED
2007-03-18,WEEKEND,Sunday,weekend,weekend_policy,,,CONFIRMED
2007-03-24,WEEKEND,Saturday,weekend,weekend_policy,,,CONFIRMED
2007-03-25,WEEKEND,Sunday,weekend,weekend_policy,,,CONFIRMED
2007-03-31,WEEKEND,Saturday,weekend,weekend_policy,,,CONFIRMED
2007-04-01,WEEKEND,Sunday,weekend,weekend_policy,,,CONFIRMED
2007-04-06,CLOSED,Good Friday,ca_good_friday,module:ca_good_friday,,,CONFIRMED
2007-04-07,WEEKEND,Saturday,weekend,weekend_policy,,,CONFIRMED
2007-04-08,WEEKEND,Sunday,weekend,weekend_policy,,,CONFIRMED
2007-04-14,WEEKEND,Saturday,weekend,weekend_policy,,,CONFIRMED
2007-04-15,WEEKEND,Sunday,weekend,weekend_policy,,,CONFIRMED
2007-04-21,WEEKEND,Saturday,weekend,weekend_policy,,,CONFIRMED
2007-04-22,WEEKEND,Sunday,weekend,weekend_policy,,,CONFIRMED
2007-04-28,WEEKEND,Saturday,weekend,weekend_policy,,,CONFIRMED
2007-04-29,WEEKEND,Sunday,weekend,weekend_policy,,,CONFIRMED
2007-05-05,WEEKEND,Saturday,weekend,weekend_policy,,,CONFIRMED
2007-05-06,WEEKEND,Sunday,weekend,weekend_policy,,,CONFIRMED
2007-05-12,WEEKEND,Saturday,weekend,weekend_policy,,,CONFIRMED
2007-05-13,WEEKEND,Sunday,weekend,weekend_policy,,,CONFIRMED
2007-05-19,WEEKEND,Saturday,weekend,weekend_policy,,,CONFIRMED
2007-05-20,WEEKEND,Sunday,weekend,weekend_policy,,,CONFIRMED
2007-05-21,CLOSED,Victoria Day,ca_victoria_day,module:ca_victoria_day,,,CONFIRMED
2007-05-26,WEEKEND,Saturday,weekend,weekend_policy,,,CONFIRMED
2007-05-27,WEEKEND,Sunday,weekend,weekend_policy,,,CONFIRMED
2007-06-02,WEEKEND,Saturday,weekend,weekend_policy,,,CONFIRMED
2007-06-03,WEEKEND,Sunday,weekend,weekend_policy,,,CONFIRMED
2007-06-09,WEEKEND,Saturday,weekend,weekend_policy,,,CONFIRMED
2007-06-10,WEEKEND,Sunday,weekend,weekend_policy,,,CONFIRMED
2007-06-16,WEEKEND,Saturday,weekend,weekend_policy,,,CONFIRMED
2007-06-17,WEEKEND,Sunday,weekend,weekend_policy,,,CONFIRMED
2007-06-23,WEEKEND,Saturday,weekend,weekend_policy,,,CONFIRMED
2007-06-24,WEEKEND,Sunday,weekend,weekend_policy,,,CONFIRMED
2007-06-30,WEEKEND,Saturday,weekend,weekend_policy,,,CONFIRMED
2007-07-01,WEEKEND,Sunday,weekend,weekend_policy,,,CONFIRMED
2007-07-02,CLOSED,Canada Day,ca_canada_day,module:ca_canada_day,2007-07-01,,CONFIRMED
2007-07-07,WEEKEND,Saturday,weekend,weekend_policy,,,CONFIRMED
2007-07-08,WEEKEND,Sunday,weekend,weekend_policy,,,CONFIRMED
2007-07-14,WEEKEND,Saturday,weekend,weekend_policy,,,CONFIRMED
2007-07-15,WEEKEND,Sunday,weekend,weekend_policy,,,CONFIRMED
2007-07-21,WEEKEND,Saturday,weekend,weekend_policy,,,CONFIRMED
2007-07-22,WEEKEND,Sunday,weekend,weekend_policy,,,CONFIRMED
2007-07-28,WEEKEND,Saturday,weekend,weekend_policy,,,CONFIRMED
2007-07-29,WEEKEND,Sunday,weekend,weekend_policy,,,CONFIRMED
2007-08-04,WEEKEND,Saturday,weekend,weekend_policy,,,CONFIRMED
2007-08-05,WEEKEND,Sunday,weekend,weekend_policy,,,CONFIRMED
2007-08-06,CLOSED,Civic Holiday,ca_civic_holiday,module:ca_civic_holiday,,,CONFIRMED
2007-08-11,WEEKEND,Saturday,weekend,weekend_policy,,,CONFIRMED
2007-08-12,WEEKEND,Sunday,weekend,weekend_policy,,,CONFIRMED
2007-08-18,WEEKEND,Saturday,weekend,weekend_policy,,,CONFIRMED
2007-08-19,WEEKEND,Sunday,weekend,weekend_policy,,,CONFIRMED
2007-08-25,WEEKEND,Saturday,weekend,weekend_policy,,,CONFIRMED
2007-08-26,WEEKEND,Sunday,weekend,weekend_policy,,,CONFIRMED
2007-09-01,WEEKEND,Saturday,weekend,weekend_policy,,,CONFIRMED
2007-09-02,WEEKEND,Sunday,weekend,weekend_policy,,,CONFIRMED
2007-09-03,CLOSED,Labour Day,ca_labour_day,module:ca_labour_day,,,CONFIRMED
2007-09-08,WEEKEND,Saturday,weekend,weekend_policy,,,CONFIRMED
2007-09-09,WEEKEND,Sunday,weekend,weekend_policy,,,CONFIRMED
2007-09-15,WEEKEND,Saturday,weekend,weekend_policy,,,CONFIRMED
2007-09-16,WEEKEND,Sunday,weekend,weekend_policy,,,CONFIRMED
2007-09-22,WEEKEND,Saturday,weekend,weekend_policy,,,CONFIRMED
2007-09-23,WEEKEND,Sunday,weekend,weekend_policy,,,CONFIRMED
2007-09-29,WEEKEND,Saturday,weekend,weekend_policy,,,CONFIRMED
2007-09-30,WEEKEND,Sunday,weekend,weekend_policy,,,CONFIRMED
2007-10-06,WEEKEND,Saturday,weekend,weekend_policy,,,CONFIRMED
2007-10-07,WEEKEND,Sunday,weekend,weekend_policy,,,CONFIRMED
2007-10-08,CLOSED,Thanksgiving Day,ca_thanksgiving,module:ca_thanksgiving,,,CONFIRMED
2007-10-13,WEEKEND,Saturday,weekend,weekend_policy,,,CONFIRMED
2007-10-14,WEEKEND,Sunday,weekend,weekend_policy,,,CONFIRMED
2007-10-20,WEEKEND,Saturday,weekend,weekend_policy,,,CONFIRMED
2007-10-21,WEEKEND,Sunday,weekend,weekend_policy,,,CONFIRMED
2007-10-27,WEEKEND,Saturday,weekend,weekend_policy,,,CONFIRMED
2007-10-28,WEEKEND,Sunday,weekend,weekend_policy,,,CONFIRMED
2007-11-03,WEEKEND,Saturday,weekend,weekend_policy,,,CONFIRMED
2007-11-04,WEEKEND,Sunday,weekend,weekend_policy,,,CONFIRMED
2007-11-10,WEEKEND,Saturday,weekend,weekend_policy,,,CONFIRMED
2007-11-11,WEEKEND,Sunday,weekend,weekend_policy,,,CONFIRMED
2007-11-17,WEEKEND,Saturday,weekend,weekend_policy,,,CONFIRMED
2007-11-18,WEEKEND,Sunday,weekend,weekend_policy,,,CONFIRMED
2007-11-24,WEEKEND,Saturday,weekend,weekend_policy,,,CONFIRMED
2007-11-25,WEEKEND,Sunday,weekend,weekend_policy,,,CONFIRMED
2007-12-01,WEEKEND,Saturday,weekend,weekend_policy,,,CONFIRMED
2007-12-02,WEEKEND,Sunday,weekend,weekend_policy,,,CONFIRMED
2007-12-08,WEEKEND,Saturday,weekend,weekend_policy,,,CONFIRMED
2007-12-09,WEEKEND,Sunday,weekend,weekend_policy,,,CONFIRMED
2007-12-15,WEEKEND,Saturday,weekend,weekend_policy,,,CONFIRMED
2007-12-16,WEEKEND,Sunday,weekend,weekend_policy,,,CONFIRMED
2007-12-22,WEEKEND,Saturday,weekend,weekend_policy,,,CONFIRMED
2007-12-23,WEEKEND,Sunday,weekend,weekend_policy,,,CONFIRMED
2007-12-25,CLOSED,Christmas Day,ca_christmas,module:ca_christmas,,,CONFIRMED
2007-12-26,CLOSED,Boxing Day,ca_boxing_day,module:ca_boxing_day,,,CONFIRMED
2007-12-29,WEEKEND,Saturday,weekend,weekend_policy,,,CONFIRMED
2007-12-30,WEEKEND,Sunday,weekend,weekend_policy,,,CONFIRMED
2008-01-01,CLOSED,New Year's Day,ca_new_years_day,module:ca_new_years_day,,,CONFIRMED
2008-01-05,WEEKEND,Saturday,weekend,weekend_policy,,,CONFIRMED
2008-01-06,WEEKEND,Sunday,weekend,weekend_policy,,,CONFIRMED
2008-01-12,WEEKEND,Saturday,weekend,weekend_policy,,,CONFIRMED
2008-01-13,WEEKEND,Sunday,weekend,weekend_policy,,,CONFIRMED
2008-01-19,WEEKEND,Saturday,weekend,weekend_policy,,,CONFIRMED
2008-01-20,WEEKEND,Sunday,weekend,weekend_policy,,,CONFIRMED
2008-01-26,WEEKEND,Saturday,weekend,weekend_policy,,,CONFIRMED
2008-01-27,WEEKEND,Sunday,weekend,weekend_policy,,,CONFIRMED
2008-02-02,WEEKEND,Saturday,weekend,weekend_policy,,,CONFIRMED
2008-02-03,WEEKEND,Sunday,weekend,weekend_policy,,,CONFIRMED
2008-02-09,WEEKEND,Saturday,weekend,weekend_policy,,,CONFIRMED
2008-02-10,WEEKEND,Sunday,weekend,weekend_policy,,,CONFIRMED
2008-02-16,WEEKEND,Saturday,weekend,weekend_policy,,,CONFIRMED
2008-02-17,WEEKEND,Sunday,weekend,weekend_policy,,,CONFIRMED
2008-02-18,CLOSED,Family Day,ca_family_day,module:ca_family_day,,,CONFIRMED
2008-02-23,WEEKEND,Saturday,weekend,weekend_policy,,,CONFIRMED
2008-02-24,WEEKEND,Sunday,weekend,weekend_policy,,,CONFIRMED
2008-03-01,WEEKEND,Saturday,weekend,weekend_policy,,,CONFIRMED
2008-03-02,WEEKEND,Sunday,weekend,weekend_policy,,,CONFIRMED
2008-03-08,WEEKEND,Saturday,weekend,weekend_policy,,,CONFIRMED
2008-03-09,WEEKEND,Sunday,weekend,weekend_policy,,,CONFIRMED
2008-03-15,WEEKEND,Saturday,weekend,weekend_policy,,,CONFIRMED
2008-03-16,WEEKEND,Sunday,weekend,weekend_policy,,,CONFIRMED
2008-03-21,CLOSED,Good Friday,ca_good_friday,module:ca_good_friday,,,CONFIRMED
2008-03-22,WEEKEND,Saturday,weekend,weekend_policy,,,CONFIRMED
2008-03-23,WEEKEND,Sunday,weekend,weekend_policy,,,CONFIRMED
2008-03-29,WEEKEND,Saturday,weekend,weekend_policy,,,CONFIRMED
2008-03-30,WEEKEND,Sunday,weekend,weekend_policy,,,CONFIRMED
2008-04-05,WEEKEND,Saturday,weekend,weekend_policy,,,CONFIRMED
2008-04-06,WEEKEND,Sunday,weekend,weekend_policy,,,CONFIRMED
2008-04-12,WEEKEND,Saturday,weekend,weekend_policy,,,CONFIRMED
2008-04-13,WEEKEND,Sunday,weekend,weekend_policy,,,CONFIRMED
2008-04-19,WEEKEND,Saturday,weekend,weekend_policy,,,CONFIRMED
2008-04-20,WEEKEND,Sunday,weekend,weekend_policy,,,CONFIRMED
2008-04-26,WEEKEND,Saturday,weekend,weekend_policy,,,CONFIRMED
2008-04-27,WEEKEND,Sunday,weekend,weekend_policy,,,CONFIRMED
2008-05-03,WEEKEND,Saturday,weekend,weekend_policy,,,CONFIRMED
2008-05-04,WEEKEND,Sunday,weekend,weekend_policy,,,CONFIRMED
2008-05-10,WEEKEND,Saturday,weekend,weekend_policy,,,CONFIRMED
2008-05-11,WEEKEND,Sunday,weekend,weekend_policy,,,CONFIRMED
2008-05-17,WEEKEND,Saturday,weekend,weekend_policy,,,CONFIRMED
2008-05-18,WEEKEND,Sunday,weekend,weekend_policy,,,CONFIRMED
2008-05-19,CLOSED,Victoria Day,ca_victoria_day,module:ca_victoria_day,,,CONFIRMED
2008-05-24,WEEKEND,Saturday,weekend,weekend_policy,,,CONFIRMED
2008-05-25,WEEKEND,Sunday,weekend,weekend_policy,,,CONFIRMED
2008-05-31,WEEKEND,Saturday,weekend,weekend_policy,,,CONFIRMED
2008-06-01,WEEKEND,Sunday,weekend,weekend_policy,,,CONFIRMED
2008-06-07,WEEKEND,Saturday,weekend,weekend_policy,,,CONFIRMED
2008-06-08,WEEKEND,Sunday,weekend,weekend_policy,,,CONFIRMED
2008-06-14,WEEKEND,Saturday,weekend,weekend_policy,,,CONFIRMED
2008-06-15,WEEKEND,Sunday,weekend,weekend_policy,,,CONFIRMED
2008-06-21,WEEKEND,Saturday,weekend,weekend_policy,,,CONFIRMED
2008-06-22,WEEKEND,Sunday,weekend,weekend_policy,,,CONFIRMED
2008-06-28,WEEKEND,Saturday,weekend,weekend_policy,,,CONFIRMED
2008-06-29,WEEKEND,Sunday,weekend,weekend_policy,,,CONFIRMED
2008-07-01,CLOSED,Canada Day,ca_canada_day,module:ca_canada_day,,,CONFIRMED
2008-07-05,WEEKEND,Saturday,weekend,weekend_policy,,,CONFIRMED
2008-07-06,WEEKEND,Sunday,weekend,weekend_policy,,,CONFIRMED
2008-07-12,WEEKEND,Saturday,weekend,weekend_policy,,,CONFIRMED
2008-07-13,WEEKEND,Sunday,weekend,weekend_policy,,,CONFIRMED
2008-07-19,WEEKEND,Saturday,weekend,weekend_policy,,,CONFIRMED
2008-07-20,WEEKEND,Sunday,weekend,weekend_policy,,,CONFIRMED
2008-07-26,WEEKEND,Saturday,weekend,weekend_policy,,,CONFIRMED
2008-07-27,WEEKEND,Sunday,weekend,weekend_policy,,,CONFIRMED
2008-08-02,WEEKEND,Saturday,weekend,weekend_policy,,,CONFIRMED
2008-08-03,WEEKEND,Sunday,weekend,weekend_policy,,,CONFIRMED
2008-08-04,CLOSED,Civic Holiday,ca_civic_holiday,module:ca_civic_holiday,,,CONFIRMED
2008-08-09,WEEKEND,Saturday,weekend,weekend_policy,,,CONFIRMED
2008-08-10,WEEKEND,Sunday,weekend,weekend_policy,,,CONFIRMED
2008-08-16,WEEKEND,Saturday,weekend,weekend_policy,,,CONFIRMED
2008-08-17,WEEKEND,Sunday,weekend,weekend_policy,,,CONFIRMED
2008-08-23,WEEKEND,Saturday,weekend,weekend_policy,,,CONFIRMED
2008-08-24,WEEKEND,Sunday,weekend,weekend_policy,,,CONFIRMED
2008-08-30,WEEKEND,Saturday,weekend,weekend_policy,,,CONFIRMED
2008-08-31,WEEKEND,Sunday,weekend,weekend_policy,,,CONFIRMED
2008-09-01,CLOSED,Labour Day,ca_labour_day,module:ca_labour_day,,,CONFIRMED
2008-09-06,WEEKEND,Saturday,weekend,weekend_policy,,,CONFIRMED
2008-09-07,WEEKEND,Sunday,weekend,weekend_policy,,,CONFIRMED
2008-09-13,WEEKEND,Saturday,weekend,weekend_policy,,,CONFIRMED
2008-09-14,WEEKEND,Sunday,weekend,weekend_policy,,,CONFIRMED
2008-09-20,WEEKEND,Saturday,weekend,weekend_policy,,,CONFIRMED
2008-09-21,WEEKEND,Sunday,weekend,weekend_policy,,,CONFIRMED
2008-09-27,WEEKEND,Saturday,weekend,weekend_policy,,,CONFIRMED
2008-09-28,WEEKEND,Sunday,weekend,weekend_policy,,,CONFIRMED
2008-10-04,WEEKEND,Saturday,weekend,weekend_policy,,,CONFIRMED
2008-10-05,WEEKEND,Sunday,weekend,weekend_policy,,,CONFIRMED
2008-10-11,WEEKEND,Saturday,weekend,weekend_policy,,,CONFIRMED
2008-10-12,WEEKEND,Sunday,weekend,weekend_policy,,,CONFIRMED
2008-10-13,CLOSED,Thanksgiving Day,ca_thanksgiving,module:ca_thanksgiving,,,CONFIRMED
2008-10-18,WEEKEND,Saturday,weekend,weekend_policy,,,CONFIRMED
2008-10-19,WEEKEND,Sunday,weekend,weekend_policy,,,CONFIRMED
2008-10-25,WEEKEND,Saturday,weekend,weekend_policy,,,CONFIRMED
2008-10-26,WEEKEND,Sunday,weekend,weekend_policy,,,CONFIRMED
2008-11-01,WEEKEND,Saturday,weekend,weekend_policy,,,CONFIRMED
2008-11-02,WEEKEND,Sunday,weekend,weekend_policy,,,CONFIRMED
2008-11-08,WEEKEND,Saturday,weekend,weekend_policy,,,CONFIRMED
2008-11-09,WEEKEND,Sunday,weekend,weekend_policy,,,CONFIRMED
2008-11-15,WEEKEND,Saturday,weekend,weekend_policy,,,CONFIRMED
2008-11-16,WEEKEND,Sunday,weekend,weekend_policy,,,CONFIRMED
2008-11-22,WEEKEND,Saturday,weekend,weekend_policy,,,CONFIRMED
2008-11-23,WEEKEND,Sunday,weekend,weekend_policy,,,CONFIRMED
2008-11-29,WEEKEND,Saturday,weekend,weekend_policy,,,CONFIRMED
2008-11-30,WEEKEND,Sunday,weekend,weekend_policy,,,CONFIRMED
2008-12-06,WEEKEND,Saturday,weekend,weekend_policy,,,CONFIRMED
2008-12-07,WEEKEND,Sunday,weekend,weekend_policy,,,CONFIRMED
2008-12-13,WEEKEND,Saturday,weekend,weekend_policy,,,CONFIRMED
2008-12-14,WEEKEND,Sunday,weekend,weekend_policy,,,CONFIRMED
2008-12-20,WEEKEND,Saturday,weekend,weekend_policy,,,CONFIRMED
2008-12-21,WEEKEND,Sunday,weekend,weekend_policy,,,CONFIRMED
2008-12-25,CLOSED,Christmas Day,ca_christmas,module:ca_christmas,,,CONFIRMED
2008-12-26,CLOSED,Boxing Day,ca_boxing_day,module:ca_boxing_day,,,CONFIRMED
2008-12-27,WEEKEND,Saturday,weekend,weekend_policy,,,CONFIRMED
2008-12-28,WEEKEND,Sunday,weekend,weekend_policy,,,CONFIRMED
2009-01-01,CLOSED,New Year's Day,ca_new_years_day,module:ca_new_years_day,,,CONFIRMED
2009-01-03,WEEKEND,Saturday,weekend,weekend_policy,,,CONFIRMED
2009-01-04,WEEKEND,Sunday,weekend,weekend_policy,,,CONFIRMED
2009-01-10,WEEKEND,Saturday,weekend,weekend_policy,,,CONFIRMED
2009-01-11,WEEKEND,Sunday,weekend,weekend_policy,,,CONFIRMED
2009-01-17,WEEKEND,Saturday,weekend,weekend_policy,,,CONFIRMED
2009-01-18,WEEKEND,Sunday,weekend,weekend_policy,,,CONFIRMED
2009-01-24,WEEKEND,Saturday,weekend,weekend_policy,,,CONFIRMED
2009-01-25,WEEKEND,Sunday,weekend,weekend_policy,,,CONFIRMED
2009-01-31,WEEKEND,Saturday,weekend,weekend_policy,,,CONFIRMED
2009-02-01,WEEKEND,Sunday,weekend,weekend_policy,,,CONFIRMED
2009-02-07,WEEKEND,Saturday,weekend,weekend_policy,,,CONFIRMED
2009-02-08,WEEKEND,Sunday,weekend,weekend_policy,,,CONFIRMED
2009-02-14,WEEKEND,Saturday,weekend,weekend_policy,,,CONFIRMED
2009-02-15,WEEKEND,Sunday,weekend,weekend_policy,,,CONFIRMED
2009-02-16,CLOSED,Family Day,ca_family_day,module:ca_family_day,,,CONFIRMED
2009-02-21,WEEKEND,Saturday,weekend,weekend_policy,,,CONFIRMED
2009-02-22,WEEKEND,Sunday,weekend,weekend_policy,,,CONFIRMED
2009-02-28,WEEKEND,Saturday,weekend,weekend_policy,,,CONFIRMED
2009-03-01,WEEKEND,Sunday,weekend,weekend_policy,,,CONFIRMED
2009-03-07,WEEKEND,Saturday,weekend,weekend_policy,,,CONFIRMED
2009-03-08,WEEKEND,Sunday,weekend,weekend_policy,,,CONFIRMED
2009-03-14,WEEKEND,Saturday,weekend,weekend_policy,,,CONFIRMED
2009-03-15,WEEKEND,Sunday,weekend,weekend_policy,,,CONFIRMED
2009-03-21,WEEKEND,Saturday,weekend,weekend_policy,,,CONFIRMED
2009-03-22,WEEKEND,Sunday,weekend,weekend_policy,,,CONFIRMED
2009-03-28,WEEKEND,Saturday,weekend,weekend_policy,,,CONFIRMED
2009-03-29,WEEKEND,Sunday,weekend,weekend_policy,,,CONFIRMED
2009-04-04,WEEKEND,Saturday,weekend,weekend_policy,,,CONFIRMED
2009-04-05,WEEKEND,Sunday,weekend,weekend_policy,,,CONFIRMED
2009-04-10,CLOSED,Good Friday,ca_good_friday,module:ca_good_friday,,,CONFIRMED
2009-04-11,WEEKEND,Saturday,weekend,weekend_policy,,,CONFIRMED
2009-04-12,WEEKEND,Sunday,weekend,weekend_policy,,,CONFIRMED
2009-04-18,WEEKEND,Saturday,weekend,weekend_policy,,,CONFIRMED
2009-04-19,WEEKEND,Sunday,weekend,weekend_policy,,,CONFIRMED
2009-04-25,WEEKEND,Saturday,weekend,weekend_policy,,,CONFIRMED
2009-04-26,WEEKEND,Sunday,weekend,weekend_policy,,,CONFIRMED
2009-05-02,WEEKEND,Saturday,weekend,weekend_policy,,,CONFIRMED
2009-05-03,WEEKEND,Sunday,weekend,weekend_policy,,,CONFIRMED
2009-05-09,WEEKEND,Saturday,weekend,weekend_policy,,,CONFIRMED
2009-05-10,WEEKEND,Sunday,weekend,weekend_policy,,,CONFIRMED
2009-05-16,WEEKEND,Saturday,weekend,weekend_policy,,,CONFIRMED
2009-05-17,WEEKEND,Sunday,weekend,weekend_policy,,,CONFIRMED
2009-05-18,CLOSED,Victoria Day,ca_victoria_day,module:ca_victoria_day,,,CONFIRMED
2009-05-23,WEEKEND,Saturday,weekend,weekend_policy,,,CONFIRMED
2009-05-24,WEEKEND,Sunday,weekend,weekend_policy,,,CONFIRMED
2009-05-30,WEEKEND,Saturday,weekend,weekend_policy,,,CONFIRMED
2009-05-31,WEEKEND,Sunday,weekend,weekend_policy,,,CONFIRMED
2009-06-06,WEEKEND,Saturday,weekend,weekend_policy,,,CONFIRMED
2009-06-07,WEEKEND,Sunday,weekend,weekend_policy,,,CONFIRMED
2009-06-13,WEEKEND,Saturday,weekend,weekend_policy,,,CONFIRMED
2009-06-14,WEEKEND,Sunday,weekend,weekend_policy,,,CONFIRMED
2009-06-20,WEEKEND,Saturday,weekend,weekend_policy,,,CONFIRMED
2009-06-21,WEEKEND,Sunday,weekend,weekend_policy,,,CONFIRMED
2009-06-27,WEEKEND,Saturday,weekend,weekend_policy,,,CONFIRMED
2009-06-28,WEEKEND,Sunday,weekend,weekend_policy,,,CONFIRMED
2009-07-01,CLOSED,Canada Day,ca_canada_day,module:ca_canada_day,,,CONFIRMED
2009-07-04,WEEKEND,Saturday,weekend,weekend_policy,,,CONFIRMED
2009-07-05,WEEKEND,Sunday,weekend,weekend_policy,,,CONFIRMED
2009-07-11,WEEKEND,Saturday,weekend,weekend_policy,,,CONFIRMED
2009-07-12,WEEKEND,Sunday,weekend,weekend_policy,,,CONFIRMED
2009-07-18,WEEKEND,Saturday,weekend,weekend_policy,,,CONFIRMED
2009-07-19,WEEKEND,Sunday,weekend,weekend_policy,,,CONFIRMED
2009-07-25,WEEKEND,Saturday,weekend,weekend_policy,,,CONFIRMED
2009-07-26,WEEKEND,Sunday,weekend,weekend_policy,,,CONFIRMED
2009-08-01,WEEKEND,Saturday,weekend,weekend_policy,,,CONFIRMED
2009-08-02,WEEKEND,Sunday,weekend,weekend_policy,,,CONFIRMED
2009-08-03,CLOSED,Civic Holiday,ca_civic_holiday,module:ca_civic_holiday,,,CONFIRMED
2009-08-08,WEEKEND,Saturday,weekend,weekend_policy,,,CONFIRMED
2009-08-09,WEEKEND,Sunday,weekend,weekend_policy,,,CONFIRMED
2009-08-15,WEEKEND,Saturday,weekend,weekend_policy,,,CONFIRMED
2009-08-16,WEEKEND,Sunday,weekend,weekend_policy,,,CONFIRMED
2009-08-22,WEEKEND,Saturday,weekend,weekend_policy,,,CONFIRMED
2009-08-23,WEEKEND,Sunday,weekend,weekend_policy,,,CONFIRMED
2009-08-29,WEEKEND,Saturday,weekend,weekend_policy,,,CONFIRMED
2009-08-30,WEEKEND,Sunday,weekend,weekend_policy,,,CONFIRMED
2009-09-05,WEEKEND,Saturday,weekend,weekend_policy,,,CONFIRMED
2009-09-06,WEEKEND,Sunday,weekend,weekend_policy,,,CONFIRMED
2009-09-07,CLOSED,Labour Day,ca_labour_day,module:ca_labour_day,,,CONFIRMED
2009-09-12,WEEKEND,Saturday,weekend,weekend_policy,,,CONFIRMED
2009-09-13,WEEKEND,Sunday,weekend,weekend_policy,,,CONFIRMED
2009-09-19,WEEKEND,Saturday,weekend,weekend_policy,,,CONFIRMED
2009-09-20,WEEKEND,Sunday,weekend,weekend_policy,,,CONFIRMED
2009-09-26,WEEKEND,Saturday,weekend,weekend_policy,,,CONFIRMED
2009-09-27,WEEKEND,Sunday,weekend,weekend_policy,,,CONFIRMED
2009-10-03,WEEKEND,Saturday,weekend,weekend_policy,,,CONFIRMED
2009-10-04,WEEKEND,Sunday,weekend,weekend_policy,,,CONFIRMED
2009-10-10,WEEKEND,Saturday,weekend,weekend_policy,,,CONFIRMED
2009-10-11,WEEKEND,Sunday,weekend,weekend_policy,,,CONFIRMED
2009-10-12,CLOSED,Thanksgiving Day,ca_thanksgiving,module:ca_thanksgiving,,,CONFIRMED
2009-10-17,WEEKEND,Saturday,weekend,weekend_policy,,,CONFIRMED
2009-10-18,WEEKEND,Sunday,weekend,weekend_policy,,,CONFIRMED
2009-10-24,WEEKEND,Saturday,weekend,weekend_policy,,,CONFIRMED
2009-10-25,WEEKEND,Sunday,weekend,weekend_policy,,,CONFIRMED
2009-10-31,WEEKEND,Saturday,weekend,weekend_policy,,,CONFIRMED
2009-11-01,WEEKEND,Sunday,weekend,weekend_policy,,,CONFIRMED
2009-11-07,WEEKEND,Saturday,weekend,weekend_policy,,,CONFIRMED
2009-11-08,WEEKEND,Sunday,weekend,weekend_policy,,,CONFIRMED
2009-11-14,WEEKEND,Saturday,weekend,weekend_policy,,,CONFIRMED
2009-11-15,WEEKEND,Sunday,weekend,weekend_policy,,,CONFIRMED
2009-11-21,WEEKEND,Saturday,weekend,weekend_policy,,,CONFIRMED
2009-11-22,WEEKEND,Sunday,weekend,weekend_policy,,,CONFIRMED
2009-11-28,WEEKEND,Saturday,weekend,weekend_policy,,,CONFIRMED
2009-11-29,WEEKEND,Sunday,weekend,weekend_policy,,,CONFIRMED
2009-12-05,WEEKEND,Saturday,weekend,weekend_policy,,,CONFIRMED
2009-12-06,WEEKEND,Sunday,weekend,weekend_policy,,,CONFIRMED
2009-12-12,WEEKEND,Saturday,weekend,weekend_policy,,,CONFIRMED
2009-12-13,WEEKEND,Sunday,weekend,weekend_policy,,,CONFIRMED
2009-12-19,WEEKEND,Saturday,weekend,weekend_policy,,,CONFIRMED
2009-12-20,WEEKEND,Sunday,weekend,weekend_policy,,,CONFIRMED
2009-12-25,CLOSED,Christmas Day,ca_christmas,module:ca_christmas,,,CONFIRMED
2009-12-26,WEEKEND,Saturday,weekend,weekend_policy,,,CONFIRMED
2009-12-27,WEEKEND,Sunday,weekend,weekend_policy,,,CONFIRMED
2009-12-28,CLOSED,Boxing Day,ca_boxing_day,module:ca_boxing_day,2009-12-26,,CONFIRMED
2010-01-01,CLOSED,New Year's Day,ca_new_years_day,module:ca_new_years_day,,,CONFIRMED
2010-01-02,WEEKEND,Saturday,weekend,weekend_policy,,,CONFIRMED
2010-01-03,WEEKEND,Sunday,weekend,weekend_policy,,,CONFIRMED
2010-01-09,WEEKEND,Saturday,weekend,weekend_policy,,,CONFIRMED
2010-01-10,WEEKEND,Sunday,weekend,weekend_policy,,,CONFIRMED
2010-01-16,WEEKEND,Saturday,weekend,weekend_policy,,,CONFIRMED
2010-01-17,WEEKEND,Sunday,weekend,weekend_policy,,,CONFIRMED
2010-01-23,WEEKEND,Saturday,weekend,weekend_policy,,,CONFIRMED
2010-01-24,WEEKEND,Sunday,weekend,weekend_policy,,,CONFIRMED
2010-01-30,WEEKEND,Saturday,weekend,weekend_policy,,,CONFIRMED
2010-01-31,WEEKEND,Sunday,weekend,weekend_policy,,,CONFIRMED
2010-02-06,WEEKEND,Saturday,weekend,weekend_policy,,,CONFIRMED
2010-02-07,WEEKEND,Sunday,weekend,weekend_policy,,,CONFIRMED
2010-02-13,WEEKEND,Saturday,weekend,weekend_policy,,,CONFIRMED
2010-02-14,WEEKEND,Sunday,weekend,weekend_policy,,,CONFIRMED
2010-02-15,CLOSED,Family Day,ca_family_day,module:ca_family_day,,,CONFIRMED
2010-02-20,WEEKEND,Saturday,weekend,weekend_policy,,,CONFIRMED
2010-02-21,WEEKEND,Sunday,weekend,weekend_policy,,,CONFIRMED
2010-02-27,WEEKEND,Saturday,weekend,weekend_policy,,,CONFIRMED
2010-02-28,WEEKEND,Sunday,weekend,weekend_policy,,,CONFIRMED
2010-03-06,WEEKEND,Saturday,weekend,weekend_policy,,,CONFIRMED
2010-03-07,WEEKEND,Sunday,weekend,weekend_policy,,,CONFIRMED
2010-03-13,WEEKEND,Saturday,weekend,weekend_policy,,,CONFIRMED
2010-03-14,WEEKEND,Sunday,weekend,weekend_policy,,,CONFIRMED
2010-03-20,WEEKEND,Saturday,weekend,weekend_policy,,,CONFIRMED
2010-03-21,WEEKEND,Sunday,weekend,weekend_policy,,,CONFIRMED
2010-03-27,WEEKEND,Saturday,weekend,weekend_policy,,,CONFIRMED
2010-03-28,WEEKEND,Sunday,weekend,weekend_policy,,,CONFIRMED
2010-04-02,CLOSED,Good Friday,ca_good_friday,module:ca_good_friday,,,CONFIRMED
2010-04-03,WEEKEND,Saturday,weekend,weekend_policy,,,CONFIRMED
2010-04-04,WEEKEND,Sunday,weekend,weekend_policy,,,CONFIRMED
2010-04-10,WEEKEND,Saturday,weekend,weekend_policy,,,CONFIRMED
2010-04-11,WEEKEND,Sunday,weekend,weekend_policy,,,CONFIRMED
2010-04-17,WEEKEND,Saturday,weekend,weekend_policy,,,CONFIRMED
2010-04-18,WEEKEND,Sunday,weekend,weekend_policy,,,CONFIRMED
2010-04-24,WEEKEND,Saturday,weekend,weekend_policy,,,CONFIRMED
2010-04-25,WEEKEND,Sunday,weekend,weekend_policy,,,CONFIRMED
2010-05-01,WEEKEND,Saturday,weekend,weekend_policy,,,CONFIRMED
2010-05-02,WEEKEND,Sunday,weekend,weekend_policy,,,CONFIRMED
2010-05-08,WEEKEND,Saturday,weekend,weekend_policy,,,CONFIRMED
2010-05-09,WEEKEND,Sunday,weekend,weekend_policy,,,CONFIRMED
2010-05-15,WEEKEND,Saturday,weekend,weekend_policy,,,CONFIRMED
2010-05-16,WEEKEND,Sunday,weekend,weekend_policy,,,CONFIRMED
2010-05-22,WEEKEND,Saturday,weekend,weekend_policy,,,CONFIRMED
2010-05-23,WEEKEND,Sunday,weekend,weekend_policy,,,CONFIRMED
2010-05-24,CLOSED,Victoria Day,ca_victoria_day,module:ca_victoria_day,,,CONFIRMED
2010-05-29,WEEKEND,Saturday,weekend,weekend_policy,,,CONFIRMED
2010-05-30,WEEKEND,Sunday,weekend,weekend_policy,,,CONFIRMED
2010-06-05,WEEKEND,Saturday,weekend,weekend_policy,,,CONFIRMED
2010-06-06,WEEKEND,Sunday,weekend,weekend_policy,,,CONFIRMED
2010-06-12,WEEKEND,Saturday,weekend,weekend_policy,,,CONFIRMED
2010-06-13,WEEKEND,Sunday,weekend,weekend_policy,,,CONFIRMED
2010-06-19,WEEKEND,Saturday,weekend,weekend_policy,,,CONFIRMED
2010-06-20,WEEKEND,Sunday,weekend,weekend_policy,,,CONFIRMED
2010-06-26,WEEKEND,Saturday,weekend,weekend_policy,,,CONFIRMED
2010-06-27,WEEKEND,Sunday,weekend,weekend_policy,,,CONFIRMED
2010-07-01,CLOSED,Canada Day,ca_canada_day,module:ca_canada_day,,,CONFIRMED
2010-07-03,WEEKEND,Saturday,weekend,weekend_policy,,,CONFIRMED
2010-07-04,WEEKEND,Sunday,weekend,weekend_policy,,,CONFIRMED
2010-07-10,WEEKEND,Saturday,weekend,weekend_policy,,,CONFIRMED
2010-07-11,WEEKEND,Sunday,weekend,weekend_policy,,,CONFIRMED
2010-07-17,WEEKEND,Saturday,weekend,weekend_policy,,,CONFIRMED
2010-07-18,WEEKEND,Sunday,weekend,weekend_policy,,,CONFIRMED
2010-07-24,WEEKEND,Saturday,weekend,weekend_policy,,,CONFIRMED
2010-07-25,WEEKEND,Sunday,weekend,weekend_policy,,,CONFIRMED
2010-07-31,WEEKEND,Saturday,weekend,weekend_policy,,,CONFIRMED
2010-08-01,WEEKEND,Sunday,weekend,weekend_policy,,,CONFIRMED
2010-08-02,CLOSED,Civic Holiday,ca_civic_holiday,module:ca_civic_holiday,,,CONFIRMED
2010-08-07,WEEKEND,Saturday,weekend,weekend_policy,,,CONFIRMED
2010-08-08,WEEKEND,Sunday,weekend,weekend_policy,,,CONFIRMED
2010-08-14,WEEKEND,Saturday,weekend,weekend_policy,,,CONFIRMED
2010-08-15,WEEKEND,Sunday,weekend,weekend_policy,,,CONFIRMED
2010-08-21,WEEKEND,Saturday,weekend,weekend_policy,,,CONFIRMED
2010-08-22,WEEKEND,Sunday,weekend,weekend_policy,,,CONFIRMED
2010-08-28,WEEKEND,Saturday,weekend,weekend_policy,,,CONFIRMED
2010-08-29,WEEKEND,Sunday,weekend,weekend_policy,,,CONFIRMED
2010-09-04,WEEKEND,Saturday,weekend,weekend_policy,,,CONFIRMED
2010-09-05,WEEKEND,Sunday,weekend,weekend_policy,,,CONFIRMED
2010-09-06,CLOSED,Labour Day,ca_labour_day,module:ca_labour_day,,,CONFIRMED
2010-09-11,WEEKEND,Saturday,weekend,weekend_policy,,,CONFIRMED
2010-09-12,WEEKEND,Sunday,weekend,weekend_policy,,,CONFIRMED
2010-09-18,WEEKEND,Saturday,weekend,weekend_policy,,,CONFIRMED
2010-09-19,WEEKEND,Sunday,weekend,weekend_policy,,,CONFIRMED
2010-09-25,WEEKEND,Saturday,weekend,weekend_policy,,,CONFIRMED
2010-09-26,WEEKEND,Sunday,weekend,weekend_policy,,,CONFIRMED
2010-10-02,WEEKEND,Saturday,weekend,weekend_policy,,,CONFIRMED
2010-10-03,WEEKEND,Sunday,weekend,weekend_policy,,,CONFIRMED
2010-10-09,WEEKEND,Saturday,weekend,weekend_policy,,,CONFIRMED
2010-10-10,WEEKEND,Sunday,weekend,weekend_policy,,,CONFIRMED
2010-10-11,CLOSED,Thanksgiving Day,ca_thanksgiving,module:ca_thanksgiving,,,CONFIRMED
2010-10-16,WEEKEND,Saturday,weekend,weekend_policy,,,CONFIRMED
2010-10-17,WEEKEND,Sunday,weekend,weekend_policy,,,CONFIRMED
2010-10-23,WEEKEND,Saturday,weekend,weekend_policy,,,CONFIRMED
2010-10-24,WEEKEND,Sunday,weekend,weekend_policy,,,CONFIRMED
2010-10-30,WEEKEND,Saturday,weekend,weekend_policy,,,CONFIRMED
2010-10-31,WEEKEND,Sunday,weekend,weekend_policy,,,CONFIRMED
2010-11-06,WEEKEND,Saturday,weekend,weekend_policy,,,CONFIRMED
2010-11-07,WEEKEND,Sunday,weekend,weekend_policy,,,CONFIRMED
2010-11-13,WEEKEND,Saturday,weekend,weekend_policy,,,CONFIRMED
2010-11-14,WEEKEND,Sunday,weekend,weekend_policy,,,CONFIRMED
2010-11-20,WEEKEND,Saturday,weekend,weekend_policy,,,CONFIRMED
2010-11-21,WEEKEND,Sunday,weekend,weekend_policy,,,CONFIRMED
2010-11-27,WEEKEND,Saturday,weekend,weekend_policy,,,CONFIRMED
2010-11-28,WEEKEND,Sunday,weekend,weekend_policy,,,CONFIRMED
2010-12-04,WEEKEND,Saturday,weekend,weekend_policy,,,CONFIRMED
2010-12-05,WEEKEND,Sunday,weekend,weekend_policy,,,CONFIRMED
2010-12-11,WEEKEND,Saturday,weekend,weekend_policy,,,CONFIRMED
2010-12-12,WEEKEND,Sunday,weekend,weekend_policy,,,CONFIRMED
2010-12-18,WEEKEND,Saturday,weekend,weekend_policy,,,CONFIRMED
2010-12-19,WEEKEND,Sunday,weekend,weekend_policy,,,CONFIRMED
2010-12-25,WEEKEND,Saturday,weekend,weekend_policy,,,CONFIRMED
2010-12-26,WEEKEND,Sunday,weekend,weekend_policy,,,CONFIRMED
2010-12-27,CLOSED,Christmas Day,ca_christmas,module:ca_christmas,2010-12-25,,CONFIRMED
2010-12-28,CLOSED,Boxing Day,ca_boxing_day,module:ca_boxing_day,2010-12-26,,CONFIRMED
2011-01-01,WEEKEND,Saturday,weekend,weekend_policy,,,CONFIRMED
2011-01-02,WEEKEND,Sunday,weekend,weekend_policy,,,CONFIRMED
2011-01-03,CLOSED,New Year's Day,ca_new_years_day,module:ca_new_years_day,2011-01-01,,CONFIRMED
2011-01-08,WEEKEND,Saturday,weekend,weekend_policy,,,CONFIRMED
2011-01-09,WEEKEND,Sunday,weekend,weekend_policy,,,CONFIRMED
2011-01-15,WEEKEND,Saturday,weekend,weekend_policy,,,CONFIRMED
2011-01-16,WEEKEND,Sunday,weekend,weekend_policy,,,CONFIRMED
2011-01-22,WEEKEND,Saturday,weekend,weekend_policy,,,CONFIRMED
2011-01-23,WEEKEND,Sunday,weekend,weekend_policy,,,CONFIRMED
2011-01-29,WEEKEND,Saturday,weekend,weekend_policy,,,CONFIRMED
2011-01-30,WEEKEND,Sunday,weekend,weekend_policy,,,CONFIRMED
2011-02-05,WEEKEND,Saturday,weekend,weekend_policy,,,CONFIRMED
2011-02-06,WEEKEND,Sunday,weekend,weekend_policy,,,CONFIRMED
2011-02-12,WEEKEND,Saturday,weekend,weekend_policy,,,CONFIRMED
2011-02-13,WEEKEND,Sunday,weekend,weekend_policy,,,CONFIRMED
2011-02-19,WEEKEND,Saturday,weekend,weekend_policy,,,CONFIRMED
2011-02-20,WEEKEND,Sunday,weekend,weekend_policy,,,CONFIRMED
2011-02-21,CLOSED,Family Day,ca_family_day,module:ca_family_day,,,CONFIRMED
2011-02-26,WEEKEND,Saturday,weekend,weekend_policy,,,CONFIRMED
2011-02-27,WEEKEND,Sunday,weekend,weekend_policy,,,CONFIRMED
2011-03-05,WEEKEND,Saturday,weekend,weekend_policy,,,CONFIRMED
2011-03-06,WEEKEND,Sunday,weekend,weekend_policy,,,CONFIRMED
2011-03-12,WEEKEND,Saturday,weekend,weekend_policy,,,CONFIRMED
2011-03-13,WEEKEND,Sunday,weekend,weekend_policy,,,CONFIRMED
2011-03-19,WEEKEND,Saturday,weekend,weekend_policy,,,CONFIRMED
2011-03-20,WEEKEND,Sunday,weekend,weekend_policy,,,CONFIRMED
2011-03-26,WEEKEND,Saturday,weekend,weekend_policy,,,CONFIRMED
2011-03-27,WEEKEND,Sunday,weekend,weekend_policy,,,CONFIRMED
2011-04-02,WEEKEND,Saturday,weekend,weekend_policy,,,CONFIRMED
2011-04-03,WEEKEND,Sunday,weekend,weekend_policy,,,CONFIRMED
2011-04-09,WEEKEND,Saturday,weekend,weekend_policy,,,CONFIRMED
2011-04-10,WEEKEND,Sunday,weekend,weekend_policy,,,CONFIRMED
2011-04-16,WEEKEND,Saturday,weekend,weekend_policy,,,CONFIRMED
2011-04-17,WEEKEND,Sunday,weekend,weekend_policy,,,CONFIRMED
2011-04-22,CLOSED,Good Friday,ca_good_friday,module:ca_good_friday,,,CONFIRMED
2011-04-23,WEEKEND,Saturday,weekend,weekend_policy,,,CONFIRMED
2011-04-24,WEEKEND,Sunday,weekend,weekend_policy,,,CONFIRMED
2011-04-30,WEEKEND,Saturday,weekend,weekend_policy,,,CONFIRMED
2011-05-01,WEEKEND,Sunday,weekend,weekend_policy,,,CONFIRMED
2011-05-07,WEEKEND,Saturday,weekend,weekend_policy,,,CONFIRMED
2011-05-08,WEEKEND,Sunday,weekend,weekend_policy,,,CONFIRMED
2011-05-14,WEEKEND,Saturday,weekend,weekend_policy,,,CONFIRMED
2011-05-15,WEEKEND,Sunday,weekend,weekend_policy,,,CONFIRMED
2011-05-21,WEEKEND,Saturday,weekend,weekend_policy,,,CONFIRMED
2011-05-22,WEEKEND,Sunday,weekend,weekend_policy,,,CONFIRMED
2011-05-23,CLOSED,Victoria Day,ca_victoria_day,module:ca_victoria_day,,,CONFIRMED
2011-05-28,WEEKEND,Saturday,weekend,weekend_policy,,,CONFIRMED
2011-05-29,WEEKEND,Sunday,weekend,weekend_policy,,,CONFIRMED
2011-06-04,WEEKEND,Saturday,weekend,weekend_policy,,,CONFIRMED
2011-06-05,WEEKEND,Sunday,weekend,weekend_policy,,,CONFIRMED
2011-06-11,WEEKEND,Saturday,weekend,weekend_policy,,,CONFIRMED
2011-06-12,WEEKEND,Sunday,weekend,weekend_policy,,,CONFIRMED
2011-06-18,WEEKEND,Saturday,weekend,weekend_policy,,,CONFIRMED
2011-06-19,WEEKEND,Sunday,weekend,weekend_policy,,,CONFIRMED
2011-06-25,WEEKEND,Saturday,weekend,weekend_policy,,,CONFIRMED
2011-06-26,WEEKEND,Sunday,weekend,weekend_policy,,,CONFIRMED
2011-07-01,CLOSED,Canada Day,ca_canada_day,module:ca_canada_day,,,CONFIRMED
2011-07-02,WEEKEND,Saturday,weekend,weekend_policy,,,CONFIRMED
2011-07-03,WEEKEND,Sunday,weekend,weekend_policy,,,CONFIRMED
2011-07-09,WEEKEND,Saturday,weekend,weekend_policy,,,CONFIRMED
2011-07-10,WEEKEND,Sunday,weekend,weekend_policy,,,CONFIRMED
2011-07-16,WEEKEND,Saturday,weekend,weekend_policy,,,CONFIRMED
2011-07-17,WEEKEND,Sunday,weekend,weekend_policy,,,CONFIRMED
2011-07-23,WEEKEND,Saturday,weekend,weekend_policy,,,CONFIRMED
2011-07-24,WEEKEND,Sunday,weekend,weekend_policy,,,CONFIRMED
2011-07-30,WEEKEND,Saturday,weekend,weekend_policy,,,CONFIRMED
2011-07-31,WEEKEND,Sunday,weekend,weekend_policy,,,CONFIRMED
2011-08-01,CLOSED,Civic Holiday,ca_civic_holiday,module:ca_civic_holiday,,,CONFIRMED
2011-08-06,WEEKEND,Saturday,weekend,weekend_policy,,,CONFIRMED
2011-08-07,WEEKEND,Sunday,weekend,weekend_policy,,,CONFIRMED
2011-08-13,WEEKEND,Saturday,weekend,weekend_policy,,,CONFIRMED
2011-08-14,WEEKEND,Sunday,weekend,weekend_policy,,,CONFIRMED
2011-08-20,WEEKEND,Saturday,weekend,weekend_policy,,,CONFIRMED
2011-08-21,WEEKEND,Sunday,weekend,weekend_policy,,,CONFIRMED
2011-08-27,WEEKEND,Saturday,weekend,weekend_policy,,,CONFIRMED
2011-08-28,WEEKEND,Sunday,weekend,weekend_policy,,,CONFIRMED
2011-09-03,WEEKEND,Saturday,weekend,weekend_policy,,,CONFIRMED
2011-09-04,WEEKEND,Sunday,weekend,weekend_policy,,,CONFIRMED
2011-09-05,CLOSED,Labour Day,ca_labour_day,module:ca_labour_day,,,CONFIRMED
2011-09-10,WEEKEND,Saturday,weekend,weekend_policy,,,CONFIRMED
2011-09-11,WEEKEND,Sunday,weekend,weekend_policy,,,CONFIRMED
2011-09-17,WEEKEND,Saturday,weekend,weekend_policy,,,CONFIRMED
2011-09-18,WEEKEND,Sunday,weekend,weekend_policy,,,CONFIRMED
2011-09-24,WEEKEND,Saturday,weekend,weekend_policy,,,CONFIRMED
2011-09-25,WEEKEND,Sunday,weekend,weekend_policy,,,CONFIRMED
2011-10-01,WEEKEND,Saturday,weekend,weekend_policy,,,CONFIRMED
2011-10-02,WEEKEND,Sunday,weekend,weekend_policy,,,CONFIRMED
2011-10-08,WEEKEND,Saturday,weekend,weekend_policy,,,CONFIRMED
2011-10-09,WEEKEND,Sunday,weekend,weekend_policy,,,CONFIRMED
2011-10-10,CLOSED,Thanksgiving Day,ca_thanksgiving,module:ca_thanksgiving,,,CONFIRMED
2011-10-15,WEEKEND,Saturday,weekend,weekend_policy,,,CONFIRMED
2011-10-16,WEEKEND,Sunday,weekend,weekend_policy,,,CONFIRMED
2011-10-22,WEEKEND,Saturday,weekend,weekend_policy,,,CONFIRMED
2011-10-23,WEEKEND,Sunday,weekend,weekend_policy,,,CONFIRMED
2011-10-29,WEEKEND,Saturday,weekend,weekend_policy,,,CONFIRMED
2011-10-30,WEEKEND,Sunday,weekend,weekend_policy,,,CONFIRMED
2011-11-05,WEEKEND,Saturday,weekend,weekend_policy,,,CONFIRMED
2011-11-06,WEEKEND,Sunday,weekend,weekend_policy,,,CONFIRMED
2011-11-12,WEEKEND,Saturday,weekend,weekend_policy,,,CONFIRMED
2011-11-13,WEEKEND,Sunday,weekend,weekend_policy,,,CONFIRMED
2011-11-19,WEEKEND,Saturday,weekend,weekend_policy,,,CONFIRMED
2011-11-20,WEEKEND,Sunday,weekend,weekend_policy,,,CONFIRMED
2011-11-26,WEEKEND,Saturday,weekend,weekend_policy,,,CONFIRMED
2011-11-27,WEEKEND,Sunday,weekend,weekend_policy,,,CONFIRMED
2011-12-03,WEEKEND,Saturday,weekend,weekend_policy,,,CONFIRMED
2011-12-04,WEEKEND,Sunday,weekend,weekend_policy,,,CONFIRMED
2011-12-10,WEEKEND,Saturday,weekend,weekend_policy,,,CONFIRMED
2011-12-11,WEEKEND,Sunday,weekend,weekend_policy,,,CONFIRMED
2011-12-17,WEEKEND,Saturday,weekend,weekend_policy,,,CONFIRMED
2011-12-18,WEEKEND,Sunday,weekend,weekend_policy,,,CONFIRMED
2011-12-24,WEEKEND,Saturday,weekend,weekend_policy,,,CONFIRMED
2011-12-25,WEEKEND,Sunday,weekend,weekend_policy,,,CONFIRMED
2011-12-26,CLOSED,Christmas Day,ca_christmas,module:ca_christmas,2011-12-25,,CONFIRMED
2011-12-27,CLOSED,Boxing Day,ca_boxing_day,module:ca_boxing_day,2011-12-26,,CONFIRMED
2011-12-31,WEEKEND,Saturday,weekend,weekend_policy,,,CONFIRMED
2012-01-01,WEEKEND,Sunday,weekend,weekend_policy,,,CONFIRMED
2012-01-02,CLOSED,New Year's Day,ca_new_years_day,module:ca_new_years_day,2012-01-01,,CONFIRMED
2012-01-07,WEEKEND,Saturday,weekend,weekend_policy,,,CONFIRMED
2012-01-08,WEEKEND,Sunday,weekend,weekend_policy,,,CONFIRMED
2012-01-14,WEEKEND,Saturday,weekend,weekend_policy,,,CONFIRMED
2012-01-15,WEEKEND,Sunday,weekend,weekend_policy,,,CONFIRMED
2012-01-21,WEEKEND,Saturday,weekend,weekend_policy,,,CONFIRMED
2012-01-22,WEEKEND,Sunday,weekend,weekend_policy,,,CONFIRMED
2012-01-28,WEEKEND,Saturday,weekend,weekend_policy,,,CONFIRMED
2012-01-29,WEEKEND,Sunday,weekend,weekend_policy,,,CONFIRMED
2012-02-04,WEEKEND,Saturday,weekend,weekend_policy,,,CONFIRMED
2012-02-05,WEEKEND,Sunday,weekend,weekend_policy,,,CONFIRMED
2012-02-11,WEEKEND,Saturday,weekend,weekend_policy,,,CONFIRMED
2012-02-12,WEEKEND,Sunday,weekend,weekend_policy,,,CONFIRMED
2012-02-18,WEEKEND,Saturday,weekend,weekend_policy,,,CONFIRMED
2012-02-19,WEEKEND,Sunday,weekend,weekend_policy,,,CONFIRMED
2012-02-20,CLOSED,Family Day,ca_family_day,module:ca_family_day,,,CONFIRMED
2012-02-25,WEEKEND,Saturday,weekend,weekend_policy,,,CONFIRMED
2012-02-26,WEEKEND,Sunday,weekend,weekend_policy,,,CONFIRMED
2012-03-03,WEEKEND,Saturday,weekend,weekend_policy,,,CONFIRMED
2012-03-04,WEEKEND,Sunday,weekend,weekend_policy,,,CONFIRMED
2012-03-10,WEEKEND,Saturday,weekend,weekend_policy,,,CONFIRMED
2012-03-11,WEEKEND,Sunday,weekend,weekend_policy,,,CONFIRMED
2012-03-17,WEEKEND,Saturday,weekend,weekend_policy,,,CONFIRMED
2012-03-18,WEEKEND,Sunday,weekend,weekend_policy,,,CONFIRMED
2012-03-24,WEEKEND,Saturday,weekend,weekend_policy,,,CONFIRMED
2012-03-25,WEEKEND,Sunday,weekend,weekend_policy,,,CONFIRMED
2012-03-31,WEEKEND,Saturday,weekend,weekend_policy,,,CONFIRMED
2012-04-01,WEEKEND,Sunday,weekend,weekend_policy,,,CONFIRMED
2012-04-06,CLOSED,Good Friday,ca_good_friday,module:ca_good_friday,,,CONFIRMED
2012-04-07,WEEKEND,Saturday,weekend,weekend_policy,,,CONFIRMED
2012-04-08,WEEKEND,Sunday,weekend,weekend_policy,,,CONFIRMED
2012-04-14,WEEKEND,Saturday,weekend,weekend_policy,,,CONFIRMED
2012-04-15,WEEKEND,Sunday,weekend,weekend_policy,,,CONFIRMED
2012-04-21,WEEKEND,Saturday,weekend,weekend_policy,,,CONFIRMED
2012-04-22,WEEKEND,Sunday,weekend,weekend_policy,,,CONFIRMED
2012-04-28,WEEKEND,Saturday,weekend,weekend_policy,,,CONFIRMED
2012-04-29,WEEKEND,Sunday,weekend,weekend_policy,,,CONFIRMED
2012-05-05,WEEKEND,Saturday,weekend,weekend_policy,,,CONFIRMED
2012-05-06,WEEKEND,Sunday,weekend,weekend_policy,,,CONFIRMED
2012-05-12,WEEKEND,Saturday,weekend,weekend_policy,,,CONFIRMED
2012-05-13,WEEKEND,Sunday,weekend,weekend_policy,,,CONFIRMED
2012-05-19,WEEKEND,Saturday,weekend,weekend_policy,,,CONFIRMED
2012-05-20,WEEKEND,Sunday,weekend,weekend_policy,,,CONFIRMED
2012-05-21,CLOSED,Victoria Day,ca_victoria_day,module:ca_victoria_day,,,CONFIRMED
2012-05-26,WEEKEND,Saturday,weekend,weekend_policy,,,CONFIRMED
2012-05-27,WEEKEND,Sunday,weekend,weekend_policy,,,CONFIRMED
2012-06-02,WEEKEND,Saturday,weekend,weekend_policy,,,CONFIRMED
2012-06-03,WEEKEND,Sunday,weekend,weekend_policy,,,CONFIRMED
2012-06-09,WEEKEND,Saturday,weekend,weekend_policy,,,CONFIRMED
2012-06-10,WEEKEND,Sunday,weekend,weekend_policy,,,CONFIRMED
2012-06-16,WEEKEND,Saturday,weekend,weekend_policy,,,CONFIRMED
2012-06-17,WEEKEND,Sunday,weekend,weekend_policy,,,CONFIRMED
2012-06-23,WEEKEND,Saturday,weekend,weekend_policy,,,CONFIRMED
2012-06-24,WEEKEND,Sunday,weekend,weekend_policy,,,CONFIRMED
2012-06-30,WEEKEND,Saturday,weekend,weekend_policy,,,CONFIRMED
2012-07-01,WEEKEND,Sunday,weekend,weekend_policy,,,CONFIRMED
2012-07-02,CLOSED,Canada Day,ca_canada_day,module:ca_canada_day,2012-07-01,,CONFIRMED
2012-07-07,WEEKEND,Saturday,weekend,weekend_policy,,,CONFIRMED
2012-07-08,WEEKEND,Sunday,weekend,weekend_policy,,,CONFIRMED
2012-07-14,WEEKEND,Saturday,weekend,weekend_policy,,,CONFIRMED
2012-07-15,WEEKEND,Sunday,weekend,weekend_policy,,,CONFIRMED
2012-07-21,WEEKEND,Saturday,weekend,weekend_policy,,,CONFIRMED
2012-07-22,WEEKEND,Sunday,weekend,weekend_policy,,,CONFIRMED
2012-07-28,WEEKEND,Saturday,weekend,weekend_policy,,,CONFIRMED
2012-07-29,WEEKEND,Sunday,weekend,weekend_policy,,,CONFIRMED
2012-08-04,WEEKEND,Saturday,weekend,weekend_policy,,,CONFIRMED
2012-08-05,WEEKEND,Sunday,weekend,weekend_policy,,,CONFIRMED
2012-08-06,CLOSED,Civic Holiday,ca_civic_holiday,module:ca_civic_holiday,,,CONFIRMED
2012-08-11,WEEKEND,Saturday,weekend,weekend_policy,,,CONFIRMED
2012-08-12,WEEKEND,Sunday,weekend,weekend_policy,,,CONFIRMED
2012-08-18,WEEKEND,Saturday,weekend,weekend_policy,,,CONFIRMED
2012-08-19,WEEKEND,Sunday,weekend,weekend_policy,,,CONFIRMED
2012-08-25,WEEKEND,Saturday,weekend,weekend_policy,,,CONFIRMED
2012-08-26,WEEKEND,Sunday,weekend,weekend_policy,,,CONFIRMED
2012-09-01,WEEKEND,Saturday,weekend,weekend_policy,,,CONFIRMED
2012-09-02,WEEKEND,Sunday,weekend,weekend_policy,,,CONFIRMED
2012-09-03,CLOSED,Labour Day,ca_labour_day,module:ca_labour_day,,,CONFIRMED
2012-09-08,WEEKEND,Saturday,weekend,weekend_policy,,,CONFIRMED
2012-09-09,WEEKEND,Sunday,weekend,weekend_policy,,,CONFIRMED
2012-09-15,WEEKEND,Saturday,weekend,weekend_policy,,,CONFIRMED
2012-09-16,WEEKEND,Sunday,weekend,weekend_policy,,,CONFIRMED
2012-09-22,WEEKEND,Saturday,weekend,weekend_policy,,,CONFIRMED
2012-09-23,WEEKEND,Sunday,weekend,weekend_policy,,,CONFIRMED
2012-09-29,WEEKEND,Saturday,weekend,weekend_policy,,,CONFIRMED
2012-09-30,WEEKEND,Sunday,weekend,weekend_policy,,,CONFIRMED
2012-10-06,WEEKEND,Saturday,weekend,weekend_policy,,,CONFIRMED
2012-10-07,WEEKEND,Sunday,weekend,weekend_policy,,,CONFIRMED
2012-10-08,CLOSED,Thanksgiving Day,ca_thanksgiving,module:ca_thanksgiving,,,CONFIRMED
2012-10-13,WEEKEND,Saturday,weekend,weekend_policy,,,CONFIRMED
2012-10-14,WEEKEND,Sunday,weekend,weekend_policy,,,CONFIRMED
2012-10-20,WEEKEND,Saturday,weekend,weekend_policy,,,CONFIRMED
2012-10-21,WEEKEND,Sunday,weekend,weekend_policy,,,CONFIRMED
2012-10-27,WEEKEND,Saturday,weekend,weekend_policy,,,CONFIRMED
2012-10-28,WEEKEND,Sunday,weekend,weekend_policy,,,CONFIRMED
2012-11-03,WEEKEND,Saturday,weekend,weekend_policy,,,CONFIRMED
2012-11-04,WEEKEND,Sunday,weekend,weekend_policy,,,CONFIRMED
2012-11-10,WEEKEND,Saturday,weekend,weekend_policy,,,CONFIRMED
2012-11-11,WEEKEND,Sunday,weekend,weekend_policy,,,CONFIRMED
2012-11-17,WEEKEND,Saturday,weekend,weekend_policy,,,CONFIRMED
2012-11-18,WEEKEND,Sunday,weekend,weekend_policy,,,CONFIRMED
2012-11-24,WEEKEND,Saturday,weekend,weekend_policy,,,CONFIRMED
2012-11-25,WEEKEND,Sunday,weekend,weekend_policy,,,CONFIRMED
2012-12-01,WEEKEND,Saturday,weekend,weekend_policy,,,CONFIRMED
2012-12-02,WEEKEND,Sunday,weekend,weekend_policy,,,CONFIRMED
2012-12-08,WEEKEND,Saturday,weekend,weekend_policy,,,CONFIRMED
2012-12-09,WEEKEND,Sunday,weekend,weekend_policy,,,CONFIRMED
2012-12-15,WEEKEND,Saturday,weekend,weekend_policy,,,CONFIRMED
2012-12-16,WEEKEND,Sunday,weekend,weekend_policy,,,CONFIRMED
2012-12-22,WEEKEND,Saturday,weekend,weekend_policy,,,CONFIRMED
2012-12-23,WEEKEND,Sunday,weekend,weekend_policy,,,CONFIRMED
2012-12-25,CLOSED,Christmas Day,ca_christmas,module:ca_christmas,,,CONFIRMED
2012-12-26,CLOSED,Boxing Day,ca_boxing_day,module:ca_boxing_day,,,CONFIRMED
2012-12-29,WEEKEND,Saturday,weekend,weekend_policy,,,CONFIRMED
2012-12-30,WEEKEND,Sunday,weekend,weekend_policy,,,CONFIRMED
2013-01-01,CLOSED,New Year's Day,ca_new_years_day,module:ca_new_years_day,,,CONFIRMED
2013-01-05,WEEKEND,Saturday,weekend,weekend_policy,,,CONFIRMED
2013-01-06,WEEKEND,Sunday,weekend,weekend_policy,,,CONFIRMED
2013-01-12,WEEKEND,Saturday,weekend,weekend_policy,,,CONFIRMED
2013-01-13,WEEKEND,Sunday,weekend,weekend_policy,,,CONFIRMED
2013-01-19,WEEKEND,Saturday,weekend,weekend_policy,,,CONFIRMED
2013-01-20,WEEKEND,Sunday,weekend,weekend_policy,,,CONFIRMED
2013-01-26,WEEKEND,Saturday,weekend,weekend_policy,,,CONFIRMED
2013-01-27,WEEKEND,Sunday,weekend,weekend_policy,,,CONFIRMED
2013-02-02,WEEKEND,Saturday,weekend,weekend_policy,,,CONFIRMED
2013-02-03,WEEKEND,Sunday,weekend,weekend_policy,,,CONFIRMED
2013-02-09,WEEKEND,Saturday,weekend,weekend_policy,,,CONFIRMED
2013-02-10,WEEKEND,Sunday,weekend,weekend_policy,,,CONFIRMED
2013-02-16,WEEKEND,Saturday,weekend,weekend_policy,,,CONFIRMED
2013-02-17,WEEKEND,Sunday,weekend,weekend_policy,,,CONFIRMED
2013-02-18,CLOSED,Family Day,ca_family_day,module:ca_family_day,,,CONFIRMED
2013-02-23,WEEKEND,Saturday,weekend,weekend_policy,,,CONFIRMED
2013-02-24,WEEKEND,Sunday,weekend,weekend_policy,,,CONFIRMED
2013-03-02,WEEKEND,Saturday,weekend,weekend_policy,,,CONFIRMED
2013-03-03,WEEKEND,Sunday,weekend,weekend_policy,,,CONFIRMED
2013-03-09,WEEKEND,Saturday,weekend,weekend_policy,,,CONFIRMED
2013-03-10,WEEKEND,Sunday,weekend,weekend_policy,,,CONFIRMED
2013-03-16,WEEKEND,Saturday,weekend,weekend_policy,,,CONFIRMED
2013-03-17,WEEKEND,Sunday,weekend,weekend_policy,,,CONFIRMED
2013-03-23,WEEKEND,Saturday,weekend,weekend_policy,,,CONFIRMED
2013-03-24,WEEKEND,Sunday,weekend,weekend_policy,,,CONFIRMED
2013-03-29,CLOSED,Good Friday,ca_good_friday,module:ca_good_friday,,,CONFIRMED
2013-03-30,WEEKEND,Saturday,weekend,weekend_policy,,,CONFIRMED
2013-03-31,WEEKEND,Sunday,weekend,weekend_policy,,,CONFIRMED
2013-04-06,WEEKEND,Saturday,weekend,weekend_policy,,,CONFIRMED
2013-04-07,WEEKEND,Sunday,weekend,weekend_policy,,,CONFIRMED
2013-04-13,WEEKEND,Saturday,weekend,weekend_policy,,,CONFIRMED
2013-04-14,WEEKEND,Sunday,weekend,weekend_policy,,,CONFIRMED
2013-04-20,WEEKEND,Saturday,weekend,weekend_policy,,,CONFIRMED
2013-04-21,WEEKEND,Sunday,weekend,weekend_policy,,,CONFIRMED
2013-04-27,WEEKEND,Saturday,weekend,weekend_policy,,,CONFIRMED
2013-04-28,WEEKEND,Sunday,weekend,weekend_policy,,,CONFIRMED
2013-05-04,WEEKEND,Saturday,weekend,weekend_policy,,,CONFIRMED
2013-05-05,WEEKEND,Sunday,weekend,weekend_policy,,,CONFIRMED
2013-05-11,WEEKEND,Saturday,weekend,weekend_policy,,,CONFIRMED
2013-05-12,WEEKEND,Sunday,weekend,weekend_policy,,,CONFIRMED
2013-05-18,WEEKEND,Saturday,weekend,weekend_policy,,,CONFIRMED
2013-05-19,WEEKEND,Sunday,weekend,weekend_policy,,,CONFIRMED
2013-05-20,CLOSED,Victoria Day,ca_victoria_day,module:ca_victoria_day,,,CONFIRMED
2013-05-25,WEEKEND,Saturday,weekend,weekend_policy,,,CONFIRMED
2013-05-26,WEEKEND,Sunday,weekend,weekend_policy,,,CONFIRMED
2013-06-01,WEEKEND,Saturday,weekend,weekend_policy,,,CONFIRMED
2013-06-02,WEEKEND,Sunday,weekend,weekend_policy,,,CONFIRMED
2013-06-08,WEEKEND,Saturday,weekend,weekend_policy,,,CONFIRMED
2013-06-09,WEEKEND,Sunday,weekend,weekend_policy,,,CONFIRMED
2013-06-15,WEEKEND,Saturday,weekend,weekend_policy,,,CONFIRMED
2013-06-16,WEEKEND,Sunday,weekend,weekend_policy,,,CONFIRMED
2013-06-22,WEEKEND,Saturday,weekend,weekend_policy,,,CONFIRMED
2013-06-23,WEEKEND,Sunday,weekend,weekend_policy,,,CONFIRMED
2013-06-29,WEEKEND,Saturday,weekend,weekend_policy,,,CONFIRMED
2013-06-30,WEEKEND,Sunday,weekend,weekend_policy,,,CONFIRMED
2013-07-01,CLOSED,Canada Day,ca_canada_day,module:ca_canada_day,,,CONFIRMED
2013-07-06,WEEKEND,Saturday,weekend,weekend_policy,,,CONFIRMED
2013-07-07,WEEKEND,Sunday,weekend,weekend_policy,,,CONFIRMED
2013-07-13,WEEKEND,Saturday,weekend,weekend_policy,,,CONFIRMED
2013-07-14,WEEKEND,Sunday,weekend,weekend_policy,,,CONFIRMED
2013-07-20,WEEKEND,Saturday,weekend,weekend_policy,,,CONFIRMED
2013-07-21,WEEKEND,Sunday,weekend,weekend_policy,,,CONFIRMED
2013-07-27,WEEKEND,Saturday,weekend,weekend_policy,,,CONFIRMED
2013-07-28,WEEKEND,Sunday,weekend,weekend_policy,,,CONFIRMED
2013-08-03,WEEKEND,Saturday,weekend,weekend_policy,,,CONFIRMED
2013-08-04,WEEKEND,Sunday,weekend,weekend_policy,,,CONFIRMED
2013-08-05,CLOSED,Civic Holiday,ca_civic_holiday,module:ca_civic_holiday,,,CONFIRMED
2013-08-10,WEEKEND,Saturday,weekend,weekend_policy,,,CONFIRMED
2013-08-11,WEEKEND,Sunday,weekend,weekend_policy,,,CONFIRMED
2013-08-17,WEEKEND,Saturday,weekend,weekend_policy,,,CONFIRMED
2013-08-18,WEEKEND,Sunday,weekend,weekend_policy,,,CONFIRMED
2013-08-24,WEEKEND,Saturday,weekend,weekend_policy,,,CONFIRMED
2013-08-25,WEEKEND,Sunday,weekend,weekend_policy,,,CONFIRMED
2013-08-31,WEEKEND,Saturday,weekend,weekend_policy,,,CONFIRMED
2013-09-01,WEEKEND,Sunday,weekend,weekend_policy,,,CONFIRMED
2013-09-02,CLOSED,Labour Day,ca_labour_day,module:ca_labour_day,,,CONFIRMED
2013-09-07,WEEKEND,Saturday,weekend,weekend_policy,,,CONFIRMED
2013-09-08,WEEKEND,Sunday,weekend,weekend_policy,,,CONFIRMED
2013-09-14,WEEKEND,Saturday,weekend,weekend_policy,,,CONFIRMED
2013-09-15,WEEKEND,Sunday,weekend,weekend_policy,,,CONFIRMED
2013-09-21,WEEKEND,Saturday,weekend,weekend_policy,,,CONFIRMED
2013-09-22,WEEKEND,Sunday,weekend,weekend_policy,,,CONFIRMED
2013-09-28,WEEKEND,Saturday,weekend,weekend_policy,,,CONFIRMED
2013-09-29,WEEKEND,Sunday,weekend,weekend_policy,,,CONFIRMED
2013-10-05,WEEKEND,Saturday,weekend,weekend_policy,,,CONFIRMED
2013-10-06,WEEKEND,Sunday,weekend,weekend_policy,,,CONFIRMED
2013-10-12,WEEKEND,Saturday,weekend,weekend_policy,,,CONFIRMED
2013-10-13,WEEKEND,Sunday,weekend,weekend_policy,,,CONFIRMED
2013-10-14,CLOSED,Thanksgiving Day,ca_thanksgiving,module:ca_thanksgiving,,,CONFIRMED
2013-10-19,WEEKEND,Saturday,weekend,weekend_policy,,,CONFIRMED
2013-10-20,WEEKEND,Sunday,weekend,weekend_policy,,,CONFIRMED
2013-10-26,WEEKEND,Saturday,weekend,weekend_policy,,,CONFIRMED
2013-10-27,WEEKEND,Sunday,weekend,weekend_policy,,,CONFIRMED
2013-11-02,WEEKEND,Saturday,weekend,weekend_policy,,,CONFIRMED
2013-11-03,WEEKEND,Sunday,weekend,weekend_policy,,,CONFIRMED
2013-11-09,WEEKEND,Saturday,weekend,weekend_policy,,,CONFIRMED
2013-11-10,WEEKEND,Sunday,weekend,weekend_policy,,,CONFIRMED
2013-11-16,WEEKEND,Saturday,weekend,weekend_policy,,,CONFIRMED
2013-11-17,WEEKEND,Sunday,weekend,weekend_policy,,,CONFIRMED
2013-11-23,WEEKEND,Saturday,weekend,weekend_policy,,,CONFIRMED
2013-11-24,WEEKEND,Sunday,weekend,weekend_policy,,,CONFIRMED
2013-11-30,WEEKEND,Saturday,weekend,weekend_policy,,,CONFIRMED
2013-12-01,WEEKEND,Sunday,weekend,weekend_policy,,,CONFIRMED
2013-12-07,WEEKEND,Saturday,weekend,weekend_policy,,,CONFIRMED
2013-12-08,WEEKEND,Sunday,weekend,weekend_policy,,,CONFIRMED
2013-12-14,WEEKEND,Saturday,weekend,weekend_policy,,,CONFIRMED
2013-12-15,WEEKEND,Sunday,weekend,weekend_policy,,,CONFIRMED
2013-12-21,WEEKEND,Saturday,weekend,weekend_policy,,,CONFIRMED
2013-12-22,WEEKEND,Sunday,weekend,weekend_policy,,,CONFIRMED
2013-12-25,CLOSED,Christmas Day,ca_christmas,module:ca_christmas,,,CONFIRMED
2013-12-26,CLOSED,Boxing Day,ca_boxing_day,module:ca_boxing_day,,,CONFIRMED
2013-12-28,WEEKEND,Saturday,weekend,weekend_policy,,,CONFIRMED
2013-12-29,WEEKEND,Sunday,weekend,weekend_policy,,,CONFIRMED
2014-01-01,CLOSED,New Year's Day,ca_new_years_day,module:ca_new_years_day,,,CONFIRMED
2014-01-04,WEEKEND,Saturday,weekend,weekend_policy,,,CONFIRMED
2014-01-05,WEEKEND,Sunday,weekend,weekend_policy,,,CONFIRMED
2014-01-11,WEEKEND,Saturday,weekend,weekend_policy,,,CONFIRMED
2014-01-12,WEEKEND,Sunday,weekend,weekend_policy,,,CONFIRMED
2014-01-18,WEEKEND,Saturday,weekend,weekend_policy,,,CONFIRMED
2014-01-19,WEEKEND,Sunday,weekend,weekend_policy,,,CONFIRMED
2014-01-25,WEEKEND,Saturday,weekend,weekend_policy,,,CONFIRMED
2014-01-26,WEEKEND,Sunday,weekend,weekend_policy,,,CONFIRMED
2014-02-01,WEEKEND,Saturday,weekend,weekend_policy,,,CONFIRMED
2014-02-02,WEEKEND,Sunday,weekend,weekend_policy,,,CONFIRMED
2014-02-08,WEEKEND,Saturday,weekend,weekend_policy,,,CONFIRMED
2014-02-09,WEEKEND,Sunday,weekend,weekend_policy,,,CONFIRMED
2014-02-15,WEEKEND,Saturday,weekend,weekend_policy,,,CONFIRMED
2014-02-16,WEEKEND,Sunday,weekend,weekend_policy,,,CONFIRMED
2014-02-17,CLOSED,Family Day,ca_family_day,module:ca_family_day,,,CONFIRMED
2014-02-22,WEEKEND,Saturday,weekend,weekend_policy,,,CONFIRMED
2014-02-23,WEEKEND,Sunday,weekend,weekend_policy,,,CONFIRMED
2014-03-01,WEEKEND,Saturday,weekend,weekend_policy,,,CONFIRMED
2014-03-02,WEEKEND,Sunday,weekend,weekend_policy,,,CONFIRMED
2014-03-08,WEEKEND,Saturday,weekend,weekend_policy,,,CONFIRMED
2014-03-09,WEEKEND,Sunday,weekend,weekend_policy,,,CONFIRMED
2014-03-15,WEEKEND,Saturday,weekend,weekend_policy,,,CONFIRMED
2014-03-16,WEEKEND,Sunday,weekend,weekend_policy,,,CONFIRMED
2014-03-22,WEEKEND,Saturday,weekend,weekend_policy,,,CONFIRMED
2014-03-23,WEEKEND,Sunday,weekend,weekend_policy,,,CONFIRMED
2014-03-29,WEEKEND,Saturday,weekend,weekend_policy,,,CONFIRMED
2014-03-30,WEEKEND,Sunday,weekend,weekend_policy,,,CONFIRMED
2014-04-05,WEEKEND,Saturday,weekend,weekend_policy,,,CONFIRMED
2014-04-06,WEEKEND,Sunday,weekend,weekend_policy,,,CONFIRMED
2014-04-12,WEEKEND,Saturday,weekend,weekend_policy,,,CONFIRMED
2014-04-13,WEEKEND,Sunday,weekend,weekend_policy,,,CONFIRMED
2014-04-18,CLOSED,Good Friday,ca_good_friday,module:ca_good_friday,,,CONFIRMED
2014-04-19,WEEKEND,Saturday,weekend,weekend_policy,,,CONFIRMED
2014-04-20,WEEKEND,Sunday,weekend,weekend_policy,,,CONFIRMED
2014-04-26,WEEKEND,Saturday,weekend,weekend_policy,,,CONFIRMED
2014-04-27,WEEKEND,Sunday,weekend,weekend_policy,,,CONFIRMED
2014-05-03,WEEKEND,Saturday,weekend,weekend_policy,,,CONFIRMED
2014-05-04,WEEKEND,Sunday,weekend,weekend_policy,,,CONFIRMED
2014-05-10,WEEKEND,Saturday,weekend,weekend_policy,,,CONFIRMED
2014-05-11,WEEKEND,Sunday,weekend,weekend_policy,,,CONFIRMED
2014-05-17,WEEKEND,Saturday,weekend,weekend_policy,,,CONFIRMED
2014-05-18,WEEKEND,Sunday,weekend,weekend_policy,,,CONFIRMED
2014-05-19,CLOSED,Victoria Day,ca_victoria_day,module:ca_victoria_day,,,CONFIRMED
2014-05-24,WEEKEND,Saturday,weekend,weekend_policy,,,CONFIRMED
2014-05-25,WEEKEND,Sunday,weekend,weekend_policy,,,CONFIRMED
2014-05-31,WEEKEND,Saturday,weekend,weekend_policy,,,CONFIRMED
2014-06-01,WEEKEND,Sunday,weekend,weekend_policy,,,CONFIRMED
2014-06-07,WEEKEND,Saturday,weekend,weekend_policy,,,CONFIRMED
2014-06-08,WEEKEND,Sunday,weekend,weekend_policy,,,CONFIRMED
2014-06-14,WEEKEND,Saturday,weekend,weekend_policy,,,CONFIRMED
2014-06-15,WEEKEND,Sunday,weekend,weekend_policy,,,CONFIRMED
2014-06-21,WEEKEND,Saturday,weekend,weekend_policy,,,CONFIRMED
2014-06-22,WEEKEND,Sunday,weekend,weekend_policy,,,CONFIRMED
2014-06-28,WEEKEND,Saturday,weekend,weekend_policy,,,CONFIRMED
2014-06-29,WEEKEND,Sunday,weekend,weekend_policy,,,CONFIRMED
2014-07-01,CLOSED,Canada Day,ca_canada_day,module:ca_canada_day,,,CONFIRMED
2014-07-05,WEEKEND,Saturday,weekend,weekend_policy,,,CONFIRMED
2014-07-06,WEEKEND,Sunday,weekend,weekend_policy,,,CONFIRMED
2014-07-12,WEEKEND,Saturday,weekend,weekend_policy,,,CONFIRMED
2014-07-13,WEEKEND,Sunday,weekend,weekend_policy,,,CONFIRMED
2014-07-19,WEEKEND,Saturday,weekend,weekend_policy,,,CONFIRMED
2014-07-20,WEEKEND,Sunday,weekend,weekend_policy,,,CONFIRMED
2014-07-26,WEEKEND,Saturday,weekend,weekend_policy,,,CONFIRMED
2014-07-27,WEEKEND,Sunday,weekend,weekend_policy,,,CONFIRMED
2014-08-02,WEEKEND,Saturday,weekend,weekend_policy,,,CONFIRMED
2014-08-03,WEEKEND,Sunday,weekend,weekend_policy,,,CONFIRMED
2014-08-04,CLOSED,Civic Holiday,ca_civic_holiday,module:ca_civic_holiday,,,CONFIRMED
2014-08-09,WEEKEND,Saturday,weekend,weekend_policy,,,CONFIRMED
2014-08-10,WEEKEND,Sunday,weekend,weekend_policy,,,CONFIRMED
2014-08-16,WEEKEND,Saturday,weekend,weekend_policy,,,CONFIRMED
2014-08-17,WEEKEND,Sunday,weekend,weekend_policy,,,CONFIRMED
2014-08-23,WEEKEND,Saturday,weekend,weekend_policy,,,CONFIRMED
2014-08-24,WEEKEND,Sunday,weekend,weekend_policy,,,CONFIRMED
2014-08-30,WEEKEND,Saturday,weekend,weekend_policy,,,CONFIRMED
2014-08-31,WEEKEND,Sunday,weekend,weekend_policy,,,CONFIRMED
2014-09-01,CLOSED,Labour Day,ca_labour_day,module:ca_labour_day,,,CONFIRMED
2014-09-06,WEEKEND,Saturday,weekend,weekend_policy,,,CONFIRMED
2014-09-07,WEEKEND,Sunday,weekend,weekend_policy,,,CONFIRMED
2014-09-13,WEEKEND,Saturday,weekend,weekend_policy,,,CONFIRMED
2014-09-14,WEEKEND,Sunday,weekend,weekend_policy,,,CONFIRMED
2014-09-20,WEEKEND,Saturday,weekend,weekend_policy,,,CONFIRMED
2014-09-21,WEEKEND,Sunday,weekend,weekend_policy,,,CONFIRMED
2014-09-27,WEEKEND,Saturday,weekend,weekend_policy,,,CONFIRMED
2014-09-28,WEEKEND,Sunday,weekend,weekend_policy,,,CONFIRMED
2014-10-04,WEEKEND,Saturday,weekend,weekend_policy,,,CONFIRMED
2014-10-05,WEEKEND,Sunday,weekend,weekend_policy,,,CONFIRMED
2014-10-11,WEEKEND,Saturday,weekend,weekend_policy,,,CONFIRMED
2014-10-12,WEEKEND,Sunday,weekend,weekend_policy,,,CONFIRMED
2014-10-13,CLOSED,Thanksgiving Day,ca_thanksgiving,module:ca_thanksgiving,,,CONFIRMED
2014-10-18,WEEKEND,Saturday,weekend,weekend_policy,,,CONFIRMED
2014-10-19,WEEKEND,Sunday,weekend,weekend_policy,,,CONFIRMED
2014-10-25,WEEKEND,Saturday,weekend,weekend_policy,,,CONFIRMED
2014-10-26,WEEKEND,Sunday,weekend,weekend_policy,,,CONFIRMED
2014-11-01,WEEKEND,Saturday,weekend,weekend_policy,,,CONFIRMED
2014-11-02,WEEKEND,Sunday,weekend,weekend_policy,,,CONFIRMED
2014-11-08,WEEKEND,Saturday,weekend,weekend_policy,,,CONFIRMED
2014-11-09,WEEKEND,Sunday,weekend,weekend_policy,,,CONFIRMED
2014-11-15,WEEKEND,Saturday,weekend,weekend_policy,,,CONFIRMED
2014-11-16,WEEKEND,Sunday,weekend,weekend_policy,,,CONFIRMED
2014-11-22,WEEKEND,Saturday,weekend,weekend_policy,,,CONFIRMED
2014-11-23,WEEKEND,Sunday,weekend,weekend_policy,,,CONFIRMED
2014-11-29,WEEKEND,Saturday,weekend,weekend_policy,,,CONFIRMED
2014-11-30,WEEKEND,Sunday,weekend,weekend_policy,,,CONFIRMED
2014-12-06,WEEKEND,Saturday,weekend,weekend_policy,,,CONFIRMED
2014-12-07,WEEKEND,Sunday,weekend,weekend_policy,,,CONFIRMED
2014-12-13,WEEKEND,Saturday,weekend,weekend_policy,,,CONFIRMED
2014-12-14,WEEKEND,Sunday,weekend,weekend_policy,,,CONFIRMED
2014-12-20,WEEKEND,Saturday,weekend,weekend_policy,,,CONFIRMED
2014-12-21,WEEKEND,Sunday,weekend,weekend_policy,,,CONFIRMED
2014-12-25,CLOSED,Christmas Day,ca_christmas,module:ca_christmas,,,CONFIRMED
2014-12-26,CLOSED,Boxing Day,ca_boxing_day,module:ca_boxing_day,,,CONFIRMED
2014-12-27,WEEKEND,Saturday,weekend,weekend_policy,,,CONFIRMED
2014-12-28,WEEKEND,Sunday,weekend,weekend_policy,,,CONFIRMED
2015-01-01,CLOSED,New Year's Day,ca_new_years_day,module:ca_new_years_day,,,CONFIRMED
2015-01-03,WEEKEND,Saturday,weekend,weekend_policy,,,CONFIRMED
2015-01-04,WEEKEND,Sunday,weekend,weekend_policy,,,CONFIRMED
2015-01-10,WEEKEND,Saturday,weekend,weekend_policy,,,CONFIRMED
2015-01-11,WEEKEND,Sunday,weekend,weekend_policy,,,CONFIRMED
2015-01-17,WEEKEND,Saturday,weekend,weekend_policy,,,CONFIRMED
2015-01-18,WEEKEND,Sunday,weekend,weekend_policy,,,CONFIRMED
2015-01-24,WEEKEND,Saturday,weekend,weekend_policy,,,CONFIRMED
2015-01-25,WEEKEND,Sunday,weekend,weekend_policy,,,CONFIRMED
2015-01-31,WEEKEND,Saturday,weekend,weekend_policy,,,CONFIRMED
2015-02-01,WEEKEND,Sunday,weekend,weekend_policy,,,CONFIRMED
2015-02-07,WEEKEND,Saturday,weekend,weekend_policy,,,CONFIRMED
2015-02-08,WEEKEND,Sunday,weekend,weekend_policy,,,CONFIRMED
2015-02-14,WEEKEND,Saturday,weekend,weekend_policy,,,CONFIRMED
2015-02-15,WEEKEND,Sunday,weekend,weekend_policy,,,CONFIRMED
2015-02-16,CLOSED,Family Day,ca_family_day,module:ca_family_day,,,CONFIRMED
2015-02-21,WEEKEND,Saturday,weekend,weekend_policy,,,CONFIRMED
2015-02-22,WEEKEND,Sunday,weekend,weekend_policy,,,CONFIRMED
2015-02-28,WEEKEND,Saturday,weekend,weekend_policy,,,CONFIRMED
2015-03-01,WEEKEND,Sunday,weekend,weekend_policy,,,CONFIRMED
2015-03-07,WEEKEND,Saturday,weekend,weekend_policy,,,CONFIRMED
2015-03-08,WEEKEND,Sunday,weekend,weekend_policy,,,CONFIRMED
2015-03-14,WEEKEND,Saturday,weekend,weekend_policy,,,CONFIRMED
2015-03-15,WEEKEND,Sunday,weekend,weekend_policy,,,CONFIRMED
2015-03-21,WEEKEND,Saturday,weekend,weekend_policy,,,CONFIRMED
2015-03-22,WEEKEND,Sunday,weekend,weekend_policy,,,CONFIRMED
2015-03-28,WEEKEND,Saturday,weekend,weekend_policy,,,CONFIRMED
2015-03-29,WEEKEND,Sunday,weekend,weekend_policy,,,CONFIRMED
2015-04-03,CLOSED,Good Friday,ca_good_friday,module:ca_good_friday,,,CONFIRMED
2015-04-04,WEEKEND,Saturday,weekend,weekend_policy,,,CONFIRMED
2015-04-05,WEEKEND,Sunday,weekend,weekend_policy,,,CONFIRMED
2015-04-11,WEEKEND,Saturday,weekend,weekend_policy,,,CONFIRMED
2015-04-12,WEEKEND,Sunday,weekend,weekend_policy,,,CONFIRMED
2015-04-18,WEEKEND,Saturday,weekend,weekend_policy,,,CONFIRMED
2015-04-19,WEEKEND,Sunday,weekend,weekend_policy,,,CONFIRMED
2015-04-25,WEEKEND,Saturday,weekend,weekend_policy,,,CONFIRMED
2015-04-26,WEEKEND,Sunday,weekend,weekend_policy,,,CONFIRMED
2015-05-02,WEEKEND,Saturday,weekend,weekend_policy,,,CONFIRMED
2015-05-03,WEEKEND,Sunday,weekend,weekend_policy,,,CONFIRMED
2015-05-09,WEEKEND,Saturday,weekend,weekend_policy,,,CONFIRMED
2015-05-10,WEEKEND,Sunday,weekend,weekend_policy,,,CONFIRMED
2015-05-16,WEEKEND,Saturday,weekend,weekend_policy,,,CONFIRMED
2015-05-17,WEEKEND,Sunday,weekend,weekend_policy,,,CONFIRMED
2015-05-18,CLOSED,Victoria Day,ca_victoria_day,module:ca_victoria_day,,,CONFIRMED
2015-05-23,WEEKEND,Saturday,weekend,weekend_policy,,,CONFIRMED
2015-05-24,WEEKEND,Sunday,weekend,weekend_policy,,,CONFIRMED
2015-05-30,WEEKEND,Saturday,weekend,weekend_policy,,,CONFIRMED
2015-05-31,WEEKEND,Sunday,weekend,weekend_policy,,,CONFIRMED
2015-06-06,WEEKEND,Saturday,weekend,weekend_policy,,,CONFIRMED
2015-06-07,WEEKEND,Sunday,weekend,weekend_policy,,,CONFIRMED
2015-06-13,WEEKEND,Saturday,weekend,weekend_policy,,,CONFIRMED
2015-06-14,WEEKEND,Sunday,weekend,weekend_policy,,,CONFIRMED
2015-06-20,WEEKEND,Saturday,weekend,weekend_policy,,,CONFIRMED
2015-06-21,WEEKEND,Sunday,weekend,weekend_policy,,,CONFIRMED
2015-06-27,WEEKEND,Saturday,weekend,weekend_policy,,,CONFIRMED
2015-06-28,WEEKEND,Sunday,weekend,weekend_policy,,,CONFIRMED
2015-07-01,CLOSED,Canada Day,ca_canada_day,module:ca_canada_day,,,CONFIRMED
2015-07-04,WEEKEND,Saturday,weekend,weekend_policy,,,CONFIRMED
2015-07-05,WEEKEND,Sunday,weekend,weekend_policy,,,CONFIRMED
2015-07-11,WEEKEND,Saturday,weekend,weekend_policy,,,CONFIRMED
2015-07-12,WEEKEND,Sunday,weekend,weekend_policy,,,CONFIRMED
2015-07-18,WEEKEND,Saturday,weekend,weekend_policy,,,CONFIRMED
2015-07-19,WEEKEND,Sunday,weekend,weekend_policy,,,CONFIRMED
2015-07-25,WEEKEND,Saturday,weekend,weekend_policy,,,CONFIRMED
2015-07-26,WEEKEND,Sunday,weekend,weekend_policy,,,CONFIRMED
2015-08-01,WEEKEND,Saturday,weekend,weekend_policy,,,CONFIRMED
2015-08-02,WEEKEND,Sunday,weekend,weekend_policy,,,CONFIRMED
2015-08-03,CLOSED,Civic Holiday,ca_civic_holiday,module:ca_civic_holiday,,,CONFIRMED
2015-08-08,WEEKEND,Saturday,weekend,weekend_policy,,,CONFIRMED
2015-08-09,WEEKEND,Sunday,weekend,weekend_policy,,,CONFIRMED
2015-08-15,WEEKEND,Saturday,weekend,weekend_policy,,,CONFIRMED
2015-08-16,WEEKEND,Sunday,weekend,weekend_policy,,,CONFIRMED
2015-08-22,WEEKEND,Saturday,weekend,weekend_policy,,,CONFIRMED
2015-08-23,WEEKEND,Sunday,weekend,weekend_policy,,,CONFIRMED
2015-08-29,WEEKEND,Saturday,weekend,weekend_policy,,,CONFIRMED
2015-08-30,WEEKEND,Sunday,weekend,weekend_policy,,,CONFIRMED
2015-09-05,WEEKEND,Saturday,weekend,weekend_policy,,,CONFIRMED
2015-09-06,WEEKEND,Sunday,weekend,weekend_policy,,,CONFIRMED
2015-09-07,CLOSED,Labour Day,ca_labour_day,module:ca_labour_day,,,CONFIRMED
2015-09-12,WEEKEND,Saturday,weekend,weekend_policy,,,CONFIRMED
2015-09-13,WEEKEND,Sunday,weekend,weekend_policy,,,CONFIRMED
2015-09-19,WEEKEND,Saturday,weekend,weekend_policy,,,CONFIRMED
2015-09-20,WEEKEND,Sunday,weekend,weekend_policy,,,CONFIRMED
2015-09-26,WEEKEND,Saturday,weekend,weekend_policy,,,CONFIRMED
2015-09-27,WEEKEND,Sunday,weekend,weekend_policy,,,CONFIRMED
2015-10-03,WEEKEND,Saturday,weekend,weekend_policy,,,CONFIRMED
2015-10-04,WEEKEND,Sunday,weekend,weekend_policy,,,CONFIRMED
2015-10-10,WEEKEND,Saturday,weekend,weekend_policy,,,CONFIRMED
2015-10-11,WEEKEND,Sunday,weekend,weekend_policy,,,CONFIRMED
2015-10-12,CLOSED,Thanksgiving Day,ca_thanksgiving,module:ca_thanksgiving,,,CONFIRMED
2015-10-17,WEEKEND,Saturday,weekend,weekend_policy,,,CONFIRMED
2015-10-18,WEEKEND,Sunday,weekend,weekend_policy,,,CONFIRMED
2015-10-24,WEEKEND,Saturday,weekend,weekend_policy,,,CONFIRMED
2015-10-25,WEEKEND,Sunday,weekend,weekend_policy,,,CONFIRMED
2015-10-31,WEEKEND,Saturday,weekend,weekend_policy,,,CONFIRMED
2015-11-01,WEEKEND,Sunday,weekend,weekend_policy,,,CONFIRMED
2015-11-07,WEEKEND,Saturday,weekend,weekend_policy,,,CONFIRMED
2015-11-08,WEEKEND,Sunday,weekend,weekend_policy,,,CONFIRMED
2015-11-14,WEEKEND,Saturday,weekend,weekend_policy,,,CONFIRMED
2015-11-15,WEEKEND,Sunday,weekend,weekend_policy,,,CONFIRMED
2015-11-21,WEEKEND,Saturday,weekend,weekend_policy,,,CONFIRMED
2015-11-22,WEEKEND,Sunday,weekend,weekend_policy,,,CONFIRMED
2015-11-28,WEEKEND,Saturday,weekend,weekend_policy,,,CONFIRMED
2015-11-29,WEEKEND,Sunday,weekend,weekend_policy,,,CONFIRMED
2015-12-05,WEEKEND,Saturday,weekend,weekend_policy,,,CONFIRMED
2015-12-06,WEEKEND,Sunday,weekend,weekend_policy,,,CONFIRMED
2015-12-12,WEEKEND,Saturday,weekend,weekend_policy,,,CONFIRMED
2015-12-13,WEEKEND,Sunday,weekend,weekend_policy,,,CONFIRMED
2015-12-19,WEEKEND,Saturday,weekend,weekend_policy,,,CONFIRMED
2015-12-20,WEEKEND,Sunday,weekend,weekend_policy,,,CONFIRMED
2015-12-24,EARLY_CLOSE,Christmas Eve,ca_christmas_eve_early_close,module:ca_christmas,,13:00,CONFIRMED
2015-12-25,CLOSED,Christmas Day,ca_christmas,module:ca_christmas,,,CONFIRMED
2015-12-26,WEEKEND,Saturday,weekend,weekend_policy,,,CONFIRMED
2015-12-27,WEEKEND,Sunday,weekend,weekend_policy,,,CONFIRMED
2015-12-28,CLOSED,Boxing Day,ca_boxing_day,module:ca_boxing_day,2015-12-26,,CONFIRMED
2016-01-01,CLOSED,New Year's Day,ca_new_years_day,module:ca_new_years_day,,,CONFIRMED
2016-01-02,WEEKEND,Saturday,weekend,weekend_policy,,,CONFIRMED
2016-01-03,WEEKEND,Sunday,weekend,weekend_policy,,,CONFIRMED
2016-01-09,WEEKEND,Saturday,weekend,weekend_policy,,,CONFIRMED
2016-01-10,WEEKEND,Sunday,weekend,weekend_policy,,,CONFIRMED
2016-01-16,WEEKEND,Saturday,weekend,weekend_policy,,,CONFIRMED
2016-01-17,WEEKEND,Sunday,weekend,weekend_policy,,,CONFIRMED
2016-01-23,WEEKEND,Saturday,weekend,weekend_policy,,,CONFIRMED
2016-01-24,WEEKEND,Sunday,weekend,weekend_policy,,,CONFIRMED
2016-01-30,WEEKEND,Saturday,weekend,weekend_policy,,,CONFIRMED
2016-01-31,WEEKEND,Sunday,weekend,weekend_policy,,,CONFIRMED
2016-02-06,WEEKEND,Saturday,weekend,weekend_policy,,,CONFIRMED
2016-02-07,WEEKEND,Sunday,weekend,weekend_policy,,,CONFIRMED
2016-02-13,WEEKEND,Saturday,weekend,weekend_policy,,,CONFIRMED
2016-02-14,WEEKEND,Sunday,weekend,weekend_policy,,,CONFIRMED
2016-02-15,CLOSED,Family Day,ca_family_day,module:ca_family_day,,,CONFIRMED
2016-02-20,WEEKEND,Saturday,weekend,weekend_policy,,,CONFIRMED
2016-02-21,WEEKEND,Sunday,weekend,weekend_policy,,,CONFIRMED
2016-02-27,WEEKEND,Saturday,weekend,weekend_policy,,,CONFIRMED
2016-02-28,WEEKEND,Sunday,weekend,weekend_policy,,,CONFIRMED
2016-03-05,WEEKEND,Saturday,weekend,weekend_policy,,,CONFIRMED
2016-03-06,WEEKEND,Sunday,weekend,weekend_policy,,,CONFIRMED
2016-03-12,WEEKEND,Saturday,weekend,weekend_policy,,,CONFIRMED
2016-03-13,WEEKEND,Sunday,weekend,weekend_policy,,,CONFIRMED
2016-03-19,WEEKEND,Saturday,weekend,weekend_policy,,,CONFIRMED
2016-03-20,WEEKEND,Sunday,weekend,weekend_policy,,,CONFIRMED
2016-03-25,CLOSED,Good Friday,ca_good_friday,module:ca_good_friday,,,CONFIRMED
2016-03-26,WEEKEND,Saturday,weekend,weekend_policy,,,CONFIRMED
2016-03-27,WEEKEND,Sunday,weekend,weekend_policy,,,CONFIRMED
2016-04-02,WEEKEND,Saturday,weekend,weekend_policy,,,CONFIRMED
2016-04-03,WEEKEND,Sunday,weekend,weekend_policy,,,CONFIRMED
2016-04-09,WEEKEND,Saturday,weekend,weekend_policy,,,CONFIRMED
2016-04-10,WEEKEND,Sunday,weekend,weekend_policy,,,CONFIRMED
2016-04-16,WEEKEND,Saturday,weekend,weekend_policy,,,CONFIRMED
2016-04-17,WEEKEND,Sunday,weekend,weekend_policy,,,CONFIRMED
2016-04-23,WEEKEND,Saturday,weekend,weekend_policy,,,CONFIRMED
2016-04-24,WEEKEND,Sunday,weekend,weekend_policy,,,CONFIRMED
2016-04-30,WEEKEND,Saturday,weekend,weekend_policy,,,CONFIRMED
2016-05-01,WEEKEND,Sunday,weekend,weekend_policy,,,CONFIRMED
2016-05-07,WEEKEND,Saturday,weekend,weekend_policy,,,CONFIRMED
2016-05-08,WEEKEND,Sunday,weekend,weekend_policy,,,CONFIRMED
2016-05-14,WEEKEND,Saturday,weekend,weekend_policy,,,CONFIRMED
2016-05-15,WEEKEND,Sunday,weekend,weekend_policy,,,CONFIRMED
2016-05-21,WEEKEND,Saturday,weekend,weekend_policy,,,CONFIRMED
2016-05-22,WEEKEND,Sunday,weekend,weekend_policy,,,CONFIRMED
2016-05-23,CLOSED,Victoria Day,ca_victoria_day,module:ca_victoria_day,,,CONFIRMED
2016-05-28,WEEKEND,Saturday,weekend,weekend_policy,,,CONFIRMED
2016-05-29,WEEKEND,Sunday,weekend,weekend_policy,,,CONFIRMED
2016-06-04,WEEKEND,Saturday,weekend,weekend_policy,,,CONFIRMED
2016-06-05,WEEKEND,Sunday,weekend,weekend_policy,,,CONFIRMED
2016-06-11,WEEKEND,Saturday,weekend,weekend_policy,,,CONFIRMED
2016-06-12,WEEKEND,Sunday,weekend,weekend_policy,,,CONFIRMED
2016-06-18,WEEKEND,Saturday,weekend,weekend_policy,,,CONFIRMED
2016-06-19,WEEKEND,Sunday,weekend,weekend_policy,,,CONFIRMED
2016-06-25,WEEKEND,Saturday,weekend,weekend_policy,,,CONFIRMED
2016-06-26,WEEKEND,Sunday,weekend,weekend_policy,,,CONFIRMED
2016-07-01,CLOSED,Canada Day,ca_canada_day,module:ca_canada_day,,,CONFIRMED
2016-07-02,WEEKEND,Saturday,weekend,weekend_policy,,,CONFIRMED
2016-07-03,WEEKEND,Sunday,weekend,weekend_policy,,,CONFIRMED
2016-07-09,WEEKEND,Saturday,weekend,weekend_policy,,,CONFIRMED
2016-07-10,WEEKEND,Sunday,weekend,weekend_policy,,,CONFIRMED
2016-07-16,WEEKEND,Saturday,weekend,weekend_policy,,,CONFIRMED
2016-07-17,WEEKEND,Sunday,weekend,weekend_policy,,,CONFIRMED
2016-07-23,WEEKEND,Saturday,weekend,weekend_policy,,,CONFIRMED
2016-07-24,WEEKEND,Sunday,weekend,weekend_policy,,,CONFIRMED
2016-07-30,WEEKEND,Saturday,weekend,weekend_policy,,,CONFIRMED
2016-07-31,WEEKEND,Sunday,weekend,weekend_policy,,,CONFIRMED
2016-08-01,CLOSED,Civic Holiday,ca_civic_holiday,module:ca_civic_holiday,,,CONFIRMED
2016-08-06,WEEKEND,Saturday,weekend,weekend_policy,,,CONFIRMED
2016-08-07,WEEKEND,Sunday,weekend,weekend_policy,,,CONFIRMED
2016-08-13,WEEKEND,Saturday,weekend,weekend_policy,,,CONFIRMED
2016-08-14,WEEKEND,Sunday,weekend,weekend_policy,,,CONFIRMED
2016-08-20,WEEKEND,Saturday,weekend,weekend_policy,,,CONFIRMED
2016-08-21,WEEKEND,Sunday,weekend,weekend_policy,,,CONFIRMED
2016-08-27,WEEKEND,Saturday,weekend,weekend_policy,,,CONFIRMED
2016-08-28,WEEKEND,Sunday,weekend,weekend_policy,,,CONFIRMED
2016-09-03,WEEKEND,Saturday,weekend,weekend_policy,,,CONFIRMED
2016-09-04,WEEKEND,Sunday,weekend,weekend_policy,,,CONFIRMED
2016-09-05,CLOSED,Labour Day,ca_labour_day,module:ca_labour_day,,,CONFIRMED
2016-09-10,WEEKEND,Saturday,weekend,weekend_policy,,,CONFIRMED
2016-09-11,WEEKEND,Sunday,weekend,weekend_policy,,,CONFIRMED
2016-09-17,WEEKEND,Saturday,weekend,weekend_policy,,,CONFIRMED
2016-09-18,WEEKEND,Sunday,weekend,weekend_policy,,,CONFIRMED
2016-09-24,WEEKEND,Saturday,weekend,weekend_policy,,,CONFIRMED
2016-09-25,WEEKEND,Sunday,weekend,weekend_policy,,,CONFIRMED
2016-10-01,WEEKEND,Saturday,weekend,weekend_policy,,,CONFIRMED
2016-10-02,WEEKEND,Sunday,weekend,weekend_policy,,,CONFIRMED
2016-10-08,WEEKEND,Saturday,weekend,weekend_policy,,,CONFIRMED
2016-10-09,WEEKEND,Sunday,weekend,weekend_policy,,,CONFIRMED
2016-10-10,CLOSED,Thanksgiving Day,ca_thanksgiving,module:ca_thanksgiving,,,CONFIRMED
2016-10-15,WEEKEND,Saturday,weekend,weekend_policy,,,CONFIRMED
2016-10-16,WEEKEND,Sunday,weekend,weekend_policy,,,CONFIRMED
2016-10-22,WEEKEND,Saturday,weekend,weekend_policy,,,CONFIRMED
2016-10-23,WEEKEND,Sunday,weekend,weekend_policy,,,CONFIRMED
2016-10-29,WEEKEND,Saturday,weekend,weekend_policy,,,CONFIRMED
2016-10-30,WEEKEND,Sunday,weekend,weekend_policy,,,CONFIRMED
2016-11-05,WEEKEND,Saturday,weekend,weekend_policy,,,CONFIRMED
2016-11-06,WEEKEND,Sunday,weekend,weekend_policy,,,CONFIRMED
2016-11-12,WEEKEND,Saturday,weekend,weekend_policy,,,CONFIRMED
2016-11-13,WEEKEND,Sunday,weekend,weekend_policy,,,CONFIRMED
2016-11-19,WEEKEND,Saturday,weekend,weekend_policy,,,CONFIRMED
2016-11-20,WEEKEND,Sunday,weekend,weekend_policy,,,CONFIRMED
2016-11-26,WEEKEND,Saturday,weekend,weekend_policy,,,CONFIRMED
2016-11-27,WEEKEND,Sunday,weekend,weekend_policy,,,CONFIRMED
2016-12-03,WEEKEND,Saturday,weekend,weekend_policy,,,CONFIRMED
2016-12-04,WEEKEND,Sunday,weekend,weekend_policy,,,CONFIRMED
2016-12-10,WEEKEND,Saturday,weekend,weekend_policy,,,CONFIRMED
2016-12-11,WEEKEND,Sunday,weekend,weekend_policy,,,CONFIRMED
2016-12-17,WEEKEND,Saturday,weekend,weekend_policy,,,CONFIRMED
2016-12-18,WEEKEND,Sunday,weekend,weekend_policy,,,CONFIRMED
2016-12-24,WEEKEND,Saturday,weekend,weekend_policy,,,CONFIRMED
2016-12-25,WEEKEND,Sunday,weekend,weekend_policy,,,CONFIRMED
2016-12-26,CLOSED,Christmas Day,ca_christmas,module:ca_christmas,2016-12-25,,CONFIRMED
2016-12-27,CLOSED,Boxing Day,ca_boxing_day,module:ca_boxing_day,2016-12-26,,CONFIRMED
2016-12-31,WEEKEND,Saturday,weekend,weekend_policy,,,CONFIRMED
2017-01-01,WEEKEND,Sunday,weekend,weekend_policy,,,CONFIRMED
2017-01-02,CLOSED,New Year's Day,ca_new_years_day,module:ca_new_years_day,2017-01-01,,CONFIRMED
2017-01-07,WEEKEND,Saturday,weekend,weekend_policy,,,CONFIRMED
2017-01-08,WEEKEND,Sunday,weekend,weekend_policy,,,CONFIRMED
2017-01-14,WEEKEND,Saturday,weekend,weekend_policy,,,CONFIRMED
2017-01-15,WEEKEND,Sunday,weekend,weekend_policy,,,CONFIRMED
2017-01-21,WEEKEND,Saturday,weekend,weekend_policy,,,CONFIRMED
2017-01-22,WEEKEND,Sunday,weekend,weekend_policy,,,CONFIRMED
2017-01-28,WEEKEND,Saturday,weekend,weekend_policy,,,CONFIRMED
2017-01-29,WEEKEND,Sunday,weekend,weekend_policy,,,CONFIRMED
2017-02-04,WEEKEND,Saturday,weekend,weekend_policy,,,CONFIRMED
2017-02-05,WEEKEND,Sunday,weekend,weekend_policy,,,CONFIRMED
2017-02-11,WEEKEND,Saturday,weekend,weekend_policy,,,CONFIRMED
2017-02-12,WEEKEND,Sunday,weekend,weekend_policy,,,CONFIRMED
2017-02-18,WEEKEND,Saturday,weekend,weekend_policy,,,CONFIRMED
2017-02-19,WEEKEND,Sunday,weekend,weekend_policy,,,CONFIRMED
2017-02-20,CLOSED,Family Day,ca_family_day,module:ca_family_day,,,CONFIRMED
2017-02-25,WEEKEND,Saturday,weekend,weekend_policy,,,CONFIRMED
2017-02-26,WEEKEND,Sunday,weekend,weekend_policy,,,CONFIRMED
2017-03-04,WEEKEND,Saturday,weekend,weekend_policy,,,CONFIRMED
2017-03-05,WEEKEND,Sunday,weekend,weekend_policy,,,CONFIRMED
2017-03-11,WEEKEND,Saturday,weekend,weekend_policy,,,CONFIRMED
2017-03-12,WEEKEND,Sunday,weekend,weekend_policy,,,CONFIRMED
2017-03-18,WEEKEND,Saturday,weekend,weekend_policy,,,CONFIRMED
2017-03-19,WEEKEND,Sunday,weekend,weekend_policy,,,CONFIRMED
2017-03-25,WEEKEND,Saturday,weekend,weekend_policy,,,CONFIRMED
2017-03-26,WEEKEND,Sunday,weekend,weekend_policy,,,CONFIRMED
2017-04-01,WEEKEND,Saturday,weekend,weekend_policy,,,CONFIRMED
2017-04-02,WEEKEND,Sunday,weekend,weekend_policy,,,CONFIRMED
2017-04-08,WEEKEND,Saturday,weekend,weekend_policy,,,CONFIRMED
2017-04-09,WEEKEND,Sunday,weekend,weekend_policy,,,CONFIRMED
2017-04-14,CLOSED,Good Friday,ca_good_friday,module:ca_good_friday,,,CONFIRMED
2017-04-15,WEEKEND,Saturday,weekend,weekend_policy,,,CONFIRMED
2017-04-16,WEEKEND,Sunday,weekend,weekend_policy,,,CONFIRMED
2017-04-22,WEEKEND,Saturday,weekend,weekend_policy,,,CONFIRMED
2017-04-23,WEEKEND,Sunday,weekend,weekend_policy,,,CONFIRMED
2017-04-29,WEEKEND,Saturday,weekend,weekend_policy,,,CONFIRMED
2017-04-30,WEEKEND,Sunday,weekend,weekend_policy,,,CONFIRMED
2017-05-06,WEEKEND,Saturday,weekend,weekend_policy,,,CONFIRMED
2017-05-07,WEEKEND,Sunday,weekend,weekend_policy,,,CONFIRMED
2017-05-13,WEEKEND,Saturday,weekend,weekend_policy,,,CONFIRMED
2017-05-14,WEEKEND,Sunday,weekend,weekend_policy,,,CONFIRMED
2017-05-20,WEEKEND,Saturday,weekend,weekend_policy,,,CONFIRMED
2017-05-21,WEEKEND,Sunday,weekend,weekend_policy,,,CONFIRMED
2017-05-22,CLOSED,Victoria Day,ca_victoria_day,module:ca_victoria_day,,,CONFIRMED
2017-05-27,WEEKEND,Saturday,weekend,weekend_policy,,,CONFIRMED
2017-05-28,WEEKEND,Sunday,weekend,weekend_policy,,,CONFIRMED
2017-06-03,WEEKEND,Saturday,weekend,weekend_policy,,,CONFIRMED
2017-06-04,WEEKEND,Sunday,weekend,weekend_policy,,,CONFIRMED
2017-06-10,WEEKEND,Saturday,weekend,weekend_policy,,,CONFIRMED
2017-06-11,WEEKEND,Sunday,weekend,weekend_policy,,,CONFIRMED
2017-06-17,WEEKEND,Saturday,weekend,weekend_policy,,,CONFIRMED
2017-06-18,WEEKEND,Sunday,weekend,weekend_policy,,,CONFIRMED
2017-06-24,WEEKEND,Saturday,weekend,weekend_policy,,,CONFIRMED
2017-06-25,WEEKEND,Sunday,weekend,weekend_policy,,,CONFIRMED
2017-07-01,WEEKEND,Saturday,weekend,weekend_policy,,,CONFIRMED
2017-07-02,WEEKEND,Sunday,weekend,weekend_policy,,,CONFIRMED
2017-07-03,CLOSED,Canada Day,ca_canada_day,module:ca_canada_day,2017-07-01,,CONFIRMED
2017-07-08,WEEKEND,Saturday,weekend,weekend_policy,,,CONFIRMED
2017-07-09,WEEKEND,Sunday,weekend,weekend_policy,,,CONFIRMED
2017-07-15,WEEKEND,Saturday,weekend,weekend_policy,,,CONFIRMED
2017-07-16,WEEKEND,Sunday,weekend,weekend_policy,,,CONFIRMED
2017-07-22,WEEKEND,Saturday,weekend,weekend_policy,,,CONFIRMED
2017-07-23,WEEKEND,Sunday,weekend,weekend_policy,,,CONFIRMED
2017-07-29,WEEKEND,Saturday,weekend,weekend_policy,,,CONFIRMED
2017-07-30,WEEKEND,Sunday,weekend,weekend_policy,,,CONFIRMED
2017-08-05,WEEKEND,Saturday,weekend,weekend_policy,,,CONFIRMED
2017-08-06,WEEKEND,Sunday,weekend,weekend_policy,,,CONFIRMED
2017-08-07,CLOSED,Civic Holiday,ca_civic_holiday,module:ca_civic_holiday,,,CONFIRMED
2017-08-12,WEEKEND,Saturday,weekend,weekend_policy,,,CONFIRMED
2017-08-13,WEEKEND,Sunday,weekend,weekend_policy,,,CONFIRMED
2017-08-19,WEEKEND,Saturday,weekend,weekend_policy,,,CONFIRMED
2017-08-20,WEEKEND,Sunday,weekend,weekend_policy,,,CONFIRMED
2017-08-26,WEEKEND,Saturday,weekend,weekend_policy,,,CONFIRMED
2017-08-27,WEEKEND,Sunday,weekend,weekend_policy,,,CONFIRMED
2017-09-02,WEEKEND,Saturday,weekend,weekend_policy,,,CONFIRMED
2017-09-03,WEEKEND,Sunday,weekend,weekend_policy,,,CONFIRMED
2017-09-04,CLOSED,Labour Day,ca_labour_day,module:ca_labour_day,,,CONFIRMED
2017-09-09,WEEKEND,Saturday,weekend,weekend_policy,,,CONFIRMED
2017-09-10,WEEKEND,Sunday,weekend,weekend_policy,,,CONFIRMED
2017-09-16,WEEKEND,Saturday,weekend,weekend_policy,,,CONFIRMED
2017-09-17,WEEKEND,Sunday,weekend,weekend_policy,,,CONFIRMED
2017-09-23,WEEKEND,Saturday,weekend,weekend_policy,,,CONFIRMED
2017-09-24,WEEKEND,Sunday,weekend,weekend_policy,,,CONFIRMED
2017-09-30,WEEKEND,Saturday,weekend,weekend_policy,,,CONFIRMED
2017-10-01,WEEKEND,Sunday,weekend,weekend_policy,,,CONFIRMED
2017-10-07,WEEKEND,Saturday,weekend,weekend_policy,,,CONFIRMED
2017-10-08,WEEKEND,Sunday,weekend,weekend_policy,,,CONFIRMED
2017-10-09,CLOSED,Thanksgiving Day,ca_thanksgiving,module:ca_thanksgiving,,,CONFIRMED
2017-10-14,WEEKEND,Saturday,weekend,weekend_policy,,,CONFIRMED
2017-10-15,WEEKEND,Sunday,weekend,weekend_policy,,,CONFIRMED
2017-10-21,WEEKEND,Saturday,weekend,weekend_policy,,,CONFIRMED
2017-10-22,WEEKEND,Sunday,weekend,weekend_policy,,,CONFIRMED
2017-10-28,WEEKEND,Saturday,weekend,weekend_policy,,,CONFIRMED
2017-10-29,WEEKEND,Sunday,weekend,weekend_policy,,,CONFIRMED
2017-11-04,WEEKEND,Saturday,weekend,weekend_policy,,,CONFIRMED
2017-11-05,WEEKEND,Sunday,weekend,weekend_policy,,,CONFIRMED
2017-11-11,WEEKEND,Saturday,weekend,weekend_policy,,,CONFIRMED
2017-11-12,WEEKEND,Sunday,weekend,weekend_policy,,,CONFIRMED
2017-11-18,WEEKEND,Saturday,weekend,weekend_policy,,,CONFIRMED
2017-11-19,WEEKEND,Sunday,weekend,weekend_policy,,,CONFIRMED
2017-11-25,WEEKEND,Saturday,weekend,weekend_policy,,,CONFIRMED
2017-11-26,WEEKEND,Sunday,weekend,weekend_policy,,,CONFIRMED
2017-12-02,WEEKEND,Saturday,weekend,weekend_policy,,,CONFIRMED
2017-12-03,WEEKEND,Sunday,weekend,weekend_policy,,,CONFIRMED
2017-12-09,WEEKEND,Saturday,weekend,weekend_policy,,,CONFIRMED
2017-12-10,WEEKEND,Sunday,weekend,weekend_policy,,,CONFIRMED
2017-12-16,WEEKEND,Saturday,weekend,weekend_policy,,,CONFIRMED
2017-12-17,WEEKEND,Sunday,weekend,weekend_policy,,,CONFIRMED
2017-12-23,WEEKEND,Saturday,weekend,weekend_policy,,,CONFIRMED
2017-12-24,WEEKEND,Sunday,weekend,weekend_policy,,,CONFIRMED
2017-12-25,CLOSED,Christmas Day,ca_christmas,module:ca_christmas,,,CONFIRMED
2017-12-26,CLOSED,Boxing Day,ca_boxing_day,module:ca_boxing_day,,,CONFIRMED
2017-12-30,WEEKEND,Saturday,weekend,weekend_policy,,,CONFIRMED
2017-12-31,WEEKEND,Sunday,weekend,weekend_policy,,,CONFIRMED
2018-01-01,CLOSED,New Year's Day,ca_new_years_day,module:ca_new_years_day,,,CONFIRMED
2018-01-06,WEEKEND,Saturday,weekend,weekend_policy,,,CONFIRMED
2018-01-07,WEEKEND,Sunday,weekend,weekend_policy,,,CONFIRMED
2018-01-13,WEEKEND,Saturday,weekend,weekend_policy,,,CONFIRMED
2018-01-14,WEEKEND,Sunday,weekend,weekend_policy,,,CONFIRMED
2018-01-20,WEEKEND,Saturday,weekend,weekend_policy,,,CONFIRMED
2018-01-21,WEEKEND,Sunday,weekend,weekend_policy,,,CONFIRMED
2018-01-27,WEEKEND,Saturday,weekend,weekend_policy,,,CONFIRMED
2018-01-28,WEEKEND,Sunday,weekend,weekend_policy,,,CONFIRMED
2018-02-03,WEEKEND,Saturday,weekend,weekend_policy,,,CONFIRMED
2018-02-04,WEEKEND,Sunday,weekend,weekend_policy,,,CONFIRMED
2018-02-10,WEEKEND,Saturday,weekend,weekend_policy,,,CONFIRMED
2018-02-11,WEEKEND,Sunday,weekend,weekend_policy,,,CONFIRMED
2018-02-17,WEEKEND,Saturday,weekend,weekend_policy,,,CONFIRMED
2018-02-18,WEEKEND,Sunday,weekend,weekend_policy,,,CONFIRMED
2018-02-19,CLOSED,Family Day,ca_family_day,module:ca_family_day,,,CONFIRMED
2018-02-24,WEEKEND,Saturday,weekend,weekend_policy,,,CONFIRMED
2018-02-25,WEEKEND,Sunday,weekend,weekend_policy,,,CONFIRMED
2018-03-03,WEEKEND,Saturday,weekend,weekend_policy,,,CONFIRMED
2018-03-04,WEEKEND,Sunday,weekend,weekend_policy,,,CONFIRMED
2018-03-10,WEEKEND,Saturday,weekend,weekend_policy,,,CONFIRMED
2018-03-11,WEEKEND,Sunday,weekend,weekend_policy,,,CONFIRMED
2018-03-17,WEEKEND,Saturday,weekend,weekend_policy,,,CONFIRMED
2018-03-18,WEEKEND,Sunday,weekend,weekend_policy,,,CONFIRMED
2018-03-24,WEEKEND,Saturday,weekend,weekend_policy,,,CONFIRMED
2018-03-25,WEEKEND,Sunday,weekend,weekend_policy,,,CONFIRMED
2018-03-30,CLOSED,Good Friday,ca_good_friday,module:ca_good_friday,,,CONFIRMED
2018-03-31,WEEKEND,Saturday,weekend,weekend_policy,,,CONFIRMED
2018-04-01,WEEKEND,Sunday,weekend,weekend_policy,,,CONFIRMED
2018-04-07,WEEKEND,Saturday,weekend,weekend_policy,,,CONFIRMED
2018-04-08,WEEKEND,Sunday,weekend,weekend_policy,,,CONFIRMED
2018-04-14,WEEKEND,Saturday,weekend,weekend_policy,,,CONFIRMED
2018-04-15,WEEKEND,Sunday,weekend,weekend_policy,,,CONFIRMED
2018-04-21,WEEKEND,Saturday,weekend,weekend_policy,,,CONFIRMED
2018-04-22,WEEKEND,Sunday,weekend,weekend_policy,,,CONFIRMED
2018-04-28,WEEKEND,Saturday,weekend,weekend_policy,,,CONFIRMED
2018-04-29,WEEKEND,Sunday,weekend,weekend_policy,,,CONFIRMED
2018-05-05,WEEKEND,Saturday,weekend,weekend_policy,,,CONFIRMED
2018-05-06,WEEKEND,Sunday,weekend,weekend_policy,,,CONFIRMED
2018-05-12,WEEKEND,Saturday,weekend,weekend_policy,,,CONFIRMED
2018-05-13,WEEKEND,Sunday,weekend,weekend_policy,,,CONFIRMED
2018-05-19,WEEKEND,Saturday,weekend,weekend_policy,,,CONFIRMED
2018-05-20,WEEKEND,Sunday,weekend,weekend_policy,,,CONFIRMED
2018-05-21,CLOSED,Victoria Day,ca_victoria_day,module:ca_victoria_day,,,CONFIRMED
2018-05-26,WEEKEND,Saturday,weekend,weekend_policy,,,CONFIRMED
2018-05-27,WEEKEND,Sunday,weekend,weekend_policy,,,CONFIRMED
2018-06-02,WEEKEND,Saturday,weekend,weekend_policy,,,CONFIRMED
2018-06-03,WEEKEND,Sunday,weekend,weekend_policy,,,CONFIRMED
2018-06-09,WEEKEND,Saturday,weekend,weekend_policy,,,CONFIRMED
2018-06-10,WEEKEND,Sunday,weekend,weekend_policy,,,CONFIRMED
2018-06-16,WEEKEND,Saturday,weekend,weekend_policy,,,CONFIRMED
2018-06-17,WEEKEND,Sunday,weekend,weekend_policy,,,CONFIRMED
2018-06-23,WEEKEND,Saturday,weekend,weekend_policy,,,CONFIRMED
2018-06-24,WEEKEND,Sunday,weekend,weekend_policy,,,CONFIRMED
2018-06-30,WEEKEND,Saturday,weekend,weekend_policy,,,CONFIRMED
2018-07-01,WEEKEND,Sunday,weekend,weekend_policy,,,CONFIRMED
2018-07-02,CLOSED,Canada Day,ca_canada_day,module:ca_canada_day,2018-07-01,,CONFIRMED
2018-07-07,WEEKEND,Saturday,weekend,weekend_policy,,,CONFIRMED
2018-07-08,WEEKEND,Sunday,weekend,weekend_policy,,,CONFIRMED
2018-07-14,WEEKEND,Saturday,weekend,weekend_policy,,,CONFIRMED
2018-07-15,WEEKEND,Sunday,weekend,weekend_policy,,,CONFIRMED
2018-07-21,WEEKEND,Saturday,weekend,weekend_policy,,,CONFIRMED
2018-07-22,WEEKEND,Sunday,weekend,weekend_policy,,,CONFIRMED
2018-07-28,WEEKEND,Saturday,weekend,weekend_policy,,,CONFIRMED
2018-07-29,WEEKEND,Sunday,weekend,weekend_policy,,,CONFIRMED
2018-08-04,WEEKEND,Saturday,weekend,weekend_policy,,,CONFIRMED
2018-08-05,WEEKEND,Sunday,weekend,weekend_policy,,,CONFIRMED
2018-08-06,CLOSED,Civic Holiday,ca_civic_holiday,module:ca_civic_holiday,,,CONFIRMED
2018-08-11,WEEKEND,Saturday,weekend,weekend_policy,,,CONFIRMED
2018-08-12,WEEKEND,Sunday,weekend,weekend_policy,,,CONFIRMED
2018-08-18,WEEKEND,Saturday,weekend,weekend_policy,,,CONFIRMED
2018-08-19,WEEKEND,Sunday,weekend,weekend_policy,,,CONFIRMED
2018-08-25,WEEKEND,Saturday,weekend,weekend_policy,,,CONFIRMED
2018-08-26,WEEKEND,Sunday,weekend,weekend_policy,,,CONFIRMED
2018-09-01,WEEKEND,Saturday,weekend,weekend_policy,,,CONFIRMED
2018-09-02,WEEKEND,Sunday,weekend,weekend_policy,,,CONFIRMED
2018-09-03,CLOSED,Labour Day,ca_labour_day,module:ca_labour_day,,,CONFIRMED
2018-09-08,WEEKEND,Saturday,weekend,weekend_policy,,,CONFIRMED
2018-09-09,WEEKEND,Sunday,weekend,weekend_policy,,,CONFIRMED
2018-09-15,WEEKEND,Saturday,weekend,weekend_policy,,,CONFIRMED
2018-09-16,WEEKEND,Sunday,weekend,weekend_policy,,,CONFIRMED
2018-09-22,WEEKEND,Saturday,weekend,weekend_policy,,,CONFIRMED
2018-09-23,WEEKEND,Sunday,weekend,weekend_policy,,,CONFIRMED
2018-09-29,WEEKEND,Saturday,weekend,weekend_policy,,,CONFIRMED
2018-09-30,WEEKEND,Sunday,weekend,weekend_policy,,,CONFIRMED
2018-10-06,WEEKEND,Saturday,weekend,weekend_policy,,,CONFIRMED
2018-10-07,WEEKEND,Sunday,weekend,weekend_policy,,,CONFIRMED
2018-10-08,CLOSED,Thanksgiving Day,ca_thanksgiving,module:ca_thanksgiving,,,CONFIRMED
2018-10-13,WEEKEND,Saturday,weekend,weekend_policy,,,CONFIRMED
2018-10-14,WEEKEND,Sunday,weekend,weekend_policy,,,CONFIRMED
2018-10-20,WEEKEND,Saturday,weekend,weekend_policy,,,CONFIRMED
2018-10-21,WEEKEND,Sunday,weekend,weekend_policy,,,CONFIRMED
2018-10-27,WEEKEND,Saturday,weekend,weekend_policy,,,CONFIRMED
2018-10-28,WEEKEND,Sunday,weekend,weekend_policy,,,CONFIRMED
2018-11-03,WEEKEND,Saturday,weekend,weekend_policy,,,CONFIRMED
2018-11-04,WEEKEND,Sunday,weekend,weekend_policy,,,CONFIRMED
2018-11-10,WEEKEND,Saturday,weekend,weekend_policy,,,CONFIRMED
2018-11-11,WEEKEND,Sunday,weekend,weekend_policy,,,CONFIRMED
2018-11-17,WEEKEND,Saturday,weekend,weekend_policy,,,CONFIRMED
2018-11-18,WEEKEND,Sunday,weekend,weekend_policy,,,CONFIRMED
2018-11-24,WEEKEND,Saturday,weekend,weekend_policy,,,CONFIRMED
2018-11-25,WEEKEND,Sunday,weekend,weekend_policy,,,CONFIRMED
2018-12-01,WEEKEND,Saturday,weekend,weekend_policy,,,CONFIRMED
2018-12-02,WEEKEND,Sunday,weekend,weekend_policy,,,CONFIRMED
2018-12-08,WEEKEND,Saturday,weekend,weekend_policy,,,CONFIRMED
2018-12-09,WEEKEND,Sunday,weekend,weekend_policy,,,CONFIRMED
2018-12-15,WEEKEND,Saturday,weekend,weekend_policy,,,CONFIRMED
2018-12-16,WEEKEND,Sunday,weekend,weekend_policy,,,CONFIRMED
2018-12-22,WEEKEND,Saturday,weekend,weekend_policy,,,CONFIRMED
2018-12-23,WEEKEND,Sunday,weekend,weekend_policy,,,CONFIRMED
2018-12-24,EARLY_CLOSE,Christmas Eve,ca_christmas_eve_early_close,module:ca_christmas,,13:00,CONFIRMED
2018-12-25,CLOSED,Christmas Day,ca_christmas,module:ca_christmas,,,CONFIRMED
2018-12-26,CLOSED,Boxing Day,ca_boxing_day,module:ca_boxing_day,,,CONFIRMED
2018-12-29,WEEKEND,Saturday,weekend,weekend_policy,,,CONFIRMED
2018-12-30,WEEKEND,Sunday,weekend,weekend_policy,,,CONFIRMED
2019-01-01,CLOSED,New Year's Day,ca_new_years_day,module:ca_new_years_day,,,CONFIRMED
2019-01-05,WEEKEND,Saturday,weekend,weekend_policy,,,CONFIRMED
2019-01-06,WEEKEND,Sunday,weekend,weekend_policy,,,CONFIRMED
2019-01-12,WEEKEND,Saturday,weekend,weekend_policy,,,CONFIRMED
2019-01-13,WEEKEND,Sunday,weekend,weekend_policy,,,CONFIRMED
2019-01-19,WEEKEND,Saturday,weekend,weekend_policy,,,CONFIRMED
2019-01-20,WEEKEND,Sunday,weekend,weekend_policy,,,CONFIRMED
2019-01-26,WEEKEND,Saturday,weekend,weekend_policy,,,CONFIRMED
2019-01-27,WEEKEND,Sunday,weekend,weekend_policy,,,CONFIRMED
2019-02-02,WEEKEND,Saturday,weekend,weekend_policy,,,CONFIRMED
2019-02-03,WEEKEND,Sunday,weekend,weekend_policy,,,CONFIRMED
2019-02-09,WEEKEND,Saturday,weekend,weekend_policy,,,CONFIRMED
2019-02-10,WEEKEND,Sunday,weekend,weekend_policy,,,CONFIRMED
2019-02-16,WEEKEND,Saturday,weekend,weekend_policy,,,CONFIRMED
2019-02-17,WEEKEND,Sunday,weekend,weekend_policy,,,CONFIRMED
2019-02-18,CLOSED,Family Day,ca_family_day,module:ca_family_day,,,CONFIRMED
2019-02-23,WEEKEND,Saturday,weekend,weekend_policy,,,CONFIRMED
2019-02-24,WEEKEND,Sunday,weekend,weekend_policy,,,CONFIRMED
2019-03-02,WEEKEND,Saturday,weekend,weekend_policy,,,CONFIRMED
2019-03-03,WEEKEND,Sunday,weekend,weekend_policy,,,CONFIRMED
2019-03-09,WEEKEND,Saturday,weekend,weekend_policy,,,CONFIRMED
2019-03-10,WEEKEND,Sunday,weekend,weekend_policy,,,CONFIRMED
2019-03-16,WEEKEND,Saturday,weekend,weekend_policy,,,CONFIRMED
2019-03-17,WEEKEND,Sunday,weekend,weekend_policy,,,CONFIRMED
2019-03-23,WEEKEND,Saturday,weekend,weekend_policy,,,CONFIRMED
2019-03-24,WEEKEND,Sunday,weekend,weekend_policy,,,CONFIRMED
2019-03-30,WEEKEND,Saturday,weekend,weekend_policy,,,CONFIRMED
2019-03-31,WEEKEND,Sunday,weekend,weekend_policy,,,CONFIRMED
2019-04-06,WEEKEND,Saturday,weekend,weekend_policy,,,CONFIRMED
2019-04-07,WEEKEND,Sunday,weekend,weekend_policy,,,CONFIRMED
2019-04-13,WEEKEND,Saturday,weekend,weekend_policy,,,CONFIRMED
2019-04-14,WEEKEND,Sunday,weekend,weekend_policy,,,CONFIRMED
2019-04-19,CLOSED,Good Friday,ca_good_friday,module:ca_good_friday,,,CONFIRMED
2019-04-20,WEEKEND,Saturday,weekend,weekend_policy,,,CONFIRMED
2019-04-21,WEEKEND,Sunday,weekend,weekend_policy,,,CONFIRMED
2019-04-27,WEEKEND,Saturday,weekend,weekend_policy,,,CONFIRMED
2019-04-28,WEEKEND,Sunday,weekend,weekend_policy,,,CONFIRMED
2019-05-04,WEEKEND,Saturday,weekend,weekend_policy,,,CONFIRMED
2019-05-05,WEEKEND,Sunday,weekend,weekend_policy,,,CONFIRMED
2019-05-11,WEEKEND,Saturday,weekend,weekend_policy,,,CONFIRMED
2019-05-12,WEEKEND,Sunday,weekend,weekend_policy,,,CONFIRMED
2019-05-18,WEEKEND,Saturday,weekend,weekend_policy,,,CONFIRMED
2019-05-19,WEEKEND,Sunday,weekend,weekend_policy,,,CONFIRMED
2019-05-20,CLOSED,Victoria Day,ca_victoria_day,module:ca_victoria_day,,,CONFIRMED
2019-05-25,WEEKEND,Saturday,weekend,weekend_policy,,,CONFIRMED
2019-05-26,WEEKEND,Sunday,weekend,weekend_policy,,,CONFIRMED
2019-06-01,WEEKEND,Saturday,weekend,weekend_policy,,,CONFIRMED
2019-06-02,WEEKEND,Sunday,weekend,weekend_policy,,,CONFIRMED
2019-06-08,WEEKEND,Saturday,weekend,weekend_policy,,,CONFIRMED
2019-06-09,WEEKEND,Sunday,weekend,weekend_policy,,,CONFIRMED
2019-06-15,WEEKEND,Saturday,weekend,weekend_policy,,,CONFIRMED
2019-06-16,WEEKEND,Sunday,weekend,weekend_policy,,,CONFIRMED
2019-06-22,WEEKEND,Saturday,weekend,weekend_policy,,,CONFIRMED
2019-06-23,WEEKEND,Sunday,weekend,weekend_policy,,,CONFIRMED
2019-06-29,WEEKEND,Saturday,weekend,weekend_policy,,,CONFIRMED
2019-06-30,WEEKEND,Sunday,weekend,weekend_policy,,,CONFIRMED
2019-07-01,CLOSED,Canada Day,ca_canada_day,module:ca_canada_day,,,CONFIRMED
2019-07-06,WEEKEND,Saturday,weekend,weekend_policy,,,CONFIRMED
2019-07-07,WEEKEND,Sunday,weekend,weekend_policy,,,CONFIRMED
2019-07-13,WEEKEND,Saturday,weekend,weekend_policy,,,CONFIRMED
2019-07-14,WEEKEND,Sunday,weekend,weekend_policy,,,CONFIRMED
2019-07-20,WEEKEND,Saturday,weekend,weekend_policy,,,CONFIRMED
2019-07-21,WEEKEND,Sunday,weekend,weekend_policy,,,CONFIRMED
2019-07-27,WEEKEND,Saturday,weekend,weekend_policy,,,CONFIRMED
2019-07-28,WEEKEND,Sunday,weekend,weekend_policy,,,CONFIRMED
2019-08-03,WEEKEND,Saturday,weekend,weekend_policy,,,CONFIRMED
2019-08-04,WEEKEND,Sunday,weekend,weekend_policy,,,CONFIRMED
2019-08-05,CLOSED,Civic Holiday,ca_civic_holiday,module:ca_civic_holiday,,,CONFIRMED
2019-08-10,WEEKEND,Saturday,weekend,weekend_policy,,,CONFIRMED
2019-08-11,WEEKEND,Sunday,weekend,weekend_policy,,,CONFIRMED
2019-08-17,WEEKEND,Saturday,weekend,weekend_policy,,,CONFIRMED
2019-08-18,WEEKEND,Sunday,weekend,weekend_policy,,,CONFIRMED
2019-08-24,WEEKEND,Saturday,weekend,weekend_policy,,,CONFIRMED
2019-08-25,WEEKEND,Sunday,weekend,weekend_policy,,,CONFIRMED
2019-08-31,WEEKEND,Saturday,weekend,weekend_policy,,,CONFIRMED
2019-09-01,WEEKEND,Sunday,weekend,weekend_policy,,,CONFIRMED
2019-09-02,CLOSED,Labour Day,ca_labour_day,module:ca_labour_day,,,CONFIRMED
2019-09-07,WEEKEND,Saturday,weekend,weekend_policy,,,CONFIRMED
2019-09-08,WEEKEND,Sunday,weekend,weekend_policy,,,CONFIRMED
2019-09-14,WEEKEND,Saturday,weekend,weekend_policy,,,CONFIRMED
2019-09-15,WEEKEND,Sunday,weekend,weekend_policy,,,CONFIRMED
2019-09-21,WEEKEND,Saturday,weekend,weekend_policy,,,CONFIRMED
2019-09-22,WEEKEND,Sunday,weekend,weekend_policy,,,CONFIRMED
2019-09-28,WEEKEND,Saturday,weekend,weekend_policy,,,CONFIRMED
2019-09-29,WEEKEND,Sunday,weekend,weekend_policy,,,CONFIRMED
2019-10-05,WEEKEND,Saturday,weekend,weekend_policy,,,CONFIRMED
2019-10-06,WEEKEND,Sunday,weekend,weekend_policy,,,CONFIRMED
2019-10-12,WEEKEND,Saturday,weekend,weekend_policy,,,CONFIRMED
2019-10-13,WEEKEND,Sunday,weekend,weekend_policy,,,CONFIRMED
2019-10-14,CLOSED,Thanksgiving Day,ca_thanksgiving,module:ca_thanksgiving,,,CONFIRMED
2019-10-19,WEEKEND,Saturday,weekend,weekend_policy,,,CONFIRMED
2019-10-20,WEEKEND,Sunday,weekend,weekend_policy,,,CONFIRMED
2019-10-26,WEEKEND,Saturday,weekend,weekend_policy,,,CONFIRMED
2019-10-27,WEEKEND,Sunday,weekend,weekend_policy,,,CONFIRMED
2019-11-02,WEEKEND,Saturday,weekend,weekend_policy,,,CONFIRMED
2019-11-03,WEEKEND,Sunday,weekend,weekend_policy,,,CONFIRMED
2019-11-09,WEEKEND,Saturday,weekend,weekend_policy,,,CONFIRMED
2019-11-10,WEEKEND,Sunday,weekend,weekend_policy,,,CONFIRMED
2019-11-16,WEEKEND,Saturday,weekend,weekend_policy,,,CONFIRMED
2019-11-17,WEEKEND,Sunday,weekend,weekend_policy,,,CONFIRMED
2019-11-23,WEEKEND,Saturday,weekend,weekend_policy,,,CONFIRMED
2019-11-24,WEEKEND,Sunday,weekend,weekend_policy,,,CONFIRMED
2019-11-30,WEEKEND,Saturday,weekend,weekend_policy,,,CONFIRMED
2019-12-01,WEEKEND,Sunday,weekend,weekend_policy,,,CONFIRMED
2019-12-07,WEEKEND,Saturday,weekend,weekend_policy,,,CONFIRMED
2019-12-08,WEEKEND,Sunday,weekend,weekend_policy,,,CONFIRMED
2019-12-14,WEEKEND,Saturday,weekend,weekend_policy,,,CONFIRMED
2019-12-15,WEEKEND,Sunday,weekend,weekend_policy,,,CONFIRMED
2019-12-21,WEEKEND,Saturday,weekend,weekend_policy,,,CONFIRMED
2019-12-22,WEEKEND,Sunday,weekend,weekend_policy,,,CONFIRMED
2019-12-24,EARLY_CLOSE,Christmas Eve,ca_christmas_eve_early_close,module:ca_christmas,,13:00,CONFIRMED
2019-12-25,CLOSED,Christmas Day,ca_christmas,module:ca_christmas,,,CONFIRMED
2019-12-26,CLOSED,Boxing Day,ca_boxing_day,module:ca_boxing_day,,,CONFIRMED
2019-12-28,WEEKEND,Saturday,weekend,weekend_policy,,,CONFIRMED
2019-12-29,WEEKEND,Sunday,weekend,weekend_policy,,,CONFIRMED
2020-01-01,CLOSED,New Year's Day,ca_new_years_day,module:ca_new_years_day,,,CONFIRMED
2020-01-04,WEEKEND,Saturday,weekend,weekend_policy,,,CONFIRMED
2020-01-05,WEEKEND,Sunday,weekend,weekend_policy,,,CONFIRMED
2020-01-11,WEEKEND,Saturday,weekend,weekend_policy,,,CONFIRMED
2020-01-12,WEEKEND,Sunday,weekend,weekend_policy,,,CONFIRMED
2020-01-18,WEEKEND,Saturday,weekend,weekend_policy,,,CONFIRMED
2020-01-19,WEEKEND,Sunday,weekend,weekend_policy,,,CONFIRMED
2020-01-25,WEEKEND,Saturday,weekend,weekend_policy,,,CONFIRMED
2020-01-26,WEEKEND,Sunday,weekend,weekend_policy,,,CONFIRMED
2020-02-01,WEEKEND,Saturday,weekend,weekend_policy,,,CONFIRMED
2020-02-02,WEEKEND,Sunday,weekend,weekend_policy,,,CONFIRMED
2020-02-08,WEEKEND,Saturday,weekend,weekend_policy,,,CONFIRMED
2020-02-09,WEEKEND,Sunday,weekend,weekend_policy,,,CONFIRMED
2020-02-15,WEEKEND,Saturday,weekend,weekend_policy,,,CONFIRMED
2020-02-16,WEEKEND,Sunday,weekend,weekend_policy,,,CONFIRMED
2020-02-17,CLOSED,Family Day,ca_family_day,module:ca_family_day,,,CONFIRMED
2020-02-22,WEEKEND,Saturday,weekend,weekend_policy,,,CONFIRMED
2020-02-23,WEEKEND,Sunday,weekend,weekend_policy,,,CONFIRMED
2020-02-29,WEEKEND,Saturday,weekend,weekend_policy,,,CONFIRMED
2020-03-01,WEEKEND,Sunday,weekend,weekend_policy,,,CONFIRMED
2020-03-07,WEEKEND,Saturday,weekend,weekend_policy,,,CONFIRMED
2020-03-08,WEEKEND,Sunday,weekend,weekend_policy,,,CONFIRMED
2020-03-14,WEEKEND,Saturday,weekend,weekend_policy,,,CONFIRMED
2020-03-15,WEEKEND,Sunday,weekend,weekend_policy,,,CONFIRMED
2020-03-21,WEEKEND,Saturday,weekend,weekend_policy,,,CONFIRMED
2020-03-22,WEEKEND,Sunday,weekend,weekend_policy,,,CONFIRMED
2020-03-28,WEEKEND,Saturday,weekend,weekend_policy,,,CONFIRMED
2020-03-29,WEEKEND,Sunday,weekend,weekend_policy,,,CONFIRMED
2020-04-04,WEEKEND,Saturday,weekend,weekend_policy,,,CONFIRMED
2020-04-05,WEEKEND,Sunday,weekend,weekend_policy,,,CONFIRMED
2020-04-10,CLOSED,Good Friday,ca_good_friday,module:ca_good_friday,,,CONFIRMED
2020-04-11,WEEKEND,Saturday,weekend,weekend_policy,,,CONFIRMED
2020-04-12,WEEKEND,Sunday,weekend,weekend_policy,,,CONFIRMED
2020-04-18,WEEKEND,Saturday,weekend,weekend_policy,,,CONFIRMED
2020-04-19,WEEKEND,Sunday,weekend,weekend_policy,,,CONFIRMED
2020-04-25,WEEKEND,Saturday,weekend,weekend_policy,,,CONFIRMED
2020-04-26,WEEKEND,Sunday,weekend,weekend_policy,,,CONFIRMED
2020-05-02,WEEKEND,Saturday,weekend,weekend_policy,,,CONFIRMED
2020-05-03,WEEKEND,Sunday,weekend,weekend_policy,,,CONFIRMED
2020-05-09,WEEKEND,Saturday,weekend,weekend_policy,,,CONFIRMED
2020-05-10,WEEKEND,Sunday,weekend,weekend_policy,,,CONFIRMED
2020-05-16,WEEKEND,Saturday,weekend,weekend_policy,,,CONFIRMED
2020-05-17,WEEKEND,Sunday,weekend,weekend_policy,,,CONFIRMED
2020-05-18,CLOSED,Victoria Day,ca_victoria_day,module:ca_victoria_day,,,CONFIRMED
2020-05-23,WEEKEND,Saturday,weekend,weekend_policy,,,CONFIRMED
2020-05-24,WEEKEND,Sunday,weekend,weekend_policy,,,CONFIRMED
2020-05-30,WEEKEND,Saturday,weekend,weekend_policy,,,CONFIRMED
2020-05-31,WEEKEND,Sunday,weekend,weekend_policy,,,CONFIRMED
2020-06-06,WEEKEND,Saturday,weekend,weekend_policy,,,CONFIRMED
2020-06-07,WEEKEND,Sunday,weekend,weekend_policy,,,CONFIRMED
2020-06-13,WEEKEND,Saturday,weekend,weekend_policy,,,CONFIRMED
2020-06-14,WEEKEND,Sunday,weekend,weekend_policy,,,CONFIRMED
2020-06-20,WEEKEND,Saturday,weekend,weekend_policy,,,CONFIRMED
2020-06-21,WEEKEND,Sunday,weekend,weekend_policy,,,CONFIRMED
2020-06-27,WEEKEND,Saturday,weekend,weekend_policy,,,CONFIRMED
2020-06-28,WEEKEND,Sunday,weekend,weekend_policy,,,CONFIRMED
2020-07-01,CLOSED,Canada Day,ca_canada_day,module:ca_canada_day,,,CONFIRMED
2020-07-04,WEEKEND,Saturday,weekend,weekend_policy,,,CONFIRMED
2020-07-05,WEEKEND,Sunday,weekend,weekend_policy,,,CONFIRMED
2020-07-11,WEEKEND,Saturday,weekend,weekend_policy,,,CONFIRMED
2020-07-12,WEEKEND,Sunday,weekend,weekend_policy,,,CONFIRMED
2020-07-18,WEEKEND,Saturday,weekend,weekend_policy,,,CONFIRMED
2020-07-19,WEEKEND,Sunday,weekend,weekend_policy,,,CONFIRMED
2020-07-25,WEEKEND,Saturday,weekend,weekend_policy,,,CONFIRMED
2020-07-26,WEEKEND,Sunday,weekend,weekend_policy,,,CONFIRMED
2020-08-01,WEEKEND,Saturday,weekend,weekend_policy,,,CONFIRMED
2020-08-02,WEEKEND,Sunday,weekend,weekend_policy,,,CONFIRMED
2020-08-03,CLOSED,Civic Holiday,ca_civic_holiday,module:ca_civic_holiday,,,CONFIRMED
2020-08-08,WEEKEND,Saturday,weekend,weekend_policy,,,CONFIRMED
2020-08-09,WEEKEND,Sunday,weekend,weekend_policy,,,CONFIRMED
2020-08-15,WEEKEND,Saturday,weekend,weekend_policy,,,CONFIRMED
2020-08-16,WEEKEND,Sunday,weekend,weekend_policy,,,CONFIRMED
2020-08-22,WEEKEND,Saturday,weekend,weekend_policy,,,CONFIRMED
2020-08-23,WEEKEND,Sunday,weekend,weekend_policy,,,CONFIRMED
2020-08-29,WEEKEND,Saturday,weekend,weekend_policy,,,CONFIRMED
2020-08-30,WEEKEND,Sunday,weekend,weekend_policy,,,CONFIRMED
2020-09-05,WEEKEND,Saturday,weekend,weekend_policy,,,CONFIRMED
2020-09-06,WEEKEND,Sunday,weekend,weekend_policy,,,CONFIRMED
2020-09-07,CLOSED,Labour Day,ca_labour_day,module:ca_labour_day,,,CONFIRMED
2020-09-12,WEEKEND,Saturday,weekend,weekend_policy,,,CONFIRMED
2020-09-13,WEEKEND,Sunday,weekend,weekend_policy,,,CONFIRMED
2020-09-19,WEEKEND,Saturday,weekend,weekend_policy,,,CONFIRMED
2020-09-20,WEEKEND,Sunday,weekend,weekend_policy,,,CONFIRMED
2020-09-26,WEEKEND,Saturday,weekend,weekend_policy,,,CONFIRMED
2020-09-27,WEEKEND,Sunday,weekend,weekend_policy,,,CONFIRMED
2020-10-03,WEEKEND,Saturday,weekend,weekend_policy,,,CONFIRMED
2020-10-04,WEEKEND,Sunday,weekend,weekend_policy,,,CONFIRMED
2020-10-10,WEEKEND,Saturday,weekend,weekend_policy,,,CONFIRMED
2020-10-11,WEEKEND,Sunday,weekend,weekend_policy,,,CONFIRMED
2020-10-12,CLOSED,Thanksgiving Day,ca_thanksgiving,module:ca_thanksgiving,,,CONFIRMED
2020-10-17,WEEKEND,Saturday,weekend,weekend_policy,,,CONFIRMED
2020-10-18,WEEKEND,Sunday,weekend,weekend_policy,,,CONFIRMED
2020-10-24,WEEKEND,Saturday,weekend,weekend_policy,,,CONFIRMED
2020-10-25,WEEKEND,Sunday,weekend,weekend_policy,,,CONFIRMED
2020-10-31,WEEKEND,Saturday,weekend,weekend_policy,,,CONFIRMED
2020-11-01,WEEKEND,Sunday,weekend,weekend_policy,,,CONFIRMED
2020-11-07,WEEKEND,Saturday,weekend,weekend_policy,,,CONFIRMED
2020-11-08,WEEKEND,Sunday,weekend,weekend_policy,,,CONFIRMED
2020-11-14,WEEKEND,Saturday,weekend,weekend_policy,,,CONFIRMED
2020-11-15,WEEKEND,Sunday,weekend,weekend_policy,,,CONFIRMED
2020-11-21,WEEKEND,Saturday,weekend,weekend_policy,,,CONFIRMED
2020-11-22,WEEKEND,Sunday,weekend,weekend_policy,,,CONFIRMED
2020-11-28,WEEKEND,Saturday,weekend,weekend_policy,,,CONFIRMED
2020-11-29,WEEKEND,Sunday,weekend,weekend_policy,,,CONFIRMED
2020-12-05,WEEKEND,Saturday,weekend,weekend_policy,,,CONFIRMED
2020-12-06,WEEKEND,Sunday,weekend,weekend_policy,,,CONFIRMED
2020-12-12,WEEKEND,Saturday,weekend,weekend_policy,,,CONFIRMED
2020-12-13,WEEKEND,Sunday,weekend,weekend_policy,,,CONFIRMED
2020-12-19,WEEKEND,Saturday,weekend,weekend_policy,,,CONFIRMED
2020-12-20,WEEKEND,Sunday,weekend,weekend_policy,,,CONFIRMED
2020-12-24,EARLY_CLOSE,Christmas Eve,ca_christmas_eve_early_close,module:ca_christmas,,13:00,CONFIRMED
2020-12-25,CLOSED,Christmas Day,ca_christmas,module:ca_christmas,,,CONFIRMED
2020-12-26,WEEKEND,Saturday,weekend,weekend_policy,,,CONFIRMED
2020-12-27,WEEKEND,Sunday,weekend,weekend_policy,,,CONFIRMED
2020-12-28,CLOSED,Boxing Day,ca_boxing_day,module:ca_boxing_day,2020-12-26,,CONFIRMED
2021-01-01,CLOSED,New Year's Day,ca_new_years_day,module:ca_new_years_day,,,CONFIRMED
2021-01-02,WEEKEND,Saturday,weekend,weekend_policy,,,CONFIRMED
2021-01-03,WEEKEND,Sunday,weekend,weekend_policy,,,CONFIRMED
2021-01-09,WEEKEND,Saturday,weekend,weekend_policy,,,CONFIRMED
2021-01-10,WEEKEND,Sunday,weekend,weekend_policy,,,CONFIRMED
2021-01-16,WEEKEND,Saturday,weekend,weekend_policy,,,CONFIRMED
2021-01-17,WEEKEND,Sunday,weekend,weekend_policy,,,CONFIRMED
2021-01-23,WEEKEND,Saturday,weekend,weekend_policy,,,CONFIRMED
2021-01-24,WEEKEND,Sunday,weekend,weekend_policy,,,CONFIRMED
2021-01-30,WEEKEND,Saturday,weekend,weekend_policy,,,CONFIRMED
2021-01-31,WEEKEND,Sunday,weekend,weekend_policy,,,CONFIRMED
2021-02-06,WEEKEND,Saturday,weekend,weekend_policy,,,CONFIRMED
2021-02-07,WEEKEND,Sunday,weekend,weekend_policy,,,CONFIRMED
2021-02-13,WEEKEND,Saturday,weekend,weekend_policy,,,CONFIRMED
2021-02-14,WEEKEND,Sunday,weekend,weekend_policy,,,CONFIRMED
2021-02-15,CLOSED,Family Day,ca_family_day,module:ca_family_day,,,CONFIRMED
2021-02-20,WEEKEND,Saturday,weekend,weekend_policy,,,CONFIRMED
2021-02-21,WEEKEND,Sunday,weekend,weekend_policy,,,CONFIRMED
2021-02-27,WEEKEND,Saturday,weekend,weekend_policy,,,CONFIRMED
2021-02-28,WEEKEND,Sunday,weekend,weekend_policy,,,CONFIRMED
2021-03-06,WEEKEND,Saturday,weekend,weekend_policy,,,CONFIRMED
2021-03-07,WEEKEND,Sunday,weekend,weekend_policy,,,CONFIRMED
2021-03-13,WEEKEND,Saturday,weekend,weekend_policy,,,CONFIRMED
2021-03-14,WEEKEND,Sunday,weekend,weekend_policy,,,CONFIRMED
2021-03-20,WEEKEND,Saturday,weekend,weekend_policy,,,CONFIRMED
2021-03-21,WEEKEND,Sunday,weekend,weekend_policy,,,CONFIRMED
2021-03-27,WEEKEND,Saturday,weekend,weekend_policy,,,CONFIRMED
2021-03-28,WEEKEND,Sunday,weekend,weekend_policy,,,CONFIRMED
2021-04-02,CLOSED,Good Friday,ca_good_friday,module:ca_good_friday,,,CONFIRMED
2021-04-03,WEEKEND,Saturday,weekend,weekend_policy,,,CONFIRMED
2021-04-04,WEEKEND,Sunday,weekend,weekend_policy,,,CONFIRMED
2021-04-10,WEEKEND,Saturday,weekend,weekend_policy,,,CONFIRMED
2021-04-11,WEEKEND,Sunday,weekend,weekend_policy,,,CONFIRMED
2021-04-17,WEEKEND,Saturday,weekend,weekend_policy,,,CONFIRMED
2021-04-18,WEEKEND,Sunday,weekend,weekend_policy,,,CONFIRMED
2021-04-24,WEEKEND,Saturday,weekend,weekend_policy,,,CONFIRMED
2021-04-25,WEEKEND,Sunday,weekend,weekend_policy,,,CONFIRMED
2021-05-01,WEEKEND,Saturday,weekend,weekend_policy,,,CONFIRMED
2021-05-02,WEEKEND,Sunday,weekend,weekend_policy,,,CONFIRMED
2021-05-08,WEEKEND,Saturday,weekend,weekend_policy,,,CONFIRMED
2021-05-09,WEEKEND,Sunday,weekend,weekend_policy,,,CONFIRMED
2021-05-15,WEEKEND,Saturday,weekend,weekend_policy,,,CONFIRMED
2021-05-16,WEEKEND,Sunday,weekend,weekend_policy,,,CONFIRMED
2021-05-22,WEEKEND,Saturday,weekend,weekend_policy,,,CONFIRMED
2021-05-23,WEEKEND,Sunday,weekend,weekend_policy,,,CONFIRMED
2021-05-24,CLOSED,Victoria Day,ca_victoria_day,module:ca_victoria_day,,,CONFIRMED
2021-05-29,WEEKEND,Saturday,weekend,weekend_policy,,,CONFIRMED
2021-05-30,WEEKEND,Sunday,weekend,weekend_policy,,,CONFIRMED
2021-06-05,WEEKEND,Saturday,weekend,weekend_policy,,,CONFIRMED
2021-06-06,WEEKEND,Sunday,weekend,weekend_policy,,,CONFIRMED
2021-06-12,WEEKEND,Saturday,weekend,weekend_policy,,,CONFIRMED
2021-06-13,WEEKEND,Sunday,weekend,weekend_policy,,,CONFIRMED
2021-06-19,WEEKEND,Saturday,weekend,weekend_policy,,,CONFIRMED
2021-06-20,WEEKEND,Sunday,weekend,weekend_policy,,,CONFIRMED
2021-06-26,WEEKEND,Saturday,weekend,weekend_policy,,,CONFIRMED
2021-06-27,WEEKEND,Sunday,weekend,weekend_policy,,,CONFIRMED
2021-07-01,CLOSED,Canada Day,ca_canada_day,module:ca_canada_day,,,CONFIRMED
2021-07-03,WEEKEND,Saturday,weekend,weekend_policy,,,CONFIRMED
2021-07-04,WEEKEND,Sunday,weekend,weekend_policy,,,CONFIRMED
2021-07-10,WEEKEND,Saturday,weekend,weekend_policy,,,CONFIRMED
2021-07-11,WEEKEND,Sunday,weekend,weekend_policy,,,CONFIRMED
2021-07-17,WEEKEND,Saturday,weekend,weekend_policy,,,CONFIRMED
2021-07-18,WEEKEND,Sunday,weekend,weekend_policy,,,CONFIRMED
2021-07-24,WEEKEND,Saturday,weekend,weekend_policy,,,CONFIRMED
2021-07-25,WEEKEND,Sunday,weekend,weekend_policy,,,CONFIRMED
2021-07-31,WEEKEND,Saturday,weekend,weekend_policy,,,CONFIRMED
2021-08-01,WEEKEND,Sunday,weekend,weekend_policy,,,CONFIRMED
2021-08-02,CLOSED,Civic Holiday,ca_civic_holiday,module:ca_civic_holiday,,,CONFIRMED
2021-08-07,WEEKEND,Saturday,weekend,weekend_policy,,,CONFIRMED
2021-08-08,WEEKEND,Sunday,weekend,weekend_policy,,,CONFIRMED
2021-08-14,WEEKEND,Saturday,weekend,weekend_policy,,,CONFIRMED
2021-08-15,WEEKEND,Sunday,weekend,weekend_policy,,,CONFIRMED
2021-08-21,WEEKEND,Saturday,weekend,weekend_policy,,,CONFIRMED
2021-08-22,WEEKEND,Sunday,weekend,weekend_policy,,,CONFIRMED
2021-08-28,WEEKEND,Saturday,weekend,weekend_policy,,,CONFIRMED
2021-08-29,WEEKEND,Sunday,weekend,weekend_policy,,,CONFIRMED
2021-09-04,WEEKEND,Saturday,weekend,weekend_policy,,,CONFIRMED
2021-09-05,WEEKEND,Sunday,weekend,weekend_policy,,,CONFIRMED
2021-09-06,CLOSED,Labour Day,ca_labour_day,module:ca_labour_day,,,CONFIRMED
2021-09-11,WEEKEND,Saturday,weekend,weekend_policy,,,CONFIRMED
2021-09-12,WEEKEND,Sunday,weekend,weekend_policy,,,CONFIRMED
2021-09-18,WEEKEND,Saturday,weekend,weekend_policy,,,CONFIRMED
2021-09-19,WEEKEND,Sunday,weekend,weekend_policy,,,CONFIRMED
2021-09-25,WEEKEND,Saturday,weekend,weekend_policy,,,CONFIRMED
2021-09-26,WEEKEND,Sunday,weekend,weekend_policy,,,CONFIRMED
2021-10-02,WEEKEND,Saturday,weekend,weekend_policy,,,CONFIRMED
2021-10-03,WEEKEND,Sunday,weekend,weekend_policy,,,CONFIRMED
2021-10-09,WEEKEND,Saturday,weekend,weekend_policy,,,CONFIRMED
2021-10-10,WEEKEND,Sunday,weekend,weekend_policy,,,CONFIRMED
2021-10-11,CLOSED,Thanksgiving Day,ca_thanksgiving,module:ca_thanksgiving,,,CONFIRMED
2021-10-16,WEEKEND,Saturday,weekend,weekend_policy,,,CONFIRMED
2021-10-17,WEEKEND,Sunday,weekend,weekend_policy,,,CONFIRMED
2021-10-23,WEEKEND,Saturday,weekend,weekend_policy,,,CONFIRMED
2021-10-24,WEEKEND,Sunday,weekend,weekend_policy,,,CONFIRMED
2021-10-30,WEEKEND,Saturday,weekend,weekend_policy,,,CONFIRMED
2021-10-31,WEEKEND,Sunday,weekend,weekend_policy,,,CONFIRMED
2021-11-06,WEEKEND,Saturday,weekend,weekend_policy,,,CONFIRMED
2021-11-07,WEEKEND,Sunday,weekend,weekend_policy,,,CONFIRMED
2021-11-13,WEEKEND,Saturday,weekend,weekend_policy,,,CONFIRMED
2021-11-14,WEEKEND,Sunday,weekend,weekend_policy,,,CONFIRMED
2021-11-20,WEEKEND,Saturday,weekend,weekend_policy,,,CONFIRMED
2021-11-21,WEEKEND,Sunday,weekend,weekend_policy,,,CONFIRMED
2021-11-27,WEEKEND,Saturday,weekend,weekend_policy,,,CONFIRMED
2021-11-28,WEEKEND,Sunday,weekend,weekend_policy,,,CONFIRMED
2021-12-04,WEEKEND,Saturday,weekend,weekend_policy,,,CONFIRMED
2021-12-05,WEEKEND,Sunday,weekend,weekend_policy,,,CONFIRMED
2021-12-11,WEEKEND,Saturday,weekend,weekend_policy,,,CONFIRMED
2021-12-12,WEEKEND,Sunday,weekend,weekend_policy,,,CONFIRMED
2021-12-18,WEEKEND,Saturday,weekend,weekend_policy,,,CONFIRMED
2021-12-19,WEEKEND,Sunday,weekend,weekend_policy,,,CONFIRMED
2021-12-24,EARLY_CLOSE,Christmas Eve,ca_christmas_eve_early_close,module:ca_christmas,,13:00,CONFIRMED
2021-12-25,WEEKEND,Saturday,weekend,weekend_policy,,,CONFIRMED
2021-12-26,WEEKEND,Sunday,weekend,weekend_policy,,,CONFIRMED
2021-12-27,CLOSED,Christmas Day,ca_christmas,module:ca_christmas,2021-12-25,,CONFIRMED
2021-12-28,CLOSED,Boxing Day,ca_boxing_day,module:ca_boxing_day,2021-12-26,,CONFIRMED
2022-01-01,WEEKEND,Saturday,weekend,weekend_policy,,,CONFIRMED
2022-01-02,WEEKEND,Sunday,weekend,weekend_policy,,,CONFIRMED
2022-01-03,CLOSED,New Year's Day,ca_new_years_day,module:ca_new_years_day,2022-01-01,,CONFIRMED
2022-01-08,WEEKEND,Saturday,weekend,weekend_policy,,,CONFIRMED
2022-01-09,WEEKEND,Sunday,weekend,weekend_policy,,,CONFIRMED
2022-01-15,WEEKEND,Saturday,weekend,weekend_policy,,,CONFIRMED
2022-01-16,WEEKEND,Sunday,weekend,weekend_policy,,,CONFIRMED
2022-01-22,WEEKEND,Saturday,weekend,weekend_policy,,,CONFIRMED
2022-01-23,WEEKEND,Sunday,weekend,weekend_policy,,,CONFIRMED
2022-01-29,WEEKEND,Saturday,weekend,weekend_policy,,,CONFIRMED
2022-01-30,WEEKEND,Sunday,weekend,weekend_policy,,,CONFIRMED
2022-02-05,WEEKEND,Saturday,weekend,weekend_policy,,,CONFIRMED
2022-02-06,WEEKEND,Sunday,weekend,weekend_policy,,,CONFIRMED
2022-02-12,WEEKEND,Saturday,weekend,weekend_policy,,,CONFIRMED
2022-02-13,WEEKEND,Sunday,weekend,weekend_policy,,,CONFIRMED
2022-02-19,WEEKEND,Saturday,weekend,weekend_policy,,,CONFIRMED
2022-02-20,WEEKEND,Sunday,weekend,weekend_policy,,,CONFIRMED
2022-02-21,CLOSED,Family Day,ca_family_day,module:ca_family_day,,,CONFIRMED
2022-02-26,WEEKEND,Saturday,weekend,weekend_policy,,,CONFIRMED
2022-02-27,WEEKEND,Sunday,weekend,weekend_policy,,,CONFIRMED
2022-03-05,WEEKEND,Saturday,weekend,weekend_policy,,,CONFIRMED
2022-03-06,WEEKEND,Sunday,weekend,weekend_policy,,,CONFIRMED
2022-03-12,WEEKEND,Saturday,weekend,weekend_policy,,,CONFIRMED
2022-03-13,WEEKEND,Sunday,weekend,weekend_policy,,,CONFIRMED
2022-03-19,WEEKEND,Saturday,weekend,weekend_policy,,,CONFIRMED
2022-03-20,WEEKEND,Sunday,weekend,weekend_policy,,,CONFIRMED
2022-03-26,WEEKEND,Saturday,weekend,weekend_policy,,,CONFIRMED
2022-03-27,WEEKEND,Sunday,weekend,weekend_policy,,,CONFIRMED
2022-04-02,WEEKEND,Saturday,weekend,weekend_policy,,,CONFIRMED
2022-04-03,WEEKEND,Sunday,weekend,weekend_policy,,,CONFIRMED
2022-04-09,WEEKEND,Saturday,weekend,weekend_policy,,,CONFIRMED
2022-04-10,WEEKEND,Sunday,weekend,weekend_policy,,,CONFIRMED
2022-04-15,CLOSED,Good Friday,ca_good_friday,module:ca_good_friday,,,CONFIRMED
2022-04-16,WEEKEND,Saturday,weekend,weekend_policy,,,CONFIRMED
2022-04-17,WEEKEND,Sunday,weekend,weekend_policy,,,CONFIRMED
2022-04-23,WEEKEND,Saturday,weekend,weekend_policy,,,CONFIRMED
2022-04-24,WEEKEND,Sunday,weekend,weekend_policy,,,CONFIRMED
2022-04-30,WEEKEND,Saturday,weekend,weekend_policy,,,CONFIRMED
2022-05-01,WEEKEND,Sunday,weekend,weekend_policy,,,CONFIRMED
2022-05-07,WEEKEND,Saturday,weekend,weekend_policy,,,CONFIRMED
2022-05-08,WEEKEND,Sunday,weekend,weekend_policy,,,CONFIRMED
2022-05-14,WEEKEND,Saturday,weekend,weekend_policy,,,CONFIRMED
2022-05-15,WEEKEND,Sunday,weekend,weekend_policy,,,CONFIRMED
2022-05-21,WEEKEND,Saturday,weekend,weekend_policy,,,CONFIRMED
2022-05-22,WEEKEND,Sunday,weekend,weekend_policy,,,CONFIRMED
2022-05-23,CLOSED,Victoria Day,ca_victoria_day,module:ca_victoria_day,,,CONFIRMED
2022-05-28,WEEKEND,Saturday,weekend,weekend_policy,,,CONFIRMED
2022-05-29,WEEKEND,Sunday,weekend,weekend_policy,,,CONFIRMED
2022-06-04,WEEKEND,Saturday,weekend,weekend_policy,,,CONFIRMED
2022-06-05,WEEKEND,Sunday,weekend,weekend_policy,,,CONFIRMED
2022-06-11,WEEKEND,Saturday,weekend,weekend_policy,,,CONFIRMED
2022-06-12,WEEKEND,Sunday,weekend,weekend_policy,,,CONFIRMED
2022-06-18,WEEKEND,Saturday,weekend,weekend_policy,,,CONFIRMED
2022-06-19,WEEKEND,Sunday,weekend,weekend_policy,,,CONFIRMED
2022-06-25,WEEKEND,Saturday,weekend,weekend_policy,,,CONFIRMED
2022-06-26,WEEKEND,Sunday,weekend,weekend_policy,,,CONFIRMED
2022-07-01,CLOSED,Canada Day,ca_canada_day,module:ca_canada_day,,,CONFIRMED
2022-07-02,WEEKEND,Saturday,weekend,weekend_policy,,,CONFIRMED
2022-07-03,WEEKEND,Sunday,weekend,weekend_policy,,,CONFIRMED
2022-07-09,WEEKEND,Saturday,weekend,weekend_policy,,,CONFIRMED
2022-07-10,WEEKEND,Sunday,weekend,weekend_policy,,,CONFIRMED
2022-07-16,WEEKEND,Saturday,weekend,weekend_policy,,,CONFIRMED
2022-07-17,WEEKEND,Sunday,weekend,weekend_policy,,,CONFIRMED
2022-07-23,WEEKEND,Saturday,weekend,weekend_policy,,,CONFIRMED
2022-07-24,WEEKEND,Sunday,weekend,weekend_policy,,,CONFIRMED
2022-07-30,WEEKEND,Saturday,weekend,weekend_policy,,,CONFIRMED
2022-07-31,WEEKEND,Sunday,weekend,weekend_policy,,,CONFIRMED
2022-08-01,CLOSED,Civic Holiday,ca_civic_holiday,module:ca_civic_holiday,,,CONFIRMED
2022-08-06,WEEKEND,Saturday,weekend,weekend_policy,,,CONFIRMED
2022-08-07,WEEKEND,Sunday,weekend,weekend_policy,,,CONFIRMED
2022-08-13,WEEKEND,Saturday,weekend,weekend_policy,,,CONFIRMED
2022-08-14,WEEKEND,Sunday,weekend,weekend_policy,,,CONFIRMED
2022-08-20,WEEKEND,Saturday,weekend,weekend_policy,,,CONFIRMED
2022-08-21,WEEKEND,Sunday,weekend,weekend_policy,,,CONFIRMED
2022-08-27,WEEKEND,Saturday,weekend,weekend_policy,,,CONFIRMED
2022-08-28,WEEKEND,Sunday,weekend,weekend_policy,,,CONFIRMED
2022-09-03,WEEKEND,Saturday,weekend,weekend_policy,,,CONFIRMED
2022-09-04,WEEKEND,Sunday,weekend,weekend_policy,,,CONFIRMED
2022-09-05,CLOSED,Labour Day,ca_labour_day,module:ca_labour_day,,,CONFIRMED
2022-09-10,WEEKEND,Saturday,weekend,weekend_policy,,,CONFIRMED
2022-09-11,WEEKEND,Sunday,weekend,weekend_policy,,,CONFIRMED
2022-09-17,WEEKEND,Saturday,weekend,weekend_policy,,,CONFIRMED
2022-09-18,WEEKEND,Sunday,weekend,weekend_policy,,,CONFIRMED
2022-09-24,WEEKEND,Saturday,weekend,weekend_policy,,,CONFIRMED
2022-09-25,WEEKEND,Sunday,weekend,weekend_policy,,,CONFIRMED
2022-10-01,WEEKEND,Saturday,weekend,weekend_policy,,,CONFIRMED
2022-10-02,WEEKEND,Sunday,weekend,weekend_policy,,,CONFIRMED
2022-10-08,WEEKEND,Saturday,weekend,weekend_policy,,,CONFIRMED
2022-10-09,WEEKEND,Sunday,weekend,weekend_policy,,,CONFIRMED
2022-10-10,CLOSED,Thanksgiving Day,ca_thanksgiving,module:ca_thanksgiving,,,CONFIRMED
2022-10-15,WEEKEND,Saturday,weekend,weekend_policy,,,CONFIRMED
2022-10-16,WEEKEND,Sunday,weekend,weekend_policy,,,CONFIRMED
2022-10-22,WEEKEND,Saturday,weekend,weekend_policy,,,CONFIRMED
2022-10-23,WEEKEND,Sunday,weekend,weekend_policy,,,CONFIRMED
2022-10-29,WEEKEND,Saturday,weekend,weekend_policy,,,CONFIRMED
2022-10-30,WEEKEND,Sunday,weekend,weekend_policy,,,CONFIRMED
2022-11-05,WEEKEND,Saturday,weekend,weekend_policy,,,CONFIRMED
2022-11-06,WEEKEND,Sunday,weekend,weekend_policy,,,CONFIRMED
2022-11-12,WEEKEND,Saturday,weekend,weekend_policy,,,CONFIRMED
2022-11-13,WEEKEND,Sunday,weekend,weekend_policy,,,CONFIRMED
2022-11-19,WEEKEND,Saturday,weekend,weekend_policy,,,CONFIRMED
2022-11-20,WEEKEND,Sunday,weekend,weekend_policy,,,CONFIRMED
2022-11-26,WEEKEND,Saturday,weekend,weekend_policy,,,CONFIRMED
2022-11-27,WEEKEND,Sunday,weekend,weekend_policy,,,CONFIRMED
2022-12-03,WEEKEND,Saturday,weekend,weekend_policy,,,CONFIRMED
2022-12-04,WEEKEND,Sunday,weekend,weekend_policy,,,CONFIRMED
2022-12-10,WEEKEND,Saturday,weekend,weekend_policy,,,CONFIRMED
2022-12-11,WEEKEND,Sunday,weekend,weekend_policy,,,CONFIRMED
2022-12-17,WEEKEND,Saturday,weekend,weekend_policy,,,CONFIRMED
2022-12-18,WEEKEND,Sunday,weekend,weekend_policy,,,CONFIRMED
2022-12-24,WEEKEND,Saturday,weekend,weekend_policy,,,CONFIRMED
2022-12-25,WEEKEND,Sunday,weekend,weekend_policy,,,CONFIRMED
2022-12-26,CLOSED,Christmas Day,ca_christmas,module:ca_christmas,2022-12-25,,CONFIRMED
2022-12-27,CLOSED,Boxing Day,ca_boxing_day,module:ca_boxing_day,2022-12-26,,CONFIRMED
2022-12-31,WEEKEND,Saturday,weekend,weekend_policy,,,CONFIRMED
2023-01-01,WEEKEND,Sunday,weekend,weekend_policy,,,CONFIRMED
2023-01-02,CLOSED,New Year's Day,ca_new_years_day,module:ca_new_years_day,2023-01-01,,CONFIRMED
2023-01-07,WEEKEND,Saturday,weekend,weekend_policy,,,CONFIRMED
2023-01-08,WEEKEND,Sunday,weekend,weekend_policy,,,CONFIRMED
2023-01-14,WEEKEND,Saturday,weekend,weekend_policy,,,CONFIRMED
2023-01-15,WEEKEND,Sunday,weekend,weekend_policy,,,CONFIRMED
2023-01-21,WEEKEND,Saturday,weekend,weekend_policy,,,CONFIRMED
2023-01-22,WEEKEND,Sunday,weekend,weekend_policy,,,CONFIRMED
2023-01-28,WEEKEND,Saturday,weekend,weekend_policy,,,CONFIRMED
2023-01-29,WEEKEND,Sunday,weekend,weekend_policy,,,CONFIRMED
2023-02-04,WEEKEND,Saturday,weekend,weekend_policy,,,CONFIRMED
2023-02-05,WEEKEND,Sunday,weekend,weekend_policy,,,CONFIRMED
2023-02-11,WEEKEND,Saturday,weekend,weekend_policy,,,CONFIRMED
2023-02-12,WEEKEND,Sunday,weekend,weekend_policy,,,CONFIRMED
2023-02-18,WEEKEND,Saturday,weekend,weekend_policy,,,CONFIRMED
2023-02-19,WEEKEND,Sunday,weekend,weekend_policy,,,CONFIRMED
2023-02-20,CLOSED,Family Day,ca_family_day,module:ca_family_day,,,CONFIRMED
2023-02-25,WEEKEND,Saturday,weekend,weekend_policy,,,CONFIRMED
2023-02-26,WEEKEND,Sunday,weekend,weekend_policy,,,CONFIRMED
2023-03-04,WEEKEND,Saturday,weekend,weekend_policy,,,CONFIRMED
2023-03-05,WEEKEND,Sunday,weekend,weekend_policy,,,CONFIRMED
2023-03-11,WEEKEND,Saturday,weekend,weekend_policy,,,CONFIRMED
2023-03-12,WEEKEND,Sunday,weekend,weekend_policy,,,CONFIRMED
2023-03-18,WEEKEND,Saturday,weekend,weekend_policy,,,CONFIRMED
2023-03-19,WEEKEND,Sunday,weekend,weekend_policy,,,CONFIRMED
2023-03-25,WEEKEND,Saturday,weekend,weekend_policy,,,CONFIRMED
2023-03-26,WEEKEND,Sunday,weekend,weekend_policy,,,CONFIRMED
2023-04-01,WEEKEND,Saturday,weekend,weekend_policy,,,CONFIRMED
2023-04-02,WEEKEND,Sunday,weekend,weekend_policy,,,CONFIRMED
2023-04-07,CLOSED,Good Friday,ca_good_friday,module:ca_good_friday,,,CONFIRMED
2023-04-08,WEEKEND,Saturday,weekend,weekend_policy,,,CONFIRMED
2023-04-09,WEEKEND,Sunday,weekend,weekend_policy,,,CONFIRMED
2023-04-15,WEEKEND,Saturday,weekend,weekend_policy,,,CONFIRMED
2023-04-16,WEEKEND,Sunday,weekend,weekend_policy,,,CONFIRMED
2023-04-22,WEEKEND,Saturday,weekend,weekend_policy,,,CONFIRMED
2023-04-23,WEEKEND,Sunday,weekend,weekend_policy,,,CONFIRMED
2023-04-29,WEEKEND,Saturday,weekend,weekend_policy,,,CONFIRMED
2023-04-30,WEEKEND,Sunday,weekend,weekend_policy,,,CONFIRMED
2023-05-06,WEEKEND,Saturday,weekend,weekend_policy,,,CONFIRMED
2023-05-07,WEEKEND,Sunday,weekend,weekend_policy,,,CONFIRMED
2023-05-13,WEEKEND,Saturday,weekend,weekend_policy,,,CONFIRMED
2023-05-14,WEEKEND,Sunday,weekend,weekend_policy,,,CONFIRMED
2023-05-20,WEEKEND,Saturday,weekend,weekend_policy,,,CONFIRMED
2023-05-21,WEEKEND,Sunday,weekend,weekend_policy,,,CONFIRMED
2023-05-22,CLOSED,Victoria Day,ca_victoria_day,module:ca_victoria_day,,,CONFIRMED
2023-05-27,WEEKEND,Saturday,weekend,weekend_policy,,,CONFIRMED
2023-05-28,WEEKEND,Sunday,weekend,weekend_policy,,,CONFIRMED
2023-06-03,WEEKEND,Saturday,weekend,weekend_policy,,,CONFIRMED
2023-06-04,WEEKEND,Sunday,weekend,weekend_policy,,,CONFIRMED
2023-06-10,WEEKEND,Saturday,weekend,weekend_policy,,,CONFIRMED
2023-06-11,WEEKEND,Sunday,weekend,weekend_policy,,,CONFIRMED
2023-06-17,WEEKEND,Saturday,weekend,weekend_policy,,,CONFIRMED
2023-06-18,WEEKEND,Sunday,weekend,weekend_policy,,,CONFIRMED
2023-06-24,WEEKEND,Saturday,weekend,weekend_policy,,,CONFIRMED
2023-06-25,WEEKEND,Sunday,weekend,weekend_policy,,,CONFIRMED
2023-07-01,WEEKEND,Saturday,weekend,weekend_policy,,,CONFIRMED
2023-07-02,WEEKEND,Sunday,weekend,weekend_policy,,,CONFIRMED
2023-07-03,CLOSED,Canada Day,ca_canada_day,module:ca_canada_day,2023-07-01,,CONFIRMED
2023-07-08,WEEKEND,Saturday,weekend,weekend_policy,,,CONFIRMED
2023-07-09,WEEKEND,Sunday,weekend,weekend_policy,,,CONFIRMED
2023-07-15,WEEKEND,Saturday,weekend,weekend_policy,,,CONFIRMED
2023-07-16,WEEKEND,Sunday,weekend,weekend_policy,,,CONFIRMED
2023-07-22,WEEKEND,Saturday,weekend,weekend_policy,,,CONFIRMED
2023-07-23,WEEKEND,Sunday,weekend,weekend_policy,,,CONFIRMED
2023-07-29,WEEKEND,Saturday,weekend,weekend_policy,,,CONFIRMED
2023-07-30,WEEKEND,Sunday,weekend,weekend_policy,,,CONFIRMED
2023-08-05,WEEKEND,Saturday,weekend,weekend_policy,,,CONFIRMED
2023-08-06,WEEKEND,Sunday,weekend,weekend_policy,,,CONFIRMED
2023-08-07,CLOSED,Civic Holiday,ca_civic_holiday,module:ca_civic_holiday,,,CONFIRMED
2023-08-12,WEEKEND,Saturday,weekend,weekend_policy,,,CONFIRMED
2023-08-13,WEEKEND,Sunday,weekend,weekend_policy,,,CONFIRMED
2023-08-19,WEEKEND,Saturday,weekend,weekend_policy,,,CONFIRMED
2023-08-20,WEEKEND,Sunday,weekend,weekend_policy,,,CONFIRMED
2023-08-26,WEEKEND,Saturday,weekend,weekend_policy,,,CONFIRMED
2023-08-27,WEEKEND,Sunday,weekend,weekend_policy,,,CONFIRMED
2023-09-02,WEEKEND,Saturday,weekend,weekend_policy,,,CONFIRMED
2023-09-03,WEEKEND,Sunday,weekend,weekend_policy,,,CONFIRMED
2023-09-04,CLOSED,Labour Day,ca_labour_day,module:ca_labour_day,,,CONFIRMED
2023-09-09,WEEKEND,Saturday,weekend,weekend_policy,,,CONFIRMED
2023-09-10,WEEKEND,Sunday,weekend,weekend_policy,,,CONFIRMED
2023-09-16,WEEKEND,Saturday,weekend,weekend_policy,,,CONFIRMED
2023-09-17,WEEKEND,Sunday,weekend,weekend_policy,,,CONFIRMED
2023-09-23,WEEKEND,Saturday,weekend,weekend_policy,,,CONFIRMED
2023-09-24,WEEKEND,Sunday,weekend,weekend_policy,,,CONFIRMED
2023-09-30,WEEKEND,Saturday,weekend,weekend_policy,,,CONFIRMED
2023-10-01,WEEKEND,Sunday,weekend,weekend_policy,,,CONFIRMED
2023-10-07,WEEKEND,Saturday,weekend,weekend_policy,,,CONFIRMED
2023-10-08,WEEKEND,Sunday,weekend,weekend_policy,,,CONFIRMED
2023-10-09,CLOSED,Thanksgiving Day,ca_thanksgiving,module:ca_thanksgiving,,,CONFIRMED
2023-10-14,WEEKEND,Saturday,weekend,weekend_policy,,,CONFIRMED
2023-10-15,WEEKEND,Sunday,weekend,weekend_policy,,,CONFIRMED
2023-10-21,WEEKEND,Saturday,weekend,weekend_policy,,,CONFIRMED
2023-10-22,WEEKEND,Sunday,weekend,weekend_policy,,,CONFIRMED
2023-10-28,WEEKEND,Saturday,weekend,weekend_policy,,,CONFIRMED
2023-10-29,WEEKEND,Sunday,weekend,weekend_policy,,,CONFIRMED
2023-11-04,WEEKEND,Saturday,weekend,weekend_policy,,,CONFIRMED
2023-11-05,WEEKEND,Sunday,weekend,weekend_policy,,,CONFIRMED
2023-11-11,WEEKEND,Saturday,weekend,weekend_policy,,,CONFIRMED
2023-11-12,WEEKEND,Sunday,weekend,weekend_policy,,,CONFIRMED
2023-11-18,WEEKEND,Saturday,weekend,weekend_policy,,,CONFIRMED
2023-11-19,WEEKEND,Sunday,weekend,weekend_policy,,,CONFIRMED
2023-11-25,WEEKEND,Saturday,weekend,weekend_policy,,,CONFIRMED
2023-11-26,WEEKEND,Sunday,weekend,weekend_policy,,,CONFIRMED
2023-12-02,WEEKEND,Saturday,weekend,weekend_policy,,,CONFIRMED
2023-12-03,WEEKEND,Sunday,weekend,weekend_policy,,,CONFIRMED
2023-12-09,WEEKEND,Saturday,weekend,weekend_policy,,,CONFIRMED
2023-12-10,WEEKEND,Sunday,weekend,weekend_policy,,,CONFIRMED
2023-12-16,WEEKEND,Saturday,weekend,weekend_policy,,,CONFIRMED
2023-12-17,WEEKEND,Sunday,weekend,weekend_policy,,,CONFIRMED
2023-12-23,WEEKEND,Saturday,weekend,weekend_policy,,,CONFIRMED
2023-12-24,WEEKEND,Sunday,weekend,weekend_policy,,,CONFIRMED
2023-12-25,CLOSED,Christmas Day,ca_christmas,module:ca_christmas,,,CONFIRMED
2023-12-26,CLOSED,Boxing Day,ca_boxing_day,module:ca_boxing_day,,,CONFIRMED
2023-12-30,WEEKEND,Saturday,weekend,weekend_policy,,,CONFIRMED
2023-12-31,WEEKEND,Sunday,weekend,weekend_policy,,,CONFIRMED
2024-01-01,CLOSED,New Year's Day,ca_new_years_day,module:ca_new_years_day,,,CONFIRMED
2024-01-06,WEEKEND,Saturday,weekend,weekend_policy,,,CONFIRMED
2024-01-07,WEEKEND,Sunday,weekend,weekend_policy,,,CONFIRMED
2024-01-13,WEEKEND,Saturday,weekend,weekend_policy,,,CONFIRMED
2024-01-14,WEEKEND,Sunday,weekend,weekend_policy,,,CONFIRMED
2024-01-20,WEEKEND,Saturday,weekend,weekend_policy,,,CONFIRMED
2024-01-21,WEEKEND,Sunday,weekend,weekend_policy,,,CONFIRMED
2024-01-27,WEEKEND,Saturday,weekend,weekend_policy,,,CONFIRMED
2024-01-28,WEEKEND,Sunday,weekend,weekend_policy,,,CONFIRMED
2024-02-03,WEEKEND,Saturday,weekend,weekend_policy,,,CONFIRMED
2024-02-04,WEEKEND,Sunday,weekend,weekend_policy,,,CONFIRMED
2024-02-10,WEEKEND,Saturday,weekend,weekend_policy,,,CONFIRMED
2024-02-11,WEEKEND,Sunday,weekend,weekend_policy,,,CONFIRMED
2024-02-17,WEEKEND,Saturday,weekend,weekend_policy,,,CONFIRMED
2024-02-18,WEEKEND,Sunday,weekend,weekend_policy,,,CONFIRMED
2024-02-19,CLOSED,Family Day,ca_family_day,module:ca_family_day,,,CONFIRMED
2024-02-24,WEEKEND,Saturday,weekend,weekend_policy,,,CONFIRMED
2024-02-25,WEEKEND,Sunday,weekend,weekend_policy,,,CONFIRMED
2024-03-02,WEEKEND,Saturday,weekend,weekend_policy,,,CONFIRMED
2024-03-03,WEEKEND,Sunday,weekend,weekend_policy,,,CONFIRMED
2024-03-09,WEEKEND,Saturday,weekend,weekend_policy,,,CONFIRMED
2024-03-10,WEEKEND,Sunday,weekend,weekend_policy,,,CONFIRMED
2024-03-16,WEEKEND,Saturday,weekend,weekend_policy,,,CONFIRMED
2024-03-17,WEEKEND,Sunday,weekend,weekend_policy,,,CONFIRMED
2024-03-23,WEEKEND,Saturday,weekend,weekend_policy,,,CONFIRMED
2024-03-24,WEEKEND,Sunday,weekend,weekend_policy,,,CONFIRMED
2024-03-29,CLOSED,Good Friday,ca_good_friday,module:ca_good_friday,,,CONFIRMED
2024-03-30,WEEKEND,Saturday,weekend,weekend_policy,,,CONFIRMED
2024-03-31,WEEKEND,Sunday,weekend,weekend_policy,,,CONFIRMED
2024-04-06,WEEKEND,Saturday,weekend,weekend_policy,,,CONFIRMED
2024-04-07,WEEKEND,Sunday,weekend,weekend_policy,,,CONFIRMED
2024-04-13,WEEKEND,Saturday,weekend,weekend_policy,,,CONFIRMED
2024-04-14,WEEKEND,Sunday,weekend,weekend_policy,,,CONFIRMED
2024-04-20,WEEKEND,Saturday,weekend,weekend_policy,,,CONFIRMED
2024-04-21,WEEKEND,Sunday,weekend,weekend_policy,,,CONFIRMED
2024-04-27,WEEKEND,Saturday,weekend,weekend_policy,,,CONFIRMED
2024-04-28,WEEKEND,Sunday,weekend,weekend_policy,,,CONFIRMED
2024-05-04,WEEKEND,Saturday,weekend,weekend_policy,,,CONFIRMED
2024-05-05,WEEKEND,Sunday,weekend,weekend_policy,,,CONFIRMED
2024-05-11,WEEKEND,Saturday,weekend,weekend_policy,,,CONFIRMED
2024-05-12,WEEKEND,Sunday,weekend,weekend_policy,,,CONFIRMED
2024-05-18,WEEKEND,Saturday,weekend,weekend_policy,,,CONFIRMED
2024-05-19,WEEKEND,Sunday,weekend,weekend_policy,,,CONFIRMED
2024-05-20,CLOSED,Victoria Day,ca_victoria_day,module:ca_victoria_day,,,CONFIRMED
2024-05-25,WEEKEND,Saturday,weekend,weekend_policy,,,CONFIRMED
2024-05-26,WEEKEND,Sunday,weekend,weekend_policy,,,CONFIRMED
2024-06-01,WEEKEND,Saturday,weekend,weekend_policy,,,CONFIRMED
2024-06-02,WEEKEND,Sunday,weekend,weekend_policy,,,CONFIRMED
2024-06-08,WEEKEND,Saturday,weekend,weekend_policy,,,CONFIRMED
2024-06-09,WEEKEND,Sunday,weekend,weekend_policy,,,CONFIRMED
2024-06-15,WEEKEND,Saturday,weekend,weekend_policy,,,CONFIRMED
2024-06-16,WEEKEND,Sunday,weekend,weekend_policy,,,CONFIRMED
2024-06-22,WEEKEND,Saturday,weekend,weekend_policy,,,CONFIRMED
2024-06-23,WEEKEND,Sunday,weekend,weekend_policy,,,CONFIRMED
2024-06-29,WEEKEND,Saturday,weekend,weekend_policy,,,CONFIRMED
2024-06-30,WEEKEND,Sunday,weekend,weekend_policy,,,CONFIRMED
2024-07-01,CLOSED,Canada Day,ca_canada_day,module:ca_canada_day,,,CONFIRMED
2024-07-06,WEEKEND,Saturday,weekend,weekend_policy,,,CONFIRMED
2024-07-07,WEEKEND,Sunday,weekend,weekend_policy,,,CONFIRMED
2024-07-13,WEEKEND,Saturday,weekend,weekend_policy,,,CONFIRMED
2024-07-14,WEEKEND,Sunday,weekend,weekend_policy,,,CONFIRMED
2024-07-20,WEEKEND,Saturday,weekend,weekend_policy,,,CONFIRMED
2024-07-21,WEEKEND,Sunday,weekend,weekend_policy,,,CONFIRMED
2024-07-27,WEEKEND,Saturday,weekend,weekend_policy,,,CONFIRMED
2024-07-28,WEEKEND,Sunday,weekend,weekend_policy,,,CONFIRMED
2024-08-03,WEEKEND,Saturday,weekend,weekend_policy,,,CONFIRMED
2024-08-04,WEEKEND,Sunday,weekend,weekend_policy,,,CONFIRMED
2024-08-05,CLOSED,Civic Holiday,ca_civic_holiday,module:ca_civic_holiday,,,CONFIRMED
2024-08-10,WEEKEND,Saturday,weekend,weekend_policy,,,CONFIRMED
2024-08-11,WEEKEND,Sunday,weekend,weekend_policy,,,CONFIRMED
2024-08-17,WEEKEND,Saturday,weekend,weekend_policy,,,CONFIRMED
2024-08-18,WEEKEND,Sunday,weekend,weekend_policy,,,CONFIRMED
2024-08-24,WEEKEND,Saturday,weekend,weekend_policy,,,CONFIRMED
2024-08-25,WEEKEND,Sunday,weekend,weekend_policy,,,CONFIRMED
2024-08-31,WEEKEND,Saturday,weekend,weekend_policy,,,CONFIRMED
2024-09-01,WEEKEND,Sunday,weekend,weekend_policy,,,CONFIRMED
2024-09-02,CLOSED,Labour Day,ca_labour_day,module:ca_labour_day,,,CONFIRMED
2024-09-07,WEEKEND,Saturday,weekend,weekend_policy,,,CONFIRMED
2024-09-08,WEEKEND,Sunday,weekend,weekend_policy,,,CONFIRMED
2024-09-14,WEEKEND,Saturday,weekend,weekend_policy,,,CONFIRMED
2024-09-15,WEEKEND,Sunday,weekend,weekend_policy,,,CONFIRMED
2024-09-21,WEEKEND,Saturday,weekend,weekend_policy,,,CONFIRMED
2024-09-22,WEEKEND,Sunday,weekend,weekend_policy,,,CONFIRMED
2024-09-28,WEEKEND,Saturday,weekend,weekend_policy,,,CONFIRMED
2024-09-29,WEEKEND,Sunday,weekend,weekend_policy,,,CONFIRMED
2024-10-05,WEEKEND,Saturday,weekend,weekend_policy,,,CONFIRMED
2024-10-06,WEEKEND,Sunday,weekend,weekend_policy,,,CONFIRMED
2024-10-12,WEEKEND,Saturday,weekend,weekend_policy,,,CONFIRMED
2024-10-13,WEEKEND,Sunday,weekend,weekend_policy,,,CONFIRMED
2024-10-14,CLOSED,Thanksgiving Day,ca_thanksgiving,module:ca_thanksgiving,,,CONFIRMED
2024-10-19,WEEKEND,Saturday,weekend,weekend_policy,,,CONFIRMED
2024-10-20,WEEKEND,Sunday,weekend,weekend_policy,,,CONFIRMED
2024-10-26,WEEKEND,Saturday,weekend,weekend_policy,,,CONFIRMED
2024-10-27,WEEKEND,Sunday,weekend,weekend_policy,,,CONFIRMED
2024-11-02,WEEKEND,Saturday,weekend,weekend_policy,,,CONFIRMED
2024-11-03,WEEKEND,Sunday,weekend,weekend_policy,,,CONFIRMED
2024-11-09,WEEKEND,Saturday,weekend,weekend_policy,,,CONFIRMED
2024-11-10,WEEKEND,Sunday,weekend,weekend_policy,,,CONFIRMED
2024-11-16,WEEKEND,Saturday,weekend,weekend_policy,,,CONFIRMED
2024-11-17,WEEKEND,Sunday,weekend,weekend_policy,,,CONFIRMED
2024-11-23,WEEKEND,Saturday,weekend,weekend_policy,,,CONFIRMED
2024-11-24,WEEKEND,Sunday,weekend,weekend_policy,,,CONFIRMED
2024-11-30,WEEKEND,Saturday,weekend,weekend_policy,,,CONFIRMED
2024-12-01,WEEKEND,Sunday,weekend,weekend_policy,,,CONFIRMED
2024-12-07,WEEKEND,Saturday,weekend,weekend_policy,,,CONFIRMED
2024-12-08,WEEKEND,Sunday,weekend,weekend_policy,,,CONFIRMED
2024-12-14,WEEKEND,Saturday,weekend,weekend_policy,,,CONFIRMED
2024-12-15,WEEKEND,Sunday,weekend,weekend_policy,,,CONFIRMED
2024-12-21,WEEKEND,Saturday,weekend,weekend_policy,,,CONFIRMED
2024-12-22,WEEKEND,Sunday,weekend,weekend_policy,,,CONFIRMED
2024-12-24,EARLY_CLOSE,Christmas Eve,ca_christmas_eve_early_close,module:ca_christmas,,13:00,CONFIRMED
2024-12-25,CLOSED,Christmas Day,ca_christmas,module:ca_christmas,,,CONFIRMED
2024-12-26,CLOSED,Boxing Day,ca_boxing_day,module:ca_boxing_day,,,CONFIRMED
2024-12-28,WEEKEND,Saturday,weekend,weekend_policy,,,CONFIRMED
2024-12-29,WEEKEND,Sunday,weekend,weekend_policy,,,CONFIRMED
2025-01-01,CLOSED,New Year's Day,ca_new_years_day,module:ca_new_years_day,,,CONFIRMED
2025-01-04,WEEKEND,Saturday,weekend,weekend_policy,,,CONFIRMED
2025-01-05,WEEKEND,Sunday,weekend,weekend_policy,,,CONFIRMED
2025-01-11,WEEKEND,Saturday,weekend,weekend_policy,,,CONFIRMED
2025-01-12,WEEKEND,Sunday,weekend,weekend_policy,,,CONFIRMED
2025-01-18,WEEKEND,Saturday,weekend,weekend_policy,,,CONFIRMED
2025-01-19,WEEKEND,Sunday,weekend,weekend_policy,,,CONFIRMED
2025-01-25,WEEKEND,Saturday,weekend,weekend_policy,,,CONFIRMED
2025-01-26,WEEKEND,Sunday,weekend,weekend_policy,,,CONFIRMED
2025-02-01,WEEKEND,Saturday,weekend,weekend_policy,,,CONFIRMED
2025-02-02,WEEKEND,Sunday,weekend,weekend_policy,,,CONFIRMED
2025-02-08,WEEKEND,Saturday,weekend,weekend_policy,,,CONFIRMED
2025-02-09,WEEKEND,Sunday,weekend,weekend_policy,,,CONFIRMED
2025-02-15,WEEKEND,Saturday,weekend,weekend_policy,,,CONFIRMED
2025-02-16,WEEKEND,Sunday,weekend,weekend_policy,,,CONFIRMED
2025-02-17,CLOSED,Family Day,ca_family_day,module:ca_family_day,,,CONFIRMED
2025-02-22,WEEKEND,Saturday,weekend,weekend_policy,,,CONFIRMED
2025-02-23,WEEKEND,Sunday,weekend,weekend_policy,,,CONFIRMED
2025-03-01,WEEKEND,Saturday,weekend,weekend_policy,,,CONFIRMED
2025-03-02,WEEKEND,Sunday,weekend,weekend_policy,,,CONFIRMED
2025-03-08,WEEKEND,Saturday,weekend,weekend_policy,,,CONFIRMED
2025-03-09,WEEKEND,Sunday,weekend,weekend_policy,,,CONFIRMED
2025-03-15,WEEKEND,Saturday,weekend,weekend_policy,,,CONFIRMED
2025-03-16,WEEKEND,Sunday,weekend,weekend_policy,,,CONFIRMED
2025-03-22,WEEKEND,Saturday,weekend,weekend_policy,,,CONFIRMED
2025-03-23,WEEKEND,Sunday,weekend,weekend_policy,,,CONFIRMED
2025-03-29,WEEKEND,Saturday,weekend,weekend_policy,,,CONFIRMED
2025-03-30,WEEKEND,Sunday,weekend,weekend_policy,,,CONFIRMED
2025-04-05,WEEKEND,Saturday,weekend,weekend_policy,,,CONFIRMED
2025-04-06,WEEKEND,Sunday,weekend,weekend_policy,,,CONFIRMED
2025-04-12,WEEKEND,Saturday,weekend,weekend_policy,,,CONFIRMED
2025-04-13,WEEKEND,Sunday,weekend,weekend_policy,,,CONFIRMED
2025-04-18,CLOSED,Good Friday,ca_good_friday,module:ca_good_friday,,,CONFIRMED
2025-04-19,WEEKEND,Saturday,weekend,weekend_policy,,,CONFIRMED
2025-04-20,WEEKEND,Sunday,weekend,weekend_policy,,,CONFIRMED
2025-04-26,WEEKEND,Saturday,weekend,weekend_policy,,,CONFIRMED
2025-04-27,WEEKEND,Sunday,weekend,weekend_policy,,,CONFIRMED
2025-05-03,WEEKEND,Saturday,weekend,weekend_policy,,,CONFIRMED
2025-05-04,WEEKEND,Sunday,weekend,weekend_policy,,,CONFIRMED
2025-05-10,WEEKEND,Saturday,weekend,weekend_policy,,,CONFIRMED
2025-05-11,WEEKEND,Sunday,weekend,weekend_policy,,,CONFIRMED
2025-05-17,WEEKEND,Saturday,weekend,weekend_policy,,,CONFIRMED
2025-05-18,WEEKEND,Sunday,weekend,weekend_policy,,,CONFIRMED
2025-05-19,CLOSED,Victoria Day,ca_victoria_day,module:ca_victoria_day,,,CONFIRMED
2025-05-24,WEEKEND,Saturday,weekend,weekend_policy,,,CONFIRMED
2025-05-25,WEEKEND,Sunday,weekend,weekend_policy,,,CONFIRMED
2025-05-31,WEEKEND,Saturday,weekend,weekend_policy,,,CONFIRMED
2025-06-01,WEEKEND,Sunday,weekend,weekend_policy,,,CONFIRMED
2025-06-07,WEEKEND,Saturday,weekend,weekend_policy,,,CONFIRMED
2025-06-08,WEEKEND,Sunday,weekend,weekend_policy,,,CONFIRMED
2025-06-14,WEEKEND,Saturday,weekend,weekend_policy,,,CONFIRMED
2025-06-15,WEEKEND,Sunday,weekend,weekend_policy,,,CONFIRMED
2025-06-21,WEEKEND,Saturday,weekend,weekend_policy,,,CONFIRMED
2025-06-22,WEEKEND,Sunday,weekend,weekend_policy,,,CONFIRMED
2025-06-28,WEEKEND,Saturday,weekend,weekend_policy,,,CONFIRMED
2025-06-29,WEEKEND,Sunday,weekend,weekend_policy,,,CONFIRMED
2025-07-01,CLOSED,Canada Day,ca_canada_day,module:ca_canada_day,,,CONFIRMED
2025-07-05,WEEKEND,Saturday,weekend,weekend_policy,,,CONFIRMED
2025-07-06,WEEKEND,Sunday,weekend,weekend_policy,,,CONFIRMED
2025-07-12,WEEKEND,Saturday,weekend,weekend_policy,,,CONFIRMED
2025-07-13,WEEKEND,Sunday,weekend,weekend_policy,,,CONFIRMED
2025-07-19,WEEKEND,Saturday,weekend,weekend_policy,,,CONFIRMED
2025-07-20,WEEKEND,Sunday,weekend,weekend_policy,,,CONFIRMED
2025-07-26,WEEKEND,Saturday,weekend,weekend_policy,,,CONFIRMED
2025-07-27,WEEKEND,Sunday,weekend,weekend_policy,,,CONFIRMED
2025-08-02,WEEKEND,Saturday,weekend,weekend_policy,,,CONFIRMED
2025-08-03,WEEKEND,Sunday,weekend,weekend_policy,,,CONFIRMED
2025-08-04,CLOSED,Civic Holiday,ca_civic_holiday,module:ca_civic_holiday,,,CONFIRMED
2025-08-09,WEEKEND,Saturday,weekend,weekend_policy,,,CONFIRMED
2025-08-10,WEEKEND,Sunday,weekend,weekend_policy,,,CONFIRMED
2025-08-16,WEEKEND,Saturday,weekend,weekend_policy,,,CONFIRMED
2025-08-17,WEEKEND,Sunday,weekend,weekend_policy,,,CONFIRMED
2025-08-23,WEEKEND,Saturday,weekend,weekend_policy,,,CONFIRMED
2025-08-24,WEEKEND,Sunday,weekend,weekend_policy,,,CONFIRMED
2025-08-30,WEEKEND,Saturday,weekend,weekend_policy,,,CONFIRMED
2025-08-31,WEEKEND,Sunday,weekend,weekend_policy,,,CONFIRMED
2025-09-01,CLOSED,Labour Day,ca_labour_day,module:ca_labour_day,,,CONFIRMED
2025-09-06,WEEKEND,Saturday,weekend,weekend_policy,,,CONFIRMED
2025-09-07,WEEKEND,Sunday,weekend,weekend_policy,,,CONFIRMED
2025-09-13,WEEKEND,Saturday,weekend,weekend_policy,,,CONFIRMED
2025-09-14,WEEKEND,Sunday,weekend,weekend_policy,,,CONFIRMED
2025-09-20,WEEKEND,Saturday,weekend,weekend_policy,,,CONFIRMED
2025-09-21,WEEKEND,Sunday,weekend,weekend_policy,,,CONFIRMED
2025-09-27,WEEKEND,Saturday,weekend,weekend_policy,,,CONFIRMED
2025-09-28,WEEKEND,Sunday,weekend,weekend_policy,,,CONFIRMED
2025-10-04,WEEKEND,Saturday,weekend,weekend_policy,,,CONFIRMED
2025-10-05,WEEKEND,Sunday,weekend,weekend_policy,,,CONFIRMED
2025-10-11,WEEKEND,Saturday,weekend,weekend_policy,,,CONFIRMED
2025-10-12,WEEKEND,Sunday,weekend,weekend_policy,,,CONFIRMED
2025-10-13,CLOSED,Thanksgiving Day,ca_thanksgiving,module:ca_thanksgiving,,,CONFIRMED
2025-10-18,WEEKEND,Saturday,weekend,weekend_policy,,,CONFIRMED
2025-10-19,WEEKEND,Sunday,weekend,weekend_policy,,,CONFIRMED
2025-10-25,WEEKEND,Saturday,weekend,weekend_policy,,,CONFIRMED
2025-10-26,WEEKEND,Sunday,weekend,weekend_policy,,,CONFIRMED
2025-11-01,WEEKEND,Saturday,weekend,weekend_policy,,,CONFIRMED
2025-11-02,WEEKEND,Sunday,weekend,weekend_policy,,,CONFIRMED
2025-11-08,WEEKEND,Saturday,weekend,weekend_policy,,,CONFIRMED
2025-11-09,WEEKEND,Sunday,weekend,weekend_policy,,,CONFIRMED
2025-11-15,WEEKEND,Saturday,weekend,weekend_policy,,,CONFIRMED
2025-11-16,WEEKEND,Sunday,weekend,weekend_policy,,,CONFIRMED
2025-11-22,WEEKEND,Saturday,weekend,weekend_policy,,,CONFIRMED
2025-11-23,WEEKEND,Sunday,weekend,weekend_policy,,,CONFIRMED
2025-11-29,WEEKEND,Saturday,weekend,weekend_policy,,,CONFIRMED
2025-11-30,WEEKEND,Sunday,weekend,weekend_policy,,,CONFIRMED
2025-12-06,WEEKEND,Saturday,weekend,weekend_policy,,,CONFIRMED
2025-12-07,WEEKEND,Sunday,weekend,weekend_policy,,,CONFIRMED
2025-12-13,WEEKEND,Saturday,weekend,weekend_policy,,,CONFIRMED
2025-12-14,WEEKEND,Sunday,weekend,weekend_policy,,,CONFIRMED
2025-12-20,WEEKEND,Saturday,weekend,weekend_policy,,,CONFIRMED
2025-12-21,WEEKEND,Sunday,weekend,weekend_policy,,,CONFIRMED
2025-12-24,EARLY_CLOSE,Christmas Eve,ca_christmas_eve_early_close,module:ca_christmas,,13:00,CONFIRMED
2025-12-25,CLOSED,Christmas Day,ca_christmas,module:ca_christmas,,,CONFIRMED
2025-12-26,CLOSED,Boxing Day,ca_boxing_day,module:ca_boxing_day,,,CONFIRMED
2025-12-27,WEEKEND,Saturday,weekend,weekend_policy,,,CONFIRMED
2025-12-28,WEEKEND,Sunday,weekend,weekend_policy,,,CONFIRMED
2026-01-01,CLOSED,New Year's Day,ca_new_years_day,module:ca_new_years_day,,,CONFIRMED
2026-01-03,WEEKEND,Saturday,weekend,weekend_policy,,,CONFIRMED
2026-01-04,WEEKEND,Sunday,weekend,weekend_policy,,,CONFIRMED
2026-01-10,WEEKEND,Saturday,weekend,weekend_policy,,,CONFIRMED
2026-01-11,WEEKEND,Sunday,weekend,weekend_policy,,,CONFIRMED
2026-01-17,WEEKEND,Saturday,weekend,weekend_policy,,,CONFIRMED
2026-01-18,WEEKEND,Sunday,weekend,weekend_policy,,,CONFIRMED
2026-01-24,WEEKEND,Saturday,weekend,weekend_policy,,,CONFIRMED
2026-01-25,WEEKEND,Sunday,weekend,weekend_policy,,,CONFIRMED
2026-01-31,WEEKEND,Saturday,weekend,weekend_policy,,,CONFIRMED
2026-02-01,WEEKEND,Sunday,weekend,weekend_policy,,,CONFIRMED
2026-02-07,WEEKEND,Saturday,weekend,weekend_policy,,,CONFIRMED
2026-02-08,WEEKEND,Sunday,weekend,weekend_policy,,,CONFIRMED
2026-02-14,WEEKEND,Saturday,weekend,weekend_policy,,,CONFIRMED
2026-02-15,WEEKEND,Sunday,weekend,weekend_policy,,,CONFIRMED
2026-02-16,CLOSED,Family Day,ca_family_day,module:ca_family_day,,,CONFIRMED
2026-02-21,WEEKEND,Saturday,weekend,weekend_policy,,,CONFIRMED
2026-02-22,WEEKEND,Sunday,weekend,weekend_policy,,,CONFIRMED
2026-02-28,WEEKEND,Saturday,weekend,weekend_policy,,,CONFIRMED
2026-03-01,WEEKEND,Sunday,weekend,weekend_policy,,,CONFIRMED
2026-03-07,WEEKEND,Saturday,weekend,weekend_policy,,,CONFIRMED
2026-03-08,WEEKEND,Sunday,weekend,weekend_policy,,,CONFIRMED
2026-03-14,WEEKEND,Saturday,weekend,weekend_policy,,,CONFIRMED
2026-03-15,WEEKEND,Sunday,weekend,weekend_policy,,,CONFIRMED
2026-03-21,WEEKEND,Saturday,weekend,weekend_policy,,,CONFIRMED
2026-03-22,WEEKEND,Sunday,weekend,weekend_policy,,,CONFIRMED
2026-03-28,WEEKEND,Saturday,weekend,weekend_policy,,,CONFIRMED
2026-03-29,WEEKEND,Sunday,weekend,weekend_policy,,,CONFIRMED
2026-04-03,CLOSED,Good Friday,ca_good_friday,module:ca_good_friday,,,CONFIRMED
2026-04-04,WEEKEND,Saturday,weekend,weekend_policy,,,CONFIRMED
2026-04-05,WEEKEND,Sunday,weekend,weekend_policy,,,CONFIRMED
2026-04-11,WEEKEND,Saturday,weekend,weekend_policy,,,CONFIRMED
2026-04-12,WEEKEND,Sunday,weekend,weekend_policy,,,CONFIRMED
2026-04-18,WEEKEND,Saturday,weekend,weekend_policy,,,CONFIRMED
2026-04-19,WEEKEND,Sunday,weekend,weekend_policy,,,CONFIRMED
2026-04-25,WEEKEND,Saturday,weekend,weekend_policy,,,CONFIRMED
2026-04-26,WEEKEND,Sunday,weekend,weekend_policy,,,CONFIRMED
2026-05-02,WEEKEND,Saturday,weekend,weekend_policy,,,CONFIRMED
2026-05-03,WEEKEND,Sunday,weekend,weekend_policy,,,CONFIRMED
2026-05-09,WEEKEND,Saturday,weekend,weekend_policy,,,CONFIRMED
2026-05-10,WEEKEND,Sunday,weekend,weekend_policy,,,CONFIRMED
2026-05-16,WEEKEND,Saturday,weekend,weekend_policy,,,CONFIRMED
2026-05-17,WEEKEND,Sunday,weekend,weekend_policy,,,CONFIRMED
2026-05-18,CLOSED,Victoria Day,ca_victoria_day,module:ca_victoria_day,,,CONFIRMED
2026-05-23,WEEKEND,Saturday,weekend,weekend_policy,,,CONFIRMED
2026-05-24,WEEKEND,Sunday,weekend,weekend_policy,,,CONFIRMED
2026-05-30,WEEKEND,Saturday,weekend,weekend_policy,,,CONFIRMED
2026-05-31,WEEKEND,Sunday,weekend,weekend_policy,,,CONFIRMED
2026-06-06,WEEKEND,Saturday,weekend,weekend_policy,,,CONFIRMED
2026-06-07,WEEKEND,Sunday,weekend,weekend_policy,,,CONFIRMED
2026-06-13,WEEKEND,Saturday,weekend,weekend_policy,,,CONFIRMED
2026-06-14,WEEKEND,Sunday,weekend,weekend_policy,,,CONFIRMED
2026-06-20,WEEKEND,Saturday,weekend,weekend_policy,,,CONFIRMED
2026-06-21,WEEKEND,Sunday,weekend,weekend_policy,,,CONFIRMED
2026-06-27,WEEKEND,Saturday,weekend,weekend_policy,,,CONFIRMED
2026-06-28,WEEKEND,Sunday,weekend,weekend_policy,,,CONFIRMED
2026-07-01,CLOSED,Canada Day,ca_canada_day,module:ca_canada_day,,,CONFIRMED
2026-07-04,WEEKEND,Saturday,weekend,weekend_policy,,,CONFIRMED
2026-07-05,WEEKEND,Sunday,weekend,weekend_policy,,,CONFIRMED
2026-07-11,WEEKEND,Saturday,weekend,weekend_policy,,,CONFIRMED
2026-07-12,WEEKEND,Sunday,weekend,weekend_policy,,,CONFIRMED
2026-07-18,WEEKEND,Saturday,weekend,weekend_policy,,,CONFIRMED
2026-07-19,WEEKEND,Sunday,weekend,weekend_policy,,,CONFIRMED
2026-07-25,WEEKEND,Saturday,weekend,weekend_policy,,,CONFIRMED
2026-07-26,WEEKEND,Sunday,weekend,weekend_policy,,,CONFIRMED
2026-08-01,WEEKEND,Saturday,weekend,weekend_policy,,,CONFIRMED
2026-08-02,WEEKEND,Sunday,weekend,weekend_policy,,,CONFIRMED
2026-08-03,CLOSED,Civic Holiday,ca_civic_holiday,module:ca_civic_holiday,,,CONFIRMED
2026-08-08,WEEKEND,Saturday,weekend,weekend_policy,,,CONFIRMED
2026-08-09,WEEKEND,Sunday,weekend,weekend_policy,,,CONFIRMED
2026-08-15,WEEKEND,Saturday,weekend,weekend_policy,,,CONFIRMED
2026-08-16,WEEKEND,Sunday,weekend,weekend_policy,,,CONFIRMED
2026-08-22,WEEKEND,Saturday,weekend,weekend_policy,,,CONFIRMED
2026-08-23,WEEKEND,Sunday,weekend,weekend_policy,,,CONFIRMED
2026-08-29,WEEKEND,Saturday,weekend,weekend_policy,,,CONFIRMED
2026-08-30,WEEKEND,Sunday,weekend,weekend_policy,,,CONFIRMED
2026-09-05,WEEKEND,Saturday,weekend,weekend_policy,,,CONFIRMED
2026-09-06,WEEKEND,Sunday,weekend,weekend_policy,,,CONFIRMED
2026-09-07,CLOSED,Labour Day,ca_labour_day,module:ca_labour_day,,,CONFIRMED
2026-09-12,WEEKEND,Saturday,weekend,weekend_policy,,,CONFIRMED
2026-09-13,WEEKEND,Sunday,weekend,weekend_policy,,,CONFIRMED
2026-09-19,WEEKEND,Saturday,weekend,weekend_policy,,,CONFIRMED
2026-09-20,WEEKEND,Sunday,weekend,weekend_policy,,,CONFIRMED
2026-09-26,WEEKEND,Saturday,weekend,weekend_policy,,,CONFIRMED
2026-09-27,WEEKEND,Sunday,weekend,weekend_policy,,,CONFIRMED
2026-10-03,WEEKEND,Saturday,weekend,weekend_policy,,,CONFIRMED
2026-10-04,WEEKEND,Sunday,weekend,weekend_policy,,,CONFIRMED
2026-10-10,WEEKEND,Saturday,weekend,weekend_policy,,,CONFIRMED
2026-10-11,WEEKEND,Sunday,weekend,weekend_policy,,,CONFIRMED
2026-10-12,CLOSED,Thanksgiving Day,ca_thanksgiving,module:ca_thanksgiving,,,CONFIRMED
2026-10-17,WEEKEND,Saturday,weekend,weekend_policy,,,CONFIRMED
2026-10-18,WEEKEND,Sunday,weekend,weekend_policy,,,CONFIRMED
2026-10-24,WEEKEND,Saturday,weekend,weekend_policy,,,CONFIRMED
2026-10-25,WEEKEND,Sunday,weekend,weekend_policy,,,CONFIRMED
2026-10-31,WEEKEND,Saturday,weekend,weekend_policy,,,CONFIRMED
2026-11-01,WEEKEND,Sunday,weekend,weekend_policy,,,CONFIRMED
2026-11-07,WEEKEND,Saturday,weekend,weekend_policy,,,CONFIRMED
2026-11-08,WEEKEND,Sunday,weekend,weekend_policy,,,CONFIRMED
2026-11-14,WEEKEND,Saturday,weekend,weekend_policy,,,CONFIRMED
2026-11-15,WEEKEND,Sunday,weekend,weekend_policy,,,CONFIRMED
2026-11-21,WEEKEND,Saturday,weekend,weekend_policy,,,CONFIRMED
2026-11-22,WEEKEND,Sunday,weekend,weekend_policy,,,CONFIRMED
2026-11-28,WEEKEND,Saturday,weekend,weekend_policy,,,CONFIRMED
2026-11-29,WEEKEND,Sunday,weekend,weekend_policy,,,CONFIRMED
2026-12-05,WEEKEND,Saturday,weekend,weekend_policy,,,CONFIRMED
2026-12-06,WEEKEND,Sunday,weekend,weekend_policy,,,CONFIRMED
2026-12-12,WEEKEND,Saturday,weekend,weekend_policy,,,CONFIRMED
2026-12-13,WEEKEND,Sunday,weekend,weekend_policy,,,CONFIRMED
2026-12-19,WEEKEND,Saturday,weekend,weekend_policy,,,CONFIRMED
2026-12-20,WEEKEND,Sunday,weekend,weekend_policy,,,CONFIRMED
2026-12-24,EARLY_CLOSE,Christmas Eve,ca_christmas_eve_early_close,module:ca_christmas,,13:00,CONFIRMED
2026-12-25,CLOSED,Christmas Day,ca_christmas,module:ca_christmas,,,CONFIRMED
2026-12-26,WEEKEND,Saturday,weekend,weekend_policy,,,CONFIRMED
2026-12-27,WEEKEND,Sunday,weekend,weekend_policy,,,CONFIRMED
2026-12-28,CLOSED,Boxing Day,ca_boxing_day,module:ca_boxing_day,2026-12-26,,CONFIRMED
2027-01-01,CLOSED,New Year's Day,ca_new_years_day,module:ca_new_years_day,,,CONFIRMED
2027-01-02,WEEKEND,Saturday,weekend,weekend_policy,,,CONFIRMED
2027-01-03,WEEKEND,Sunday,weekend,weekend_policy,,,CONFIRMED
2027-01-09,WEEKEND,Saturday,weekend,weekend_policy,,,CONFIRMED
2027-01-10,WEEKEND,Sunday,weekend,weekend_policy,,,CONFIRMED
2027-01-16,WEEKEND,Saturday,weekend,weekend_policy,,,CONFIRMED
2027-01-17,WEEKEND,Sunday,weekend,weekend_policy,,,CONFIRMED
2027-01-23,WEEKEND,Saturday,weekend,weekend_policy,,,CONFIRMED
2027-01-24,WEEKEND,Sunday,weekend,weekend_policy,,,CONFIRMED
2027-01-30,WEEKEND,Saturday,weekend,weekend_policy,,,CONFIRMED
2027-01-31,WEEKEND,Sunday,weekend,weekend_policy,,,CONFIRMED
2027-02-06,WEEKEND,Saturday,weekend,weekend_policy,,,CONFIRMED
2027-02-07,WEEKEND,Sunday,weekend,weekend_policy,,,CONFIRMED
2027-02-13,WEEKEND,Saturday,weekend,weekend_policy,,,CONFIRMED
2027-02-14,WEEKEND,Sunday,weekend,weekend_policy,,,CONFIRMED
2027-02-15,CLOSED,Family Day,ca_family_day,module:ca_family_day,,,CONFIRMED
2027-02-20,WEEKEND,Saturday,weekend,weekend_policy,,,CONFIRMED
2027-02-21,WEEKEND,Sunday,weekend,weekend_policy,,,CONFIRMED
2027-02-27,WEEKEND,Saturday,weekend,weekend_policy,,,CONFIRMED
2027-02-28,WEEKEND,Sunday,weekend,weekend_policy,,,CONFIRMED
2027-03-06,WEEKEND,Saturday,weekend,weekend_policy,,,CONFIRMED
2027-03-07,WEEKEND,Sunday,weekend,weekend_policy,,,CONFIRMED
2027-03-13,WEEKEND,Saturday,weekend,weekend_policy,,,CONFIRMED
2027-03-14,WEEKEND,Sunday,weekend,weekend_policy,,,CONFIRMED
2027-03-20,WEEKEND,Saturday,weekend,weekend_policy,,,CONFIRMED
2027-03-21,WEEKEND,Sunday,weekend,weekend_policy,,,CONFIRMED
2027-03-26,CLOSED,Good Friday,ca_good_friday,module:ca_good_friday,,,CONFIRMED
2027-03-27,WEEKEND,Saturday,weekend,weekend_policy,,,CONFIRMED
2027-03-28,WEEKEND,Sunday,weekend,weekend_policy,,,CONFIRMED
2027-04-03,WEEKEND,Saturday,weekend,weekend_policy,,,CONFIRMED
2027-04-04,WEEKEND,Sunday,weekend,weekend_policy,,,CONFIRMED
2027-04-10,WEEKEND,Saturday,weekend,weekend_policy,,,CONFIRMED
2027-04-11,WEEKEND,Sunday,weekend,weekend_policy,,,CONFIRMED
2027-04-17,WEEKEND,Saturday,weekend,weekend_policy,,,CONFIRMED
2027-04-18,WEEKEND,Sunday,weekend,weekend_policy,,,CONFIRMED
2027-04-24,WEEKEND,Saturday,weekend,weekend_policy,,,CONFIRMED
2027-04-25,WEEKEND,Sunday,weekend,weekend_policy,,,CONFIRMED
2027-05-01,WEEKEND,Saturday,weekend,weekend_policy,,,CONFIRMED
2027-05-02,WEEKEND,Sunday,weekend,weekend_policy,,,CONFIRMED
2027-05-08,WEEKEND,Saturday,weekend,weekend_policy,,,CONFIRMED
2027-05-09,WEEKEND,Sunday,weekend,weekend_policy,,,CONFIRMED
2027-05-15,WEEKEND,Saturday,weekend,weekend_policy,,,CONFIRMED
2027-05-16,WEEKEND,Sunday,weekend,weekend_policy,,,CONFIRMED
2027-05-22,WEEKEND,Saturday,weekend,weekend_policy,,,CONFIRMED
2027-05-23,WEEKEND,Sunday,weekend,weekend_policy,,,CONFIRMED
2027-05-24,CLOSED,Victoria Day,ca_victoria_day,module:ca_victoria_day,,,CONFIRMED
2027-05-29,WEEKEND,Saturday,weekend,weekend_policy,,,CONFIRMED
2027-05-30,WEEKEND,Sunday,weekend,weekend_policy,,,CONFIRMED
2027-06-05,WEEKEND,Saturday,weekend,weekend_policy,,,CONFIRMED
2027-06-06,WEEKEND,Sunday,weekend,weekend_policy,,,CONFIRMED
2027-06-12,WEEKEND,Saturday,weekend,weekend_policy,,,CONFIRMED
2027-06-13,WEEKEND,Sunday,weekend,weekend_policy,,,CONFIRMED
2027-06-19,WEEKEND,Saturday,weekend,weekend_policy,,,CONFIRMED
2027-06-20,WEEKEND,Sunday,weekend,weekend_policy,,,CONFIRMED
2027-06-26,WEEKEND,Saturday,weekend,weekend_policy,,,CONFIRMED
2027-06-27,WEEKEND,Sunday,weekend,weekend_policy,,,CONFIRMED
2027-07-01,CLOSED,Canada Day,ca_canada_day,module:ca_canada_day,,,CONFIRMED
2027-07-03,WEEKEND,Saturday,weekend,weekend_policy,,,CONFIRMED
2027-07-04,WEEKEND,Sunday,weekend,weekend_policy,,,CONFIRMED
2027-07-10,WEEKEND,Saturday,weekend,weekend_policy,,,CONFIRMED
2027-07-11,WEEKEND,Sunday,weekend,weekend_policy,,,CONFIRMED
2027-07-17,WEEKEND,Saturday,weekend,weekend_policy,,,CONFIRMED
2027-07-18,WEEKEND,Sunday,weekend,weekend_policy,,,CONFIRMED
2027-07-24,WEEKEND,Saturday,weekend,weekend_policy,,,CONFIRMED
2027-07-25,WEEKEND,Sunday,weekend,weekend_policy,,,CONFIRMED
2027-07-31,WEEKEND,Saturday,weekend,weekend_policy,,,CONFIRMED
2027-08-01,WEEKEND,Sunday,weekend,weekend_policy,,,CONFIRMED
2027-08-02,CLOSED,Civic Holiday,ca_civic_holiday_projected,module:ca_civic_holiday,,,PROJECTED
2027-08-07,WEEKEND,Saturday,weekend,weekend_policy,,,CONFIRMED
2027-08-08,WEEKEND,Sunday,weekend,weekend_policy,,,CONFIRMED
2027-08-14,WEEKEND,Saturday,weekend,weekend_policy,,,CONFIRMED
2027-08-15,WEEKEND,Sunday,weekend,weekend_policy,,,CONFIRMED
2027-08-21,WEEKEND,Saturday,weekend,weekend_policy,,,CONFIRMED
2027-08-22,WEEKEND,Sunday,weekend,weekend_policy,,,CONFIRMED
2027-08-28,WEEKEND,Saturday,weekend,weekend_policy,,,CONFIRMED
2027-08-29,WEEKEND,Sunday,weekend,weekend_policy,,,CONFIRMED
2027-09-04,WEEKEND,Saturday,weekend,weekend_policy,,,CONFIRMED
2027-09-05,WEEKEND,Sunday,weekend,weekend_policy,,,CONFIRMED
2027-09-06,CLOSED,Labour Day,ca_labour_day,module:ca_labour_day,,,CONFIRMED
2027-09-11,WEEKEND,Saturday,weekend,weekend_policy,,,CONFIRMED
2027-09-12,WEEKEND,Sunday,weekend,weekend_policy,,,CONFIRMED
2027-09-18,WEEKEND,Saturday,weekend,weekend_policy,,,CONFIRMED
2027-09-19,WEEKEND,Sunday,weekend,weekend_policy,,,CONFIRMED
2027-09-25,WEEKEND,Saturday,weekend,weekend_policy,,,CONFIRMED
2027-09-26,WEEKEND,Sunday,weekend,weekend_policy,,,CONFIRMED
2027-10-02,WEEKEND,Saturday,weekend,weekend_policy,,,CONFIRMED
2027-10-03,WEEKEND,Sunday,weekend,weekend_policy,,,CONFIRMED
2027-10-09,WEEKEND,Saturday,weekend,weekend_policy,,,CONFIRMED
2027-10-10,WEEKEND,Sunday,weekend,weekend_policy,,,CONFIRMED
2027-10-11,CLOSED,Thanksgiving Day,ca_thanksgiving,module:ca_thanksgiving,,,CONFIRMED
2027-10-16,WEEKEND,Saturday,weekend,weekend_policy,,,CONFIRMED
2027-10-17,WEEKEND,Sunday,weekend,weekend_policy,,,CONFIRMED
2027-10-23,WEEKEND,Saturday,weekend,weekend_policy,,,CONFIRMED
2027-10-24,WEEKEND,Sunday,weekend,weekend_policy,,,CONFIRMED
2027-10-30,WEEKEND,Saturday,weekend,weekend_policy,,,CONFIRMED
2027-10-31,WEEKEND,Sunday,weekend,weekend_policy,,,CONFIRMED
2027-11-06,WEEKEND,Saturday,weekend,weekend_policy,,,CONFIRMED
2027-11-07,WEEKEND,Sunday,weekend,weekend_policy,,,CONFIRMED
2027-11-13,WEEKEND,Saturday,weekend,weekend_policy,,,CONFIRMED
2027-11-14,WEEKEND,Sunday,weekend,weekend_policy,,,CONFIRMED
2027-11-20,WEEKEND,Saturday,weekend,weekend_policy,,,CONFIRMED
2027-11-21,WEEKEND,Sunday,weekend,weekend_policy,,,CONFIRMED
2027-11-27,WEEKEND,Saturday,weekend,weekend_policy,,,CONFIRMED
2027-11-28,WEEKEND,Sunday,weekend,weekend_policy,,,CONFIRMED
2027-12-04,WEEKEND,Saturday,weekend,weekend_policy,,,CONFIRMED
2027-12-05,WEEKEND,Sunday,weekend,weekend_policy,,,CONFIRMED
2027-12-11,WEEKEND,Saturday,weekend,weekend_policy,,,CONFIRMED
2027-12-12,WEEKEND,Sunday,weekend,weekend_policy,,,CONFIRMED
2027-12-18,WEEKEND,Saturday,weekend,weekend_policy,,,CONFIRMED
2027-12-19,WEEKEND,Sunday,weekend,weekend_policy,,,CONFIRMED
2027-12-25,WEEKEND,Saturday,weekend,weekend_policy,,,CONFIRMED
2027-12-26,WEEKEND,Sunday,weekend,weekend_policy,,,CONFIRMED
2027-12-27,CLOSED,Christmas Day,ca_christmas,module:ca_christmas,2027-12-25,,CONFIRMED
2027-12-28,CLOSED,Boxing Day,ca_boxing_day,module:ca_boxing_day,2027-12-26,,CONFIRMED
2028-01-01,WEEKEND,Saturday,weekend,weekend_policy,,,CONFIRMED
2028-01-02,WEEKEND,Sunday,weekend,weekend_policy,,,CONFIRMED
2028-01-03,CLOSED,New Year's Day,ca_new_years_day,module:ca_new_years_day,2028-01-01,,CONFIRMED
2028-01-08,WEEKEND,Saturday,weekend,weekend_policy,,,CONFIRMED
2028-01-09,WEEKEND,Sunday,weekend,weekend_policy,,,CONFIRMED
2028-01-15,WEEKEND,Saturday,weekend,weekend_policy,,,CONFIRMED
2028-01-16,WEEKEND,Sunday,weekend,weekend_policy,,,CONFIRMED
2028-01-22,WEEKEND,Saturday,weekend,weekend_policy,,,CONFIRMED
2028-01-23,WEEKEND,Sunday,weekend,weekend_policy,,,CONFIRMED
2028-01-29,WEEKEND,Saturday,weekend,weekend_policy,,,CONFIRMED
2028-01-30,WEEKEND,Sunday,weekend,weekend_policy,,,CONFIRMED
2028-02-05,WEEKEND,Saturday,weekend,weekend_policy,,,CONFIRMED
2028-02-06,WEEKEND,Sunday,weekend,weekend_policy,,,CONFIRMED
2028-02-12,WEEKEND,Saturday,weekend,weekend_policy,,,CONFIRMED
2028-02-13,WEEKEND,Sunday,weekend,weekend_policy,,,CONFIRMED
2028-02-19,WEEKEND,Saturday,weekend,weekend_policy,,,CONFIRMED
2028-02-20,WEEKEND,Sunday,weekend,weekend_policy,,,CONFIRMED
2028-02-21,CLOSED,Family Day,ca_family_day,module:ca_family_day,,,CONFIRMED
2028-02-26,WEEKEND,Saturday,weekend,weekend_policy,,,CONFIRMED
2028-02-27,WEEKEND,Sunday,weekend,weekend_policy,,,CONFIRMED
2028-03-04,WEEKEND,Saturday,weekend,weekend_policy,,,CONFIRMED
2028-03-05,WEEKEND,Sunday,weekend,weekend_policy,,,CONFIRMED
2028-03-11,WEEKEND,Saturday,weekend,weekend_policy,,,CONFIRMED
2028-03-12,WEEKEND,Sunday,weekend,weekend_policy,,,CONFIRMED
2028-03-18,WEEKEND,Saturday,weekend,weekend_policy,,,CONFIRMED
2028-03-19,WEEKEND,Sunday,weekend,weekend_policy,,,CONFIRMED
2028-03-25,WEEKEND,Saturday,weekend,weekend_policy,,,CONFIRMED
2028-03-26,WEEKEND,Sunday,weekend,weekend_policy,,,CONFIRMED
2028-04-01,WEEKEND,Saturday,weekend,weekend_policy,,,CONFIRMED
2028-04-02,WEEKEND,Sunday,weekend,weekend_policy,,,CONFIRMED
2028-04-08,WEEKEND,Saturday,weekend,weekend_policy,,,CONFIRMED
2028-04-09,WEEKEND,Sunday,weekend,weekend_policy,,,CONFIRMED
2028-04-14,CLOSED,Good Friday,ca_good_friday,module:ca_good_friday,,,CONFIRMED
2028-04-15,WEEKEND,Saturday,weekend,weekend_policy,,,CONFIRMED
2028-04-16,WEEKEND,Sunday,weekend,weekend_policy,,,CONFIRMED
2028-04-22,WEEKEND,Saturday,weekend,weekend_policy,,,CONFIRMED
2028-04-23,WEEKEND,Sunday,weekend,weekend_policy,,,CONFIRMED
2028-04-29,WEEKEND,Saturday,weekend,weekend_policy,,,CONFIRMED
2028-04-30,WEEKEND,Sunday,weekend,weekend_policy,,,CONFIRMED
2028-05-06,WEEKEND,Saturday,weekend,weekend_policy,,,CONFIRMED
2028-05-07,WEEKEND,Sunday,weekend,weekend_policy,,,CONFIRMED
2028-05-13,WEEKEND,Saturday,weekend,weekend_policy,,,CONFIRMED
2028-05-14,WEEKEND,Sunday,weekend,weekend_policy,,,CONFIRMED
2028-05-20,WEEKEND,Saturday,weekend,weekend_policy,,,CONFIRMED
2028-05-21,WEEKEND,Sunday,weekend,weekend_policy,,,CONFIRMED
2028-05-22,CLOSED,Victoria Day,ca_victoria_day,module:ca_victoria_day,,,CONFIRMED
2028-05-27,WEEKEND,Saturday,weekend,weekend_policy,,,CONFIRMED
2028-05-28,WEEKEND,Sunday,weekend,weekend_policy,,,CONFIRMED
2028-06-03,WEEKEND,Saturday,weekend,weekend_policy,,,CONFIRMED
2028-06-04,WEEKEND,Sunday,weekend,weekend_policy,,,CONFIRMED
2028-06-10,WEEKEND,Saturday,weekend,weekend_policy,,,CONFIRMED
2028-06-11,WEEKEND,Sunday,weekend,weekend_policy,,,CONFIRMED
2028-06-17,WEEKEND,Saturday,weekend,weekend_policy,,,CONFIRMED
2028-06-18,WEEKEND,Sunday,weekend,weekend_policy,,,CONFIRMED
2028-06-24,WEEKEND,Saturday,weekend,weekend_policy,,,CONFIRMED
2028-06-25,WEEKEND,Sunday,weekend,weekend_policy,,,CONFIRMED
2028-07-01,WEEKEND,Saturday,weekend,weekend_policy,,,CONFIRMED
2028-07-02,WEEKEND,Sunday,weekend,weekend_policy,,,CONFIRMED
2028-07-03,CLOSED,Canada Day,ca_canada_day,module:ca_canada_day,2028-07-01,,CONFIRMED
2028-07-08,WEEKEND,Saturday,weekend,weekend_policy,,,CONFIRMED
2028-07-09,WEEKEND,Sunday,weekend,weekend_policy,,,CONFIRMED
2028-07-15,WEEKEND,Saturday,weekend,weekend_policy,,,CONFIRMED
2028-07-16,WEEKEND,Sunday,weekend,weekend_policy,,,CONFIRMED
2028-07-22,WEEKEND,Saturday,weekend,weekend_policy,,,CONFIRMED
2028-07-23,WEEKEND,Sunday,weekend,weekend_policy,,,CONFIRMED
2028-07-29,WEEKEND,Saturday,weekend,weekend_policy,,,CONFIRMED
2028-07-30,WEEKEND,Sunday,weekend,weekend_policy,,,CONFIRMED
2028-08-05,WEEKEND,Saturday,weekend,weekend_policy,,,CONFIRMED
2028-08-06,WEEKEND,Sunday,weekend,weekend_policy,,,CONFIRMED
2028-08-07,CLOSED,Civic Holiday,ca_civic_holiday_projected,module:ca_civic_holiday,,,PROJECTED
2028-08-12,WEEKEND,Saturday,weekend,weekend_policy,,,CONFIRMED
2028-08-13,WEEKEND,Sunday,weekend,weekend_policy,,,CONFIRMED
2028-08-19,WEEKEND,Saturday,weekend,weekend_policy,,,CONFIRMED
2028-08-20,WEEKEND,Sunday,weekend,weekend_policy,,,CONFIRMED
2028-08-26,WEEKEND,Saturday,weekend,weekend_policy,,,CONFIRMED
2028-08-27,WEEKEND,Sunday,weekend,weekend_policy,,,CONFIRMED
2028-09-02,WEEKEND,Saturday,weekend,weekend_policy,,,CONFIRMED
2028-09-03,WEEKEND,Sunday,weekend,weekend_policy,,,CONFIRMED
2028-09-04,CLOSED,Labour Day,ca_labour_day,module:ca_labour_day,,,CONFIRMED
2028-09-09,WEEKEND,Saturday,weekend,weekend_policy,,,CONFIRMED
2028-09-10,WEEKEND,Sunday,weekend,weekend_policy,,,CONFIRMED
2028-09-16,WEEKEND,Saturday,weekend,weekend_policy,,,CONFIRMED
2028-09-17,WEEKEND,Sunday,weekend,weekend_policy,,,CONFIRMED
2028-09-23,WEEKEND,Saturday,weekend,weekend_policy,,,CONFIRMED
2028-09-24,WEEKEND,Sunday,weekend,weekend_policy,,,CONFIRMED
2028-09-30,WEEKEND,Saturday,weekend,weekend_policy,,,CONFIRMED
2028-10-01,WEEKEND,Sunday,weekend,weekend_policy,,,CONFIRMED
2028-10-07,WEEKEND,Saturday,weekend,weekend_policy,,,CONFIRMED
2028-10-08,WEEKEND,Sunday,weekend,weekend_policy,,,CONFIRMED
2028-10-09,CLOSED,Thanksgiving Day,ca_thanksgiving,module:ca_thanksgiving,,,CONFIRMED
2028-10-14,WEEKEND,Saturday,weekend,weekend_policy,,,CONFIRMED
2028-10-15,WEEKEND,Sunday,weekend,weekend_policy,,,CONFIRMED
2028-10-21,WEEKEND,Saturday,weekend,weekend_policy,,,CONFIRMED
2028-10-22,WEEKEND,Sunday,weekend,weekend_policy,,,CONFIRMED
2028-10-28,WEEKEND,Saturday,weekend,weekend_policy,,,CONFIRMED
2028-10-29,WEEKEND,Sunday,weekend,weekend_policy,,,CONFIRMED
2028-11-04,WEEKEND,Saturday,weekend,weekend_policy,,,CONFIRMED
2028-11-05,WEEKEND,Sunday,weekend,weekend_policy,,,CONFIRMED
2028-11-11,WEEKEND,Saturday,weekend,weekend_policy,,,CONFIRMED
2028-11-12,WEEKEND,Sunday,weekend,weekend_policy,,,CONFIRMED
2028-11-18,WEEKEND,Saturday,weekend,weekend_policy,,,CONFIRMED
2028-11-19,WEEKEND,Sunday,weekend,weekend_policy,,,CONFIRMED
2028-11-25,WEEKEND,Saturday,weekend,weekend_policy,,,CONFIRMED
2028-11-26,WEEKEND,Sunday,weekend,weekend_policy,,,CONFIRMED
2028-12-02,WEEKEND,Saturday,weekend,weekend_policy,,,CONFIRMED
2028-12-03,WEEKEND,Sunday,weekend,weekend_policy,,,CONFIRMED
2028-12-09,WEEKEND,Saturday,weekend,weekend_policy,,,CONFIRMED
2028-12-10,WEEKEND,Sunday,weekend,weekend_policy,,,CONFIRMED
2028-12-16,WEEKEND,Saturday,weekend,weekend_policy,,,CONFIRMED
2028-12-17,WEEKEND,Sunday,weekend,weekend_policy,,,CONFIRMED
2028-12-23,WEEKEND,Saturday,weekend,weekend_policy,,,CONFIRMED
2028-12-24,WEEKEND,Sunday,weekend,weekend_policy,,,CONFIRMED
2028-12-25,CLOSED,Christmas Day,ca_christmas,module:ca_christmas,,,CONFIRMED
2028-12-26,CLOSED,Boxing Day,ca_boxing_day,module:ca_boxing_day,,,CONFIRMED
2028-12-30,WEEKEND,Saturday,weekend,weekend_policy,,,CONFIRMED
2028-12-31,WEEKEND,Sunday,weekend,weekend_policy,,,CONFIRMED
2029-01-01,CLOSED,New Year's Day,ca_new_years_day,module:ca_new_years_day,,,CONFIRMED
2029-01-06,WEEKEND,Saturday,weekend,weekend_policy,,,CONFIRMED
2029-01-07,WEEKEND,Sunday,weekend,weekend_policy,,,CONFIRMED
2029-01-13,WEEKEND,Saturday,weekend,weekend_policy,,,CONFIRMED
2029-01-14,WEEKEND,Sunday,weekend,weekend_policy,,,CONFIRMED
2029-01-20,WEEKEND,Saturday,weekend,weekend_policy,,,CONFIRMED
2029-01-21,WEEKEND,Sunday,weekend,weekend_policy,,,CONFIRMED
2029-01-27,WEEKEND,Saturday,weekend,weekend_policy,,,CONFIRMED
2029-01-28,WEEKEND,Sunday,weekend,weekend_policy,,,CONFIRMED
2029-02-03,WEEKEND,Saturday,weekend,weekend_policy,,,CONFIRMED
2029-02-04,WEEKEND,Sunday,weekend,weekend_policy,,,CONFIRMED
2029-02-10,WEEKEND,Saturday,weekend,weekend_policy,,,CONFIRMED
2029-02-11,WEEKEND,Sunday,weekend,weekend_policy,,,CONFIRMED
2029-02-17,WEEKEND,Saturday,weekend,weekend_policy,,,CONFIRMED
2029-02-18,WEEKEND,Sunday,weekend,weekend_policy,,,CONFIRMED
2029-02-19,CLOSED,Family Day,ca_family_day,module:ca_family_day,,,CONFIRMED
2029-02-24,WEEKEND,Saturday,weekend,weekend_policy,,,CONFIRMED
2029-02-25,WEEKEND,Sunday,weekend,weekend_policy,,,CONFIRMED
2029-03-03,WEEKEND,Saturday,weekend,weekend_policy,,,CONFIRMED
2029-03-04,WEEKEND,Sunday,weekend,weekend_policy,,,CONFIRMED
2029-03-10,WEEKEND,Saturday,weekend,weekend_policy,,,CONFIRMED
2029-03-11,WEEKEND,Sunday,weekend,weekend_policy,,,CONFIRMED
2029-03-17,WEEKEND,Saturday,weekend,weekend_policy,,,CONFIRMED
2029-03-18,WEEKEND,Sunday,weekend,weekend_policy,,,CONFIRMED
2029-03-24,WEEKEND,Saturday,weekend,weekend_policy,,,CONFIRMED
2029-03-25,WEEKEND,Sunday,weekend,weekend_policy,,,CONFIRMED
2029-03-30,CLOSED,Good Friday,ca_good_friday,module:ca_good_friday,,,CONFIRMED
2029-03-31,WEEKEND,Saturday,weekend,weekend_policy,,,CONFIRMED
2029-04-01,WEEKEND,Sunday,weekend,weekend_policy,,,CONFIRMED
2029-04-07,WEEKEND,Saturday,weekend,weekend_policy,,,CONFIRMED
2029-04-08,WEEKEND,Sunday,weekend,weekend_policy,,,CONFIRMED
2029-04-14,WEEKEND,Saturday,weekend,weekend_policy,,,CONFIRMED
2029-04-15,WEEKEND,Sunday,weekend,weekend_policy,,,CONFIRMED
2029-04-21,WEEKEND,Saturday,weekend,weekend_policy,,,CONFIRMED
2029-04-22,WEEKEND,Sunday,weekend,weekend_policy,,,CONFIRMED
2029-04-28,WEEKEND,Saturday,weekend,weekend_policy,,,CONFIRMED
2029-04-29,WEEKEND,Sunday,weekend,weekend_policy,,,CONFIRMED
2029-05-05,WEEKEND,Saturday,weekend,weekend_policy,,,CONFIRMED
2029-05-06,WEEKEND,Sunday,weekend,weekend_policy,,,CONFIRMED
2029-05-12,WEEKEND,Saturday,weekend,weekend_policy,,,CONFIRMED
2029-05-13,WEEKEND,Sunday,weekend,weekend_policy,,,CONFIRMED
2029-05-19,WEEKEND,Saturday,weekend,weekend_policy,,,CONFIRMED
2029-05-20,WEEKEND,Sunday,weekend,weekend_policy,,,CONFIRMED
2029-05-21,CLOSED,Victoria Day,ca_victoria_day,module:ca_victoria_day,,,CONFIRMED
2029-05-26,WEEKEND,Saturday,weekend,weekend_policy,,,CONFIRMED
2029-05-27,WEEKEND,Sunday,weekend,weekend_policy,,,CONFIRMED
2029-06-02,WEEKEND,Saturday,weekend,weekend_policy,,,CONFIRMED
2029-06-03,WEEKEND,Sunday,weekend,weekend_policy,,,CONFIRMED
2029-06-09,WEEKEND,Saturday,weekend,weekend_policy,,,CONFIRMED
2029-06-10,WEEKEND,Sunday,weekend,weekend_policy,,,CONFIRMED
2029-06-16,WEEKEND,Saturday,weekend,weekend_policy,,,CONFIRMED
2029-06-17,WEEKEND,Sunday,weekend,weekend_policy,,,CONFIRMED
2029-06-23,WEEKEND,Saturday,weekend,weekend_policy,,,CONFIRMED
2029-06-24,WEEKEND,Sunday,weekend,weekend_policy,,,CONFIRMED
2029-06-30,WEEKEND,Saturday,weekend,weekend_policy,,,CONFIRMED
2029-07-01,WEEKEND,Sunday,weekend,weekend_policy,,,CONFIRMED
2029-07-02,CLOSED,Canada Day,ca_canada_day,module:ca_canada_day,2029-07-01,,CONFIRMED
2029-07-07,WEEKEND,Saturday,weekend,weekend_policy,,,CONFIRMED
2029-07-08,WEEKEND,Sunday,weekend,weekend_policy,,,CONFIRMED
2029-07-14,WEEKEND,Saturday,weekend,weekend_policy,,,CONFIRMED
2029-07-15,WEEKEND,Sunday,weekend,weekend_policy,,,CONFIRMED
2029-07-21,WEEKEND,Saturday,weekend,weekend_policy,,,CONFIRMED
2029-07-22,WEEKEND,Sunday,weekend,weekend_policy,,,CONFIRMED
2029-07-28,WEEKEND,Saturday,weekend,weekend_policy,,,CONFIRMED
2029-07-29,WEEKEND,Sunday,weekend,weekend_policy,,,CONFIRMED
2029-08-04,WEEKEND,Saturday,weekend,weekend_policy,,,CONFIRMED
2029-08-05,WEEKEND,Sunday,weekend,weekend_policy,,,CONFIRMED
2029-08-06,CLOSED,Civic Holiday,ca_civic_holiday_projected,module:ca_civic_holiday,,,PROJECTED
2029-08-11,WEEKEND,Saturday,weekend,weekend_policy,,,CONFIRMED
2029-08-12,WEEKEND,Sunday,weekend,weekend_policy,,,CONFIRMED
2029-08-18,WEEKEND,Saturday,weekend,weekend_policy,,,CONFIRMED
2029-08-19,WEEKEND,Sunday,weekend,weekend_policy,,,CONFIRMED
2029-08-25,WEEKEND,Saturday,weekend,weekend_policy,,,CONFIRMED
2029-08-26,WEEKEND,Sunday,weekend,weekend_policy,,,CONFIRMED
2029-09-01,WEEKEND,Saturday,weekend,weekend_policy,,,CONFIRMED
2029-09-02,WEEKEND,Sunday,weekend,weekend_policy,,,CONFIRMED
2029-09-03,CLOSED,Labour Day,ca_labour_day,module:ca_labour_day,,,CONFIRMED
2029-09-08,WEEKEND,Saturday,weekend,weekend_policy,,,CONFIRMED
2029-09-09,WEEKEND,Sunday,weekend,weekend_policy,,,CONFIRMED
2029-09-15,WEEKEND,Saturday,weekend,weekend_policy,,,CONFIRMED
2029-09-16,WEEKEND,Sunday,weekend,weekend_policy,,,CONFIRMED
2029-09-22,WEEKEND,Saturday,weekend,weekend_policy,,,CONFIRMED
2029-09-23,WEEKEND,Sunday,weekend,weekend_policy,,,CONFIRMED
2029-09-29,WEEKEND,Saturday,weekend,weekend_policy,,,CONFIRMED
2029-09-30,WEEKEND,Sunday,weekend,weekend_policy,,,CONFIRMED
2029-10-06,WEEKEND,Saturday,weekend,weekend_policy,,,CONFIRMED
2029-10-07,WEEKEND,Sunday,weekend,weekend_policy,,,CONFIRMED
2029-10-08,CLOSED,Thanksgiving Day,ca_thanksgiving,module:ca_thanksgiving,,,CONFIRMED
2029-10-13,WEEKEND,Saturday,weekend,weekend_policy,,,CONFIRMED
2029-10-14,WEEKEND,Sunday,weekend,weekend_policy,,,CONFIRMED
2029-10-20,WEEKEND,Saturday,weekend,weekend_policy,,,CONFIRMED
2029-10-21,WEEKEND,Sunday,weekend,weekend_policy,,,CONFIRMED
2029-10-27,WEEKEND,Saturday,weekend,weekend_policy,,,CONFIRMED
2029-10-28,WEEKEND,Sunday,weekend,weekend_policy,,,CONFIRMED
2029-11-03,WEEKEND,Saturday,weekend,weekend_policy,,,CONFIRMED
2029-11-04,WEEKEND,Sunday,weekend,weekend_policy,,,CONFIRMED
2029-11-10,WEEKEND,Saturday,weekend,weekend_policy,,,CONFIRMED
2029-11-11,WEEKEND,Sunday,weekend,weekend_policy,,,CONFIRMED
2029-11-17,WEEKEND,Saturday,weekend,weekend_policy,,,CONFIRMED
2029-11-18,WEEKEND,Sunday,weekend,weekend_policy,,,CONFIRMED
2029-11-24,WEEKEND,Saturday,weekend,weekend_policy,,,CONFIRMED
2029-11-25,WEEKEND,Sunday,weekend,weekend_policy,,,CONFIRMED
2029-12-01,WEEKEND,Saturday,weekend,weekend_policy,,,CONFIRMED
2029-12-02,WEEKEND,Sunday,weekend,weekend_policy,,,CONFIRMED
2029-12-08,WEEKEND,Saturday,weekend,weekend_policy,,,CONFIRMED
2029-12-09,WEEKEND,Sunday,weekend,weekend_policy,,,CONFIRMED
2029-12-15,WEEKEND,Saturday,weekend,weekend_policy,,,CONFIRMED
2029-12-16,WEEKEND,Sunday,weekend,weekend_policy,,,CONFIRMED
2029-12-22,WEEKEND,Saturday,weekend,weekend_policy,,,CONFIRMED
2029-12-23,WEEKEND,Sunday,weekend,weekend_policy,,,CONFIRMED
2029-12-25,CLOSED,Christmas Day,ca_christmas,module:ca_christmas,,,CONFIRMED
2029-12-26,CLOSED,Boxing Day,ca_boxing_day,module:ca_boxing_day,,,CONFIRMED
2029-12-29,WEEKEND,Saturday,weekend,weekend_policy,,,CONFIRMED
2029-12-30,WEEKEND,Sunday,weekend,weekend_policy,,,CONFIRMED
2030-01-01,CLOSED,New Year's Day,ca_new_years_day,module:ca_new_years_day,,,CONFIRMED
2030-01-05,WEEKEND,Saturday,weekend,weekend_policy,,,CONFIRMED
2030-01-06,WEEKEND,Sunday,weekend,weekend_policy,,,CONFIRMED
2030-01-12,WEEKEND,Saturday,weekend,weekend_policy,,,CONFIRMED
2030-01-13,WEEKEND,Sunday,weekend,weekend_policy,,,CONFIRMED
2030-01-19,WEEKEND,Saturday,weekend,weekend_policy,,,CONFIRMED
2030-01-20,WEEKEND,Sunday,weekend,weekend_policy,,,CONFIRMED
2030-01-26,WEEKEND,Saturday,weekend,weekend_policy,,,CONFIRMED
2030-01-27,WEEKEND,Sunday,weekend,weekend_policy,,,CONFIRMED
2030-02-02,WEEKEND,Saturday,weekend,weekend_policy,,,CONFIRMED
2030-02-03,WEEKEND,Sunday,weekend,weekend_policy,,,CONFIRMED
2030-02-09,WEEKEND,Saturday,weekend,weekend_policy,,,CONFIRMED
2030-02-10,WEEKEND,Sunday,weekend,weekend_policy,,,CONFIRMED
2030-02-16,WEEKEND,Saturday,weekend,weekend_policy,,,CONFIRMED
2030-02-17,WEEKEND,Sunday,weekend,weekend_policy,,,CONFIRMED
2030-02-18,CLOSED,Family Day,ca_family_day,module:ca_family_day,,,CONFIRMED
2030-02-23,WEEKEND,Saturday,weekend,weekend_policy,,,CONFIRMED
2030-02-24,WEEKEND,Sunday,weekend,weekend_policy,,,CONFIRMED
2030-03-02,WEEKEND,Saturday,weekend,weekend_policy,,,CONFIRMED
2030-03-03,WEEKEND,Sunday,weekend,weekend_policy,,,CONFIRMED
2030-03-09,WEEKEND,Saturday,weekend,weekend_policy,,,CONFIRMED
2030-03-10,WEEKEND,Sunday,weekend,weekend_policy,,,CONFIRMED
2030-03-16,WEEKEND,Saturday,weekend,weekend_policy,,,CONFIRMED
2030-03-17,WEEKEND,Sunday,weekend,weekend_policy,,,CONFIRMED
2030-03-23,WEEKEND,Saturday,weekend,weekend_policy,,,CONFIRMED
2030-03-24,WEEKEND,Sunday,weekend,weekend_policy,,,CONFIRMED
2030-03-30,WEEKEND,Saturday,weekend,weekend_policy,,,CONFIRMED
2030-03-31,WEEKEND,Sunday,weekend,weekend_policy,,,CONFIRMED
2030-04-06,WEEKEND,Saturday,weekend,weekend_policy,,,CONFIRMED
2030-04-07,WEEKEND,Sunday,weekend,weekend_policy,,,CONFIRMED
2030-04-13,WEEKEND,Saturday,weekend,weekend_policy,,,CONFIRMED
2030-04-14,WEEKEND,Sunday,weekend,weekend_policy,,,CONFIRMED
2030-04-19,CLOSED,Good Friday,ca_good_friday,module:ca_good_friday,,,CONFIRMED
2030-04-20,WEEKEND,Saturday,weekend,weekend_policy,,,CONFIRMED
2030-04-21,WEEKEND,Sunday,weekend,weekend_policy,,,CONFIRMED
2030-04-27,WEEKEND,Saturday,weekend,weekend_policy,,,CONFIRMED
2030-04-28,WEEKEND,Sunday,weekend,weekend_policy,,,CONFIRMED
2030-05-04,WEEKEND,Saturday,weekend,weekend_policy,,,CONFIRMED
2030-05-05,WEEKEND,Sunday,weekend,weekend_policy,,,CONFIRMED
2030-05-11,WEEKEND,Saturday,weekend,weekend_policy,,,CONFIRMED
2030-05-12,WEEKEND,Sunday,weekend,weekend_policy,,,CONFIRMED
2030-05-18,WEEKEND,Saturday,weekend,weekend_policy,,,CONFIRMED
2030-05-19,WEEKEND,Sunday,weekend,weekend_policy,,,CONFIRMED
2030-05-20,CLOSED,Victoria Day,ca_victoria_day,module:ca_victoria_day,,,CONFIRMED
2030-05-25,WEEKEND,Saturday,weekend,weekend_policy,,,CONFIRMED
2030-05-26,WEEKEND,Sunday,weekend,weekend_policy,,,CONFIRMED
2030-06-01,WEEKEND,Saturday,weekend,weekend_policy,,,CONFIRMED
2030-06-02,WEEKEND,Sunday,weekend,weekend_policy,,,CONFIRMED
2030-06-08,WEEKEND,Saturday,weekend,weekend_policy,,,CONFIRMED
2030-06-09,WEEKEND,Sunday,weekend,weekend_policy,,,CONFIRMED
2030-06-15,WEEKEND,Saturday,weekend,weekend_policy,,,CONFIRMED
2030-06-16,WEEKEND,Sunday,weekend,weekend_policy,,,CONFIRMED
2030-06-22,WEEKEND,Saturday,weekend,weekend_policy,,,CONFIRMED
2030-06-23,WEEKEND,Sunday,weekend,weekend_policy,,,CONFIRMED
2030-06-29,WEEKEND,Saturday,weekend,weekend_policy,,,CONFIRMED
2030-06-30,WEEKEND,Sunday,weekend,weekend_policy,,,CONFIRMED
2030-07-01,CLOSED,Canada Day,ca_canada_day,module:ca_canada_day,,,CONFIRMED
2030-07-06,WEEKEND,Saturday,weekend,weekend_policy,,,CONFIRMED
2030-07-07,WEEKEND,Sunday,weekend,weekend_policy,,,CONFIRMED
2030-07-13,WEEKEND,Saturday,weekend,weekend_policy,,,CONFIRMED
2030-07-14,WEEKEND,Sunday,weekend,weekend_policy,,,CONFIRMED
2030-07-20,WEEKEND,Saturday,weekend,weekend_policy,,,CONFIRMED
2030-07-21,WEEKEND,Sunday,weekend,weekend_policy,,,CONFIRMED
2030-07-27,WEEKEND,Saturday,weekend,weekend_policy,,,CONFIRMED
2030-07-28,WEEKEND,Sunday,weekend,weekend_policy,,,CONFIRMED
2030-08-03,WEEKEND,Saturday,weekend,weekend_policy,,,CONFIRMED
2030-08-04,WEEKEND,Sunday,weekend,weekend_policy,,,CONFIRMED
2030-08-05,CLOSED,Civic Holiday,ca_civic_holiday_projected,module:ca_civic_holiday,,,PROJECTED
2030-08-10,WEEKEND,Saturday,weekend,weekend_policy,,,CONFIRMED
2030-08-11,WEEKEND,Sunday,weekend,weekend_policy,,,CONFIRMED
2030-08-17,WEEKEND,Saturday,weekend,weekend_policy,,,CONFIRMED
2030-08-18,WEEKEND,Sunday,weekend,weekend_policy,,,CONFIRMED
2030-08-24,WEEKEND,Saturday,weekend,weekend_policy,,,CONFIRMED
2030-08-25,WEEKEND,Sunday,weekend,weekend_policy,,,CONFIRMED
2030-08-31,WEEKEND,Saturday,weekend,weekend_policy,,,CONFIRMED
2030-09-01,WEEKEND,Sunday,weekend,weekend_policy,,,CONFIRMED
2030-09-02,CLOSED,Labour Day,ca_labour_day,module:ca_labour_day,,,CONFIRMED
2030-09-07,WEEKEND,Saturday,weekend,weekend_policy,,,CONFIRMED
2030-09-08,WEEKEND,Sunday,weekend,weekend_policy,,,CONFIRMED
2030-09-14,WEEKEND,Saturday,weekend,weekend_policy,,,CONFIRMED
2030-09-15,WEEKEND,Sunday,weekend,weekend_policy,,,CONFIRMED
2030-09-21,WEEKEND,Saturday,weekend,weekend_policy,,,CONFIRMED
2030-09-22,WEEKEND,Sunday,weekend,weekend_policy,,,CONFIRMED
2030-09-28,WEEKEND,Saturday,weekend,weekend_policy,,,CONFIRMED
2030-09-29,WEEKEND,Sunday,weekend,weekend_policy,,,CONFIRMED
2030-10-05,WEEKEND,Saturday,weekend,weekend_policy,,,CONFIRMED
2030-10-06,WEEKEND,Sunday,weekend,weekend_policy,,,CONFIRMED
2030-10-12,WEEKEND,Saturday,weekend,weekend_policy,,,CONFIRMED
2030-10-13,WEEKEND,Sunday,weekend,weekend_policy,,,CONFIRMED
2030-10-14,CLOSED,Thanksgiving Day,ca_thanksgiving,module:ca_thanksgiving,,,CONFIRMED
2030-10-19,WEEKEND,Saturday,weekend,weekend_policy,,,CONFIRMED
2030-10-20,WEEKEND,Sunday,weekend,weekend_policy,,,CONFIRMED
2030-10-26,WEEKEND,Saturday,weekend,weekend_policy,,,CONFIRMED
2030-10-27,WEEKEND,Sunday,weekend,weekend_policy,,,CONFIRMED
2030-11-02,WEEKEND,Saturday,weekend,weekend_policy,,,CONFIRMED
2030-11-03,WEEKEND,Sunday,weekend,weekend_policy,,,CONFIRMED
2030-11-09,WEEKEND,Saturday,weekend,weekend_policy,,,CONFIRMED
2030-11-10,WEEKEND,Sunday,weekend,weekend_policy,,,CONFIRMED
2030-11-16,WEEKEND,Saturday,weekend,weekend_policy,,,CONFIRMED
2030-11-17,WEEKEND,Sunday,weekend,weekend_policy,,,CONFIRMED
2030-11-23,WEEKEND,Saturday,weekend,weekend_policy,,,CONFIRMED
2030-11-24,WEEKEND,Sunday,weekend,weekend_policy,,,CONFIRMED
2030-11-30,WEEKEND,Saturday,weekend,weekend_policy,,,CONFIRMED
2030-12-01,WEEKEND,Sunday,weekend,weekend_policy,,,CONFIRMED
2030-12-07,WEEKEND,Saturday,weekend,weekend_policy,,,CONFIRMED
2030-12-08,WEEKEND,Sunday,weekend,weekend_policy,,,CONFIRMED
2030-12-14,WEEKEND,Saturday,weekend,weekend_policy,,,CONFIRMED
2030-12-15,WEEKEND,Sunday,weekend,weekend_policy,,,CONFIRMED
2030-12-21,WEEKEND,Saturday,weekend,weekend_policy,,,CONFIRMED
2030-12-22,WEEKEND,Sunday,weekend,weekend_policy,,,CONFIRMED
2030-12-25,CLOSED,Christmas Day,ca_christmas,module:ca_christmas,,,CONFIRMED
2030-12-26,CLOSED,Boxing Day,ca_boxing_day,module:ca_boxing_day,,,CONFIRMED
2030-12-28,WEEKEND,Saturday,weekend,weekend_policy,,,CONFIRMED
2030-12-29,WEEKEND,Sunday,weekend,weekend_policy,,,CONFIRMED
