date,type,description,key,source_module,observed_from,close_time,status
1900-01-01,CLOSED,New Year's Day,new_years_day,module:new_years_day,,,CONFIRMED
1900-02-12,CLOSED,Lincoln's Birthday,lincolns_birthday,module:lincolns_birthday,,,CONFIRMED
1900-02-22,CLOSED,Washington's Birthday,washingtons_birthday,module:washingtons_birthday,,,CONFIRMED
1900-04-13,CLOSED,Good Friday,good_friday,module:good_friday,,,CONFIRMED
1900-04-14,CLOSED,Saturday After Good Friday,special_saturday_after_good_friday,module:us_nyse_special_closings_pre1960,,,CONFIRMED
1900-05-30,CLOSED,Decoration Day,decoration_day,module:decoration_day,,,CONFIRMED
1900-07-04,CLOSED,Independence Day,independence_day_pre1959,module:independence_day,,,CONFIRMED
1900-09-01,CLOSED,Saturday Before Labor Day,special_saturday_before_labor_day,module:us_nyse_special_closings_pre1960,,,CONFIRMED
1900-09-03,CLOSED,Labor Day,labor_day,module:labor_day,,,CONFIRMED
1900-11-06,CLOSED,Election Day,election_day_closures,module:us_historical_closures,,,CONFIRMED
1900-11-29,CLOSED,Thanksgiving Day,thanksgiving_pre1940,module:thanksgiving,,,CONFIRMED
1900-12-24,CLOSED,Christmas Eve,special_christmas_eve,module:us_nyse_special_closings_pre1960,,,CONFIRMED
1900-12-25,CLOSED,Christmas Day,christmas_pre1959,module:christmas,,,CONFIRMED
1901-01-01,CLOSED,New Year's Day,new_years_day,module:new_years_day,,,CONFIRMED
1901-02-02,CLOSED,Special Event (Funeral of Queen Victoria),special_events,module:us_historical_closures,,,CONFIRMED
1901-02-12,CLOSED,Lincoln's Birthday,lincolns_birthday,module:lincolns_birthday,,,CONFIRMED
1901-02-22,CLOSED,Washington's Birthday,washingtons_birthday,module:washingtons_birthday,,,CONFIRMED
1901-04-05,CLOSED,Good Friday,good_friday,module:good_friday,,,CONFIRMED
1901-04-06,CLOSED,Saturday After Good Friday,special_saturday_after_good_friday,module:us_nyse_special_closings_pre1960,,,CONFIRMED
1901-04-27,CLOSED,Special Event (Move to Temporary Quarters),special_events,module:us_historical_closures,,,CONFIRMED
1901-05-11,CLOSED,Special Event (Enlargement of Temporary Quarters),special_events,module:us_historical_closures,,,CONFIRMED
1901-05-30,CLOSED,Decoration Day,decoration_day,module:decoration_day,,,CONFIRMED
1901-07-04,CLOSED,Independence Day,independence_day_pre1959,module:independence_day,,,CONFIRMED
1901-07-05,CLOSED,Holiday Extension (Day After Independence Day),holiday_extensions,module:us_historical_closures,,,CONFIRMED
1901-07-06,CLOSED,Saturday After Independence Day,special_saturday_after_independence_day,module:us_nyse_special_closings_pre1960,,,CONFIRMED
1901-08-31,CLOSED,Saturday Before Labor Day,special_saturday_before_labor_day,module:us_nyse_special_closings_pre1960,,,CONFIRMED
1901-09-02,CLOSED,Labor Day,labor_day,module:labor_day,,,CONFIRMED
1901-09-14,CLOSED,Presidential Funeral (William McKinley (assassination)),presidential_funerals,module:us_historical_closures,,,CONFIRMED
1901-09-19,CLOSED,Presidential Funeral (William McKinley),presidential_funerals,module:us_historical_closures,,,CONFIRMED
1901-11-05,CLOSED,Election Day,election_day_closures,module:us_historical_closures,,,CONFIRMED
1901-11-28,CLOSED,Thanksgiving Day,thanksgiving_pre1940,module:thanksgiving,,,CONFIRMED
1901-12-25,CLOSED,Christmas Day,christmas_pre1959,module:christmas,,,CONFIRMED
1902-01-01,CLOSED,New Year's Day,new_years_day,module:new_years_day,,,CONFIRMED
1902-02-12,CLOSED,Lincoln's Birthday,lincolns_birthday,module:lincolns_birthday,,,CONFIRMED
1902-02-21,CLOSED,Washington's Birthday (observed),special_washingtons_birthday_observed,module:us_nyse_special_closings_pre1960,,,CONFIRMED
1902-02-22,CLOSED,Washington's Birthday,washingtons_birthday,module:washingtons_birthday,,,CONFIRMED
1902-03-28,CLOSED,Good Friday,good_friday,module:good_friday,,,CONFIRMED
1902-03-29,CLOSED,Saturday After Good Friday,special_saturday_after_good_friday,module:us_nyse_special_closings_pre1960,,,CONFIRMED
1902-05-30,CLOSED,Decoration Day,decoration_day,module:decoration_day,,,CONFIRMED
1902-05-31,CLOSED,Saturday After Decoration Day,special_saturday_after_decoration_day,module:us_nyse_special_closings_pre1960,,,CONFIRMED
1902-07-04,CLOSED,Independence Day,independence_day_pre1959,module:independence_day,,,CONFIRMED
1902-07-05,CLOSED,Saturday After Independence Day,special_saturday_after_independence_day,module:us_nyse_special_closings_pre1960,,,CONFIRMED
1902-08-09,CLOSED,Special Event (Coronation of King Edward VII),special_events,module:us_historical_closures,,,CONFIRMED
1902-08-30,CLOSED,Saturday Before Labor Day,special_saturday_before_labor_day,module:us_nyse_special_closings_pre1960,,,CONFIRMED
1902-09-01,CLOSED,Labor Day,labor_day,module:labor_day,,,CONFIRMED
1902-11-04,CLOSED,Election Day,election_day_closures,module:us_historical_closures,,,CONFIRMED
1902-11-27,CLOSED,Thanksgiving Day,thanksgiving_pre1940,module:thanksgiving,,,CONFIRMED
1902-12-25,CLOSED,Christmas Day,christmas_pre1959,module:christmas,,,CONFIRMED
1903-01-01,CLOSED,New Year's Day,new_years_day,module:new_years_day,,,CONFIRMED
1903-02-12,CLOSED,Lincoln's Birthday,lincolns_birthday,module:lincolns_birthday,,,CONFIRMED
1903-02-21,CLOSED,Washington's Birthday (observed),special_washingtons_birthday_observed,module:us_nyse_special_closings_pre1960,,,CONFIRMED
1903-02-23,CLOSED,Washington's Birthday,washingtons_birthday,module:washingtons_birthday,1903-02-22,,CONFIRMED
1903-04-10,CLOSED,Good Friday,good_friday,module:good_friday,,,CONFIRMED
1903-04-11,CLOSED,Saturday After Good Friday,special_saturday_after_good_friday,module:us_nyse_special_closings_pre1960,,,CONFIRMED
1903-04-22,CLOSED,Special Event (New NYSE Building Opened),special_events,module:us_historical_closures,,,CONFIRMED
1903-05-29,CLOSED,Memorial Day (observed),special_memorial_day_observed,module:us_nyse_special_closings_pre1960,,,CONFIRMED
1903-05-30,CLOSED,Decoration Day,decoration_day,module:decoration_day,,,CONFIRMED
1903-07-03,CLOSED,Independence Day (observed),special_independence_day_observed,module:us_nyse_special_closings_pre1960,,,CONFIRMED
1903-07-04,CLOSED,Independence Day,independence_day_pre1959,module:independence_day,,,CONFIRMED
1903-09-05,CLOSED,Saturday Before Labor Day,special_saturday_before_labor_day,module:us_nyse_special_closings_pre1960,,,CONFIRMED
1903-09-07,CLOSED,Labor Day,labor_day,module:labor_day,,,CONFIRMED
1903-11-03,CLOSED,Election Day,election_day_closures,module:us_historical_closures,,,CONFIRMED
1903-11-26,CLOSED,Thanksgiving Day,thanksgiving_pre1940,module:thanksgiving,,,CONFIRMED
1903-12-25,CLOSED,Christmas Day,christmas_pre1959,module:christmas,,,CONFIRMED
1903-12-26,CLOSED,Saturday After Christmas,special_saturday_after_christmas,module:us_nyse_special_closings_pre1960,,,CONFIRMED
1904-01-01,CLOSED,New Year's Day,new_years_day,module:new_years_day,,,CONFIRMED
1904-02-12,CLOSED,Lincoln's Birthday,lincolns_birthday,module:lincolns_birthday,,,CONFIRMED
1904-02-22,CLOSED,Washington's Birthday,washingtons_birthday,module:washingtons_birthday,,,CONFIRMED
1904-04-01,CLOSED,Good Friday,good_friday,module:good_friday,,,CONFIRMED
1904-05-28,CLOSED,Saturday Before Decoration Day,special_saturday_before_decoration_day,module:us_nyse_special_closings_pre1960,,,CONFIRMED
1904-05-30,CLOSED,Decoration Day,decoration_day,module:decoration_day,,,CONFIRMED
1904-07-02,CLOSED,Saturday Before Independence Day,special_saturday_before_independence_day,module:us_nyse_special_closings_pre1960,,,CONFIRMED
1904-07-04,CLOSED,Independence Day,independence_day_pre1959,module:independence_day,,,CONFIRMED
1904-09-03,CLOSED,Saturday Before Labor Day,special_saturday_before_labor_day,module:us_nyse_special_closings_pre1960,,,CONFIRMED
1904-09-05,CLOSED,Labor Day,labor_day,module:labor_day,,,CONFIRMED
1904-11-08,CLOSED,Election Day,election_day_closures,module:us_historical_closures,,,CONFIRMED
1904-11-24,CLOSED,Thanksgiving Day,thanksgiving_pre1940,module:thanksgiving,,,CONFIRMED
1904-12-24,CLOSED,Saturday Before Christmas,special_saturday_before_christmas,module:us_nyse_special_closings_pre1960,,,CONFIRMED
1904-12-26,CLOSED,Christmas Day,christmas_pre1959,module:christmas,1904-12-25,,CONFIRMED
1905-01-02,CLOSED,New Year's Day,new_years_day,module:new_years_day,1905-01-01,,CONFIRMED
1905-02-13,CLOSED,Lincoln's Birthday,lincolns_birthday,module:lincolns_birthday,1905-02-12,,CONFIRMED
1905-02-22,CLOSED,Washington's Birthday,washingtons_birthday,module:washingtons_birthday,,,CONFIRMED
1905-04-21,CLOSED,Good Friday,good_friday,module:good_friday,,,CONFIRMED
1905-04-22,CLOSED,Saturday After Good Friday,special_saturday_after_good_friday,module:us_nyse_special_closings_pre1960,,,CONFIRMED
1905-05-30,CLOSED,Decoration Day,decoration_day,module:decoration_day,,,CONFIRMED
1905-07-04,CLOSED,Independence Day,independence_day_pre1959,module:independence_day,,,CONFIRMED
1905-09-04,CLOSED,Labor Day,labor_day,module:labor_day,,,CONFIRMED
1905-11-07,CLOSED,Election Day,election_day_closures,module:us_historical_closures,,,CONFIRMED
1905-11-30,CLOSED,Thanksgiving Day,thanksgiving_pre1940,module:thanksgiving,,,CONFIRMED
1905-12-25,CLOSED,Christmas Day,christmas_pre1959,module:christmas,,,CONFIRMED
1906-01-01,CLOSED,New Year's Day,new_years_day,module:new_years_day,,,CONFIRMED
1906-02-12,CLOSED,Lincoln's Birthday,lincolns_birthday,module:lincolns_birthday,,,CONFIRMED
1906-02-22,CLOSED,Washington's Birthday,washingtons_birthday,module:washingtons_birthday,,,CONFIRMED
1906-05-30,CLOSED,Decoration Day,decoration_day,module:decoration_day,,,CONFIRMED
1906-07-04,CLOSED,Independence Day,independence_day_pre1959,module:independence_day,,,CONFIRMED
1906-09-03,CLOSED,Labor Day,labor_day,module:labor_day,,,CONFIRMED
1906-11-06,CLOSED,Election Day,election_day_closures,module:us_historical_closures,,,CONFIRMED
1906-11-29,CLOSED,Thanksgiving Day,thanksgiving_pre1940,module:thanksgiving,,,CONFIRMED
1906-12-25,CLOSED,Christmas Day,christmas_pre1959,module:christmas,,,CONFIRMED
1907-01-01,CLOSED,New Year's Day,new_years_day,module:new_years_day,,,CONFIRMED
1907-02-12,CLOSED,Lincoln's Birthday,lincolns_birthday,module:lincolns_birthday,,,CONFIRMED
1907-02-22,CLOSED,Washington's Birthday,washingtons_birthday,module:washingtons_birthday,,,CONFIRMED
1907-02-23,CLOSED,Saturday After Washington's Birthday,special_saturday_after_washingtons_birthday,module:us_nyse_special_closings_pre1960,,,CONFIRMED
1907-03-30,CLOSED,Saturday After Good Friday,special_saturday_after_good_friday,module:us_nyse_special_closings_pre1960,,,CONFIRMED
1907-05-30,CLOSED,Decoration Day,decoration_day,module:decoration_day,,,CONFIRMED
1907-07-04,CLOSED,Independence Day,independence_day_pre1959,module:independence_day,,,CONFIRMED
1907-08-31,CLOSED,Saturday Before Labor Day,special_saturday_before_labor_day,module:us_nyse_special_closings_pre1960,,,CONFIRMED
1907-09-02,CLOSED,Labor Day,labor_day,module:labor_day,,,CONFIRMED
1907-11-05,CLOSED,Election Day,election_day_closures,module:us_historical_closures,,,CONFIRMED
1907-11-28,CLOSED,Thanksgiving Day,thanksgiving_pre1940,module:thanksgiving,,,CONFIRMED
1907-12-25,CLOSED,Christmas Day,christmas_pre1959,module:christmas,,,CONFIRMED
1908-01-01,CLOSED,New Year's Day,new_years_day,module:new_years_day,,,CONFIRMED
1908-02-12,CLOSED,Lincoln's Birthday,lincolns_birthday,module:lincolns_birthday,,,CONFIRMED
1908-02-21,CLOSED,Washington's Birthday (observed),special_washingtons_birthday_observed,module:us_nyse_special_closings_pre1960,,,CONFIRMED
1908-02-22,CLOSED,Washington's Birthday,washingtons_birthday,module:washingtons_birthday,,,CONFIRMED
1908-04-17,CLOSED,Good Friday,good_friday,module:good_friday,,,CONFIRMED
1908-04-18,CLOSED,Saturday After Good Friday,special_saturday_after_good_friday,module:us_nyse_special_closings_pre1960,,,CONFIRMED
1908-05-29,CLOSED,Memorial Day (observed),special_memorial_day_observed,module:us_nyse_special_closings_pre1960,,,CONFIRMED
1908-05-30,CLOSED,Decoration Day,decoration_day,module:decoration_day,,,CONFIRMED
1908-06-26,EARLY_CLOSE,Early Close (Funeral of former President Grover Cleveland),nyse_early_close_oneoff_1300,module:us_nyse_historical_early_closes,,13:00,CONFIRMED
1908-07-03,CLOSED,Independence Day (observed),special_independence_day_observed,module:us_nyse_special_closings_pre1960,,,CONFIRMED
1908-07-04,CLOSED,Independence Day,independence_day_pre1959,module:independence_day,,,CONFIRMED
1908-09-05,CLOSED,Saturday Before Labor Day,special_saturday_before_labor_day,module:us_nyse_special_closings_pre1960,,,CONFIRMED
1908-09-07,CLOSED,Labor Day,labor_day,module:labor_day,,,CONFIRMED
1908-11-03,CLOSED,Election Day,election_day_closures,module:us_historical_closures,,,CONFIRMED
1908-11-26,CLOSED,Thanksgiving Day,thanksgiving_pre1940,module:thanksgiving,,,CONFIRMED
1908-12-25,CLOSED,Christmas Day,christmas_pre1959,module:christmas,,,CONFIRMED
1908-12-26,CLOSED,Saturday After Christmas,special_saturday_after_christmas,module:us_nyse_special_closings_pre1960,,,CONFIRMED
1909-01-01,CLOSED,New Year's Day,new_years_day,module:new_years_day,,,CONFIRMED
1909-02-12,CLOSED,Lincoln's Birthday,lincolns_birthday,module:lincolns_birthday,,,CONFIRMED
1909-02-13,CLOSED,Saturday After Lincoln's Birthday,special_saturday_after_lincolns_birthday,module:us_nyse_special_closings_pre1960,,,CONFIRMED
1909-02-22,CLOSED,Washington's Birthday,washingtons_birthday,module:washingtons_birthday,,,CONFIRMED
1909-04-09,CLOSED,Good Friday,good_friday,module:good_friday,,,CONFIRMED
1909-04-10,CLOSED,Saturday After Good Friday,special_saturday_after_good_friday,module:us_nyse_special_closings_pre1960,,,CONFIRMED
1909-05-29,CLOSED,Saturday Before Decoration Day,special_saturday_before_decoration_day,module:us_nyse_special_closings_pre1960,,,CONFIRMED
1909-05-31,CLOSED,Decoration Day,decoration_day,module:decoration_day,1909-05-30,,CONFIRMED
1909-07-03,CLOSED,Saturday Before Independence Day,special_saturday_before_independence_day,module:us_nyse_special_closings_pre1960,,,CONFIRMED
1909-07-05,CLOSED,Independence Day,independence_day_pre1959,module:independence_day,1909-07-04,,CONFIRMED
1909-09-04,CLOSED,Saturday Before Labor Day,special_saturday_before_labor_day,module:us_nyse_special_closings_pre1960,,,CONFIRMED
1909-09-06,CLOSED,Labor Day,labor_day,module:labor_day,,,CONFIRMED
1909-09-25,CLOSED,Special Event (Hudson-Fulton Celebration),special_events,module:us_historical_closures,,,CONFIRMED
1909-10-12,CLOSED,Columbus Day,columbus_day,module:columbus_day,,,CONFIRMED
1909-11-02,CLOSED,Election Day,election_day_closures,module:us_historical_closures,,,CONFIRMED
1909-11-25,CLOSED,Thanksgiving Day,thanksgiving_pre1940,module:thanksgiving,,,CONFIRMED
1909-12-24,CLOSED,Christmas (observed),special_christmas_observed,module:us_nyse_special_closings_pre1960,,,CONFIRMED
1909-12-25,CLOSED,Christmas Day,christmas_pre1959,module:christmas,,,CONFIRMED
1909-12-31,CLOSED,New Years Day (observed),special_new_years_day_observed,module:us_nyse_special_closings_pre1960,,,CONFIRMED
1910-01-01,CLOSED,New Year's Day,new_years_day,module:new_years_day,,,CONFIRMED
1910-02-11,CLOSED,Lincoln's Birthday (observed),special_lincolns_birthday_observed,module:us_nyse_special_closings_pre1960,,,CONFIRMED
1910-02-12,CLOSED,Lincoln's Birthday,lincolns_birthday,module:lincolns_birthday,,,CONFIRMED
1910-02-22,CLOSED,Washington's Birthday,washingtons_birthday,module:washingtons_birthday,,,CONFIRMED
1910-03-25,CLOSED,Good Friday,good_friday,module:good_friday,,,CONFIRMED
1910-05-28,CLOSED,Saturday Before Decoration Day,special_saturday_before_decoration_day,module:us_nyse_special_closings_pre1960,,,CONFIRMED
1910-05-30,CLOSED,Decoration Day,decoration_day,module:decoration_day,,,CONFIRMED
1910-07-02,CLOSED,Saturday Before Independence Day,special_saturday_before_independence_day,module:us_nyse_special_closings_pre1960,,,CONFIRMED
1910-07-04,CLOSED,Independence Day,independence_day_pre1959,module:independence_day,,,CONFIRMED
1910-09-03,CLOSED,Saturday Before Labor Day,special_saturday_before_labor_day,module:us_nyse_special_closings_pre1960,,,CONFIRMED
1910-09-05,CLOSED,Labor Day,labor_day,module:labor_day,,,CONFIRMED
1910-10-12,CLOSED,Columbus Day,columbus_day,module:columbus_day,,,CONFIRMED
1910-11-08,CLOSED,Election Day,election_day_closures,module:us_historical_closures,,,CONFIRMED
1910-11-24,CLOSED,Thanksgiving Day,thanksgiving_pre1940,module:thanksgiving,,,CONFIRMED
1910-12-24,CLOSED,Saturday Before Christmas,special_saturday_before_christmas,module:us_nyse_special_closings_pre1960,,,CONFIRMED
1910-12-26,CLOSED,Christmas Day,christmas_pre1959,module:christmas,1910-12-25,,CONFIRMED
1911-01-02,CLOSED,New Year's Day,new_years_day,module:new_years_day,1911-01-01,,CONFIRMED
1911-02-13,CLOSED,Lincoln's Birthday,lincolns_birthday,module:lincolns_birthday,1911-02-12,,CONFIRMED
1911-02-22,CLOSED,Washington's Birthday,washingtons_birthday,module:washingtons_birthday,,,CONFIRMED
1911-04-14,CLOSED,Good Friday,good_friday,module:good_friday,,,CONFIRMED
1911-04-15,CLOSED,Saturday After Good Friday,special_saturday_after_good_friday,module:us_nyse_special_closings_pre1960,,,CONFIRMED
1911-05-30,CLOSED,Decoration Day,decoration_day,module:decoration_day,,,CONFIRMED
1911-07-04,CLOSED,Independence Day,independence_day_pre1959,module:independence_day,,,CONFIRMED
1911-09-02,CLOSED,Saturday Before Labor Day,special_saturday_before_labor_day,module:us_nyse_special_closings_pre1960,,,CONFIRMED
1911-09-04,CLOSED,Labor Day,labor_day,module:labor_day,,,CONFIRMED
1911-10-12,CLOSED,Columbus Day,columbus_day,module:columbus_day,,,CONFIRMED
1911-11-07,CLOSED,Election Day,election_day_closures,module:us_historical_closures,,,CONFIRMED
1911-11-30,CLOSED,Thanksgiving Day,thanksgiving_pre1940,module:thanksgiving,,,CONFIRMED
1911-12-23,CLOSED,Saturday Before Christmas,special_saturday_before_christmas,module:us_nyse_special_closings_pre1960,,,CONFIRMED
1911-12-25,CLOSED,Christmas Day,christmas_pre1959,module:christmas,,,CONFIRMED
1912-01-01,CLOSED,New Year's Day,new_years_day,module:new_years_day,,,CONFIRMED
1912-02-12,CLOSED,Lincoln's Birthday,lincolns_birthday,module:lincolns_birthday,,,CONFIRMED
1912-02-22,CLOSED,Washington's Birthday,washingtons_birthday,module:washingtons_birthday,,,CONFIRMED
1912-04-05,CLOSED,Good Friday,good_friday,module:good_friday,,,CONFIRMED
1912-05-30,CLOSED,Decoration Day,decoration_day,module:decoration_day,,,CONFIRMED
1912-07-04,CLOSED,Independence Day,independence_day_pre1959,module:independence_day,,,CONFIRMED
1912-08-31,CLOSED,Saturday Before Labor Day,special_saturday_before_labor_day,module:us_nyse_special_closings_pre1960,,,CONFIRMED
1912-09-02,CLOSED,Labor Day,labor_day,module:labor_day,,,CONFIRMED
1912-10-11,CLOSED,Columbus Day (observed),special_columbus_day_observed,module:us_nyse_special_closings_pre1960,,,CONFIRMED
1912-10-12,CLOSED,Columbus Day,columbus_day,module:columbus_day,,,CONFIRMED
1912-11-02,CLOSED,Presidential Funeral (Vice President James Sherman),presidential_funerals,module:us_historical_closures,,,CONFIRMED
1912-11-05,CLOSED,Election Day,election_day_closures,module:us_historical_closures,,,CONFIRMED
1912-11-28,CLOSED,Thanksgiving Day,thanksgiving_pre1940,module:thanksgiving,,,CONFIRMED
1912-12-25,CLOSED,Christmas Day,christmas_pre1959,module:christmas,,,CONFIRMED
1913-01-01,CLOSED,New Year's Day,new_years_day,module:new_years_day,,,CONFIRMED
1913-02-12,CLOSED,Lincoln's Birthday,lincolns_birthday,module:lincolns_birthday,,,CONFIRMED
1913-02-21,CLOSED,Washington's Birthday (observed),special_washingtons_birthday_observed,module:us_nyse_special_closings_pre1960,,,CONFIRMED
1913-02-22,CLOSED,Washington's Birthday,washingtons_birthday,module:washingtons_birthday,,,CONFIRMED
1913-03-21,CLOSED,Good Friday,good_friday,module:good_friday,,,CONFIRMED
1913-03-22,CLOSED,Saturday After Good Friday,special_saturday_after_good_friday,module:us_nyse_special_closings_pre1960,,,CONFIRMED
1913-05-30,CLOSED,Decoration Day,decoration_day,module:decoration_day,,,CONFIRMED
1913-05-31,CLOSED,Saturday After Decoration Day,special_saturday_after_decoration_day,module:us_nyse_special_closings_pre1960,,,CONFIRMED
1913-07-04,CLOSED,Independence Day,independence_day_pre1959,module:independence_day,,,CONFIRMED
1913-07-05,CLOSED,Saturday After Independence Day,special_saturday_after_independence_day,module:us_nyse_special_closings_pre1960,,,CONFIRMED
1913-08-30,CLOSED,Saturday Before Labor Day,special_saturday_before_labor_day,module:us_nyse_special_closings_pre1960,,,CONFIRMED
1913-09-01,CLOSED,Labor Day,labor_day,module:labor_day,,,CONFIRMED
1913-10-13,CLOSED,Columbus Day,columbus_day,module:columbus_day,1913-10-12,,CONFIRMED
1913-11-04,CLOSED,Election Day,election_day_closures,module:us_historical_closures,,,CONFIRMED
1913-11-27,CLOSED,Thanksgiving Day,thanksgiving_pre1940,module:thanksgiving,,,CONFIRMED
1913-12-25,CLOSED,Christmas Day,christmas_pre1959,module:christmas,,,CONFIRMED
1914-01-01,CLOSED,New Year's Day,new_years_day,module:new_years_day,,,CONFIRMED
1914-02-12,CLOSED,Lincoln's Birthday,lincolns_birthday,module:lincolns_birthday,,,CONFIRMED
1914-02-23,CLOSED,Washington's Birthday,washingtons_birthday,module:washingtons_birthday,1914-02-22,,CONFIRMED
1914-04-10,CLOSED,Good Friday,good_friday,module:good_friday,,,CONFIRMED
1914-05-29,CLOSED,Memorial Day (observed),special_memorial_day_observed,module:us_nyse_special_closings_pre1960,,,CONFIRMED
1914-05-30,CLOSED,Decoration Day,decoration_day,module:decoration_day,,,CONFIRMED
1914-07-03,CLOSED,Independence Day (observed),special_independence_day_observed,module:us_nyse_special_closings_pre1960,,,CONFIRMED
1914-07-04,CLOSED,Independence Day,independence_day_pre1959,module:independence_day,,,CONFIRMED
1914-07-31,CLOSED,World War I Closure,wwi_closure,module:us_historical_closures,,,CONFIRMED
1914-08-01,CLOSED,World War I Closure,wwi_closure,module:us_historical_closures,,,CONFIRMED
1914-08-03,CLOSED,World War I Closure,wwi_closure,module:us_historical_closures,,,CONFIRMED
1914-08-04,CLOSED,World War I Closure,wwi_closure,module:us_historical_closures,,,CONFIRMED
1914-08-05,CLOSED,World War I Closure,wwi_closure,module:us_historical_closures,,,CONFIRMED
1914-08-06,CLOSED,World War I Closure,wwi_closure,module:us_historical_closures,,,CONFIRMED
1914-08-07,CLOSED,World War I Closure,wwi_closure,module:us_historical_closures,,,CONFIRMED
1914-08-08,CLOSED,World War I Closure,wwi_closure,module:us_historical_closures,,,CONFIRMED
1914-08-10,CLOSED,World War I Closure,wwi_closure,module:us_historical_closures,,,CONFIRMED
1914-08-11,CLOSED,World War I Closure,wwi_closure,module:us_historical_closures,,,CONFIRMED
1914-08-12,CLOSED,World War I Closure,wwi_closure,module:us_historical_closures,,,CONFIRMED
1914-08-13,CLOSED,World War I Closure,wwi_closure,module:us_historical_closures,,,CONFIRMED
1914-08-14,CLOSED,World War I Closure,wwi_closure,module:us_historical_closures,,,CONFIRMED
1914-08-15,CLOSED,World War I Closure,wwi_closure,module:us_historical_closures,,,CONFIRMED
1914-08-17,CLOSED,World War I Closure,wwi_closure,module:us_historical_closures,,,CONFIRMED
1914-08-18,CLOSED,World War I Closure,wwi_closure,module:us_historical_closures,,,CONFIRMED
1914-08-19,CLOSED,World War I Closure,wwi_closure,module:us_historical_closures,,,CONFIRMED
1914-08-20,CLOSED,World War I Closure,wwi_closure,module:us_historical_closures,,,CONFIRMED
1914-08-21,CLOSED,World War I Closure,wwi_closure,module:us_historical_closures,,,CONFIRMED
1914-08-22,CLOSED,World War I Closure,wwi_closure,module:us_historical_closures,,,CONFIRMED
1914-08-24,CLOSED,World War I Closure,wwi_closure,module:us_historical_closures,,,CONFIRMED
1914-08-25,CLOSED,World War I Closure,wwi_closure,module:us_historical_closures,,,CONFIRMED
1914-08-26,CLOSED,World War I Closure,wwi_closure,module:us_historical_closures,,,CONFIRMED
1914-08-27,CLOSED,World War I Closure,wwi_closure,module:us_historical_closures,,,CONFIRMED
1914-08-28,CLOSED,World War I Closure,wwi_closure,module:us_historical_closures,,,CONFIRMED
1914-08-29,CLOSED,World War I Closure,wwi_closure,module:us_historical_closures,,,CONFIRMED
1914-08-31,CLOSED,World War I Closure,wwi_closure,module:us_historical_closures,,,CONFIRMED
1914-09-01,CLOSED,World War I Closure,wwi_closure,module:us_historical_closures,,,CONFIRMED
1914-09-02,CLOSED,World War I Closure,wwi_closure,module:us_historical_closures,,,CONFIRMED
1914-09-03,CLOSED,World War I Closure,wwi_closure,module:us_historical_closures,,,CONFIRMED
1914-09-04,CLOSED,World War I Closure,wwi_closure,module:us_historical_closures,,,CONFIRMED
1914-09-05,CLOSED,World War I Closure,wwi_closure,module:us_historical_closures,,,CONFIRMED
1914-09-07,CLOSED,Labor Day,labor_day,module:labor_day,,,CONFIRMED
1914-09-08,CLOSED,World War I Closure,wwi_closure,module:us_historical_closures,,,CONFIRMED
1914-09-09,CLOSED,World War I Closure,wwi_closure,module:us_historical_closures,,,CONFIRMED
1914-09-10,CLOSED,World War I Closure,wwi_closure,module:us_historical_closures,,,CONFIRMED
1914-09-11,CLOSED,World War I Closure,wwi_closure,module:us_historical_closures,,,CONFIRMED
1914-09-12,CLOSED,World War I Closure,wwi_closure,module:us_historical_closures,,,CONFIRMED
1914-09-14,CLOSED,World War I Closure,wwi_closure,module:us_historical_closures,,,CONFIRMED
1914-09-15,CLOSED,World War I Closure,wwi_closure,module:us_historical_closures,,,CONFIRMED
1914-09-16,CLOSED,World War I Closure,wwi_closure,module:us_historical_closures,,,CONFIRMED
1914-09-17,CLOSED,World War I Closure,wwi_closure,module:us_historical_closures,,,CONFIRMED
1914-09-18,CLOSED,World War I Closure,wwi_closure,module:us_historical_closures,,,CONFIRMED
1914-09-19,CLOSED,World War I Closure,wwi_closure,module:us_historical_closures,,,CONFIRMED
1914-09-21,CLOSED,World War I Closure,wwi_closure,module:us_historical_closures,,,CONFIRMED
1914-09-22,CLOSED,World War I Closure,wwi_closure,module:us_historical_closures,,,CONFIRMED
1914-09-23,CLOSED,World War I Closure,wwi_closure,module:us_historical_closures,,,CONFIRMED
1914-09-24,CLOSED,World War I Closure,wwi_closure,module:us_historical_closures,,,CONFIRMED
1914-09-25,CLOSED,World War I Closure,wwi_closure,module:us_historical_closures,,,CONFIRMED
1914-09-26,CLOSED,World War I Closure,wwi_closure,module:us_historical_closures,,,CONFIRMED
1914-09-28,CLOSED,World War I Closure,wwi_closure,module:us_historical_closures,,,CONFIRMED
1914-09-29,CLOSED,World War I Closure,wwi_closure,module:us_historical_closures,,,CONFIRMED
1914-09-30,CLOSED,World War I Closure,wwi_closure,module:us_historical_closures,,,CONFIRMED
1914-10-01,CLOSED,World War I Closure,wwi_closure,module:us_historical_closures,,,CONFIRMED
1914-10-02,CLOSED,World War I Closure,wwi_closure,module:us_historical_closures,,,CONFIRMED
1914-10-03,CLOSED,World War I Closure,wwi_closure,module:us_historical_closures,,,CONFIRMED
1914-10-05,CLOSED,World War I Closure,wwi_closure,module:us_historical_closures,,,CONFIRMED
1914-10-06,CLOSED,World War I Closure,wwi_closure,module:us_historical_closures,,,CONFIRMED
1914-10-07,CLOSED,World War I Closure,wwi_closure,module:us_historical_closures,,,CONFIRMED
1914-10-08,CLOSED,World War I Closure,wwi_closure,module:us_historical_closures,,,CONFIRMED
1914-10-09,CLOSED,World War I Closure,wwi_closure,module:us_historical_closures,,,CONFIRMED
1914-10-10,CLOSED,World War I Closure,wwi_closure,module:us_historical_closures,,,CONFIRMED
1914-10-12,CLOSED,Columbus Day,columbus_day,module:columbus_day,,,CONFIRMED
1914-10-13,CLOSED,World War I Closure,wwi_closure,module:us_historical_closures,,,CONFIRMED
1914-10-14,CLOSED,World War I Closure,wwi_closure,module:us_historical_closures,,,CONFIRMED
1914-10-15,CLOSED,World War I Closure,wwi_closure,module:us_historical_closures,,,CONFIRMED
1914-10-16,CLOSED,World War I Closure,wwi_closure,module:us_historical_closures,,,CONFIRMED
1914-10-17,CLOSED,World War I Closure,wwi_closure,module:us_historical_closures,,,CONFIRMED
1914-10-19,CLOSED,World War I Closure,wwi_closure,module:us_historical_closures,,,CONFIRMED
1914-10-20,CLOSED,World War I Closure,wwi_closure,module:us_historical_closures,,,CONFIRMED
1914-10-21,CLOSED,World War I Closure,wwi_closure,module:us_historical_closures,,,CONFIRMED
1914-10-22,CLOSED,World War I Closure,wwi_closure,module:us_historical_closures,,,CONFIRMED
1914-10-23,CLOSED,World War I Closure,wwi_closure,module:us_historical_closures,,,CONFIRMED
1914-10-24,CLOSED,World War I Closure,wwi_closure,module:us_historical_closures,,,CONFIRMED
1914-10-26,CLOSED,World War I Closure,wwi_closure,module:us_historical_closures,,,CONFIRMED
1914-10-27,CLOSED,World War I Closure,wwi_closure,module:us_historical_closures,,,CONFIRMED
1914-10-28,CLOSED,World War I Closure,wwi_closure,module:us_historical_closures,,,CONFIRMED
1914-10-29,CLOSED,World War I Closure,wwi_closure,module:us_historical_closures,,,CONFIRMED
1914-10-30,CLOSED,World War I Closure,wwi_closure,module:us_historical_closures,,,CONFIRMED
1914-10-31,CLOSED,World War I Closure,wwi_closure,module:us_historical_closures,,,CONFIRMED
1914-11-02,CLOSED,World War I Closure,wwi_closure,module:us_historical_closures,,,CONFIRMED
1914-11-03,CLOSED,Election Day,election_day_closures,module:us_historical_closures,,,CONFIRMED
1914-11-04,CLOSED,World War I Closure,wwi_closure,module:us_historical_closures,,,CONFIRMED
1914-11-05,CLOSED,World War I Closure,wwi_closure,module:us_historical_closures,,,CONFIRMED
1914-11-06,CLOSED,World War I Closure,wwi_closure,module:us_historical_closures,,,CONFIRMED
1914-11-07,CLOSED,World War I Closure,wwi_closure,module:us_historical_closures,,,CONFIRMED
1914-11-09,CLOSED,World War I Closure,wwi_closure,module:us_historical_closures,,,CONFIRMED
1914-11-10,CLOSED,World War I Closure,wwi_closure,module:us_historical_closures,,,CONFIRMED
1914-11-11,CLOSED,World War I Closure,wwi_closure,module:us_historical_closures,,,CONFIRMED
1914-11-12,CLOSED,World War I Closure,wwi_closure,module:us_historical_closures,,,CONFIRMED
1914-11-13,CLOSED,World War I Closure,wwi_closure,module:us_historical_closures,,,CONFIRMED
1914-11-14,CLOSED,World War I Closure,wwi_closure,module:us_historical_closures,,,CONFIRMED
1914-11-16,CLOSED,World War I Closure,wwi_closure,module:us_historical_closures,,,CONFIRMED
1914-11-17,CLOSED,World War I Closure,wwi_closure,module:us_historical_closures,,,CONFIRMED
1914-11-18,CLOSED,World War I Closure,wwi_closure,module:us_historical_closures,,,CONFIRMED
1914-11-19,CLOSED,World War I Closure,wwi_closure,module:us_historical_closures,,,CONFIRMED
1914-11-20,CLOSED,World War I Closure,wwi_closure,module:us_historical_closures,,,CONFIRMED
1914-11-21,CLOSED,World War I Closure,wwi_closure,module:us_historical_closures,,,CONFIRMED
1914-11-23,CLOSED,World War I Closure,wwi_closure,module:us_historical_closures,,,CONFIRMED
1914-11-24,CLOSED,World War I Closure,wwi_closure,module:us_historical_closures,,,CONFIRMED
1914-11-25,CLOSED,World War I Closure,wwi_closure,module:us_historical_closures,,,CONFIRMED
1914-11-26,CLOSED,Thanksgiving Day,thanksgiving_pre1940,module:thanksgiving,,,CONFIRMED
1914-11-27,CLOSED,World War I Closure,wwi_closure,module:us_historical_closures,,,CONFIRMED
1914-11-28,CLOSED,World War I Closure,wwi_closure,module:us_historical_closures,,,CONFIRMED
1914-11-30,CLOSED,World War I Closure,wwi_closure,module:us_historical_closures,,,CONFIRMED
1914-12-01,CLOSED,World War I Closure,wwi_closure,module:us_historical_closures,,,CONFIRMED
1914-12-02,CLOSED,World War I Closure,wwi_closure,module:us_historical_closures,,,CONFIRMED
1914-12-03,CLOSED,World War I Closure,wwi_closure,module:us_historical_closures,,,CONFIRMED
1914-12-04,CLOSED,World War I Closure,wwi_closure,module:us_historical_closures,,,CONFIRMED
1914-12-05,CLOSED,World War I Closure,wwi_closure,module:us_historical_closures,,,CONFIRMED
1914-12-07,CLOSED,World War I Closure,wwi_closure,module:us_historical_closures,,,CONFIRMED
1914-12-08,CLOSED,World War I Closure,wwi_closure,module:us_historical_closures,,,CONFIRMED
1914-12-09,CLOSED,World War I Closure,wwi_closure,module:us_historical_closures,,,CONFIRMED
1914-12-10,CLOSED,World War I Closure,wwi_closure,module:us_historical_closures,,,CONFIRMED
1914-12-11,CLOSED,World War I Closure,wwi_closure,module:us_historical_closures,,,CONFIRMED
1914-12-25,CLOSED,Christmas Day,christmas_pre1959,module:christmas,,,CONFIRMED
1915-01-01,CLOSED,New Year's Day,new_years_day,module:new_years_day,,,CONFIRMED
1915-02-12,CLOSED,Lincoln's Birthday,lincolns_birthday,module:lincolns_birthday,,,CONFIRMED
1915-02-22,CLOSED,Washington's Birthday,washingtons_birthday,module:washingtons_birthday,,,CONFIRMED
1915-04-02,CLOSED,Good Friday,good_friday,module:good_friday,,,CONFIRMED
1915-05-31,CLOSED,Decoration Day,decoration_day,module:decoration_day,1915-05-30,,CONFIRMED
1915-07-05,CLOSED,Independence Day,independence_day_pre1959,module:independence_day,1915-07-04,,CONFIRMED
1915-09-06,CLOSED,Labor Day,labor_day,module:labor_day,,,CONFIRMED
1915-10-12,CLOSED,Columbus Day,columbus_day,module:columbus_day,,,CONFIRMED
1915-11-02,CLOSED,Election Day,election_day_closures,module:us_historical_closures,,,CONFIRMED
1915-11-25,CLOSED,Thanksgiving Day,thanksgiving_pre1940,module:thanksgiving,,,CONFIRMED
1915-12-24,CLOSED,Christmas (observed),special_christmas_observed,module:us_nyse_special_closings_pre1960,,,CONFIRMED
1915-12-25,CLOSED,Christmas Day,christmas_pre1959,module:christmas,,,CONFIRMED
1915-12-31,CLOSED,New Years Day (observed),special_new_years_day_observed,module:us_nyse_special_closings_pre1960,,,CONFIRMED
1916-01-01,CLOSED,New Year's Day,new_years_day,module:new_years_day,,,CONFIRMED
1916-02-11,CLOSED,Lincoln's Birthday (observed),special_lincolns_birthday_observed,module:us_nyse_special_closings_pre1960,,,CONFIRMED
1916-02-12,CLOSED,Lincoln's Birthday,lincolns_birthday,module:lincolns_birthday,,,CONFIRMED
1916-02-22,CLOSED,Washington's Birthday,washingtons_birthday,module:washingtons_birthday,,,CONFIRMED
1916-04-21,CLOSED,Good Friday,good_friday,module:good_friday,,,CONFIRMED
1916-05-30,CLOSED,Decoration Day,decoration_day,module:decoration_day,,,CONFIRMED
1916-06-14,CLOSED,Flag Day,flag_day,module:flag_day,,,CONFIRMED
1916-07-04,CLOSED,Independence Day,independence_day_pre1959,module:independence_day,,,CONFIRMED
1916-09-04,CLOSED,Labor Day,labor_day,module:labor_day,,,CONFIRMED
1916-10-12,CLOSED,Columbus Day,columbus_day,module:columbus_day,,,CONFIRMED
1916-11-07,CLOSED,Election Day,election_day_closures,module:us_historical_closures,,,CONFIRMED
1916-11-30,CLOSED,Thanksgiving Day,thanksgiving_pre1940,module:thanksgiving,,,CONFIRMED
1916-12-25,CLOSED,Christmas Day,christmas_pre1959,module:christmas,,,CONFIRMED
1916-12-30,CLOSED,Saturday Before New Years Day,special_saturday_before_new_years_day,module:us_nyse_special_closings_pre1960,,,CONFIRMED
1917-01-01,CLOSED,New Year's Day,new_years_day,module:new_years_day,,,CONFIRMED
1917-02-12,CLOSED,Lincoln's Birthday,lincolns_birthday,module:lincolns_birthday,,,CONFIRMED
1917-02-22,CLOSED,Washington's Birthday,washingtons_birthday,module:washingtons_birthday,,,CONFIRMED
1917-04-06,CLOSED,Good Friday,good_friday,module:good_friday,,,CONFIRMED
1917-05-30,CLOSED,Decoration Day,decoration_day,module:decoration_day,,,CONFIRMED
1917-06-05,CLOSED,WWI Related (Draft Registration Day),wwi_related,module:us_historical_closures,,,CONFIRMED
1917-06-14,CLOSED,Flag Day,flag_day,module:flag_day,,,CONFIRMED
1917-07-04,CLOSED,Independence Day,independence_day_pre1959,module:independence_day,,,CONFIRMED
1917-08-04,CLOSED,Weather Event (Heat Wave),weather_closures,module:us_historical_closures,,,CONFIRMED
1917-08-29,EARLY_CLOSE,Early Close (Parade of National Guard),nyse_early_close_oneoff_1200,module:us_nyse_historical_early_closes,,12:00,CONFIRMED
1917-09-01,CLOSED,Saturday Before Labor Day,special_saturday_before_labor_day,module:us_nyse_special_closings_pre1960,,,CONFIRMED
1917-09-03,CLOSED,Labor Day,labor_day,module:labor_day,,,CONFIRMED
1917-10-12,CLOSED,Columbus Day,columbus_day,module:columbus_day,,,CONFIRMED
1917-10-13,CLOSED,Saturday After Columbus Day,special_saturday_after_columbus_day,module:us_nyse_special_closings_pre1960,,,CONFIRMED
1917-10-24,EARLY_CLOSE,Early Close (Liberty Day),nyse_early_close_oneoff_1200,module:us_nyse_historical_early_closes,,12:00,CONFIRMED
1917-11-06,CLOSED,Election Day,election_day_closures,module:us_historical_closures,,,CONFIRMED
1917-11-29,CLOSED,Thanksgiving Day,thanksgiving_pre1940,module:thanksgiving,,,CONFIRMED
1917-12-25,CLOSED,Christmas Day,christmas_pre1959,module:christmas,,,CONFIRMED
1918-01-01,CLOSED,New Year's Day,new_years_day,module:new_years_day,,,CONFIRMED
1918-01-28,CLOSED,WWI Related (Heatless Day),wwi_related,module:us_historical_closures,,,CONFIRMED
1918-02-04,CLOSED,WWI Related (Heatless Day),wwi_related,module:us_historical_closures,,,CONFIRMED
1918-02-11,CLOSED,WWI Related (Heatless Day),wwi_related,module:us_historical_closures,,,CONFIRMED
1918-02-12,CLOSED,Lincoln's Birthday,lincolns_birthday,module:lincolns_birthday,,,CONFIRMED
1918-02-22,CLOSED,Washington's Birthday,washingtons_birthday,module:washingtons_birthday,,,CONFIRMED
1918-03-29,CLOSED,Good Friday,good_friday,module:good_friday,,,CONFIRMED
1918-04-26,EARLY_CLOSE,Early Close (Liberty Day),nyse_early_close_oneoff_1200,module:us_nyse_historical_early_closes,,12:00,CONFIRMED
1918-05-30,CLOSED,Decoration Day,decoration_day,module:decoration_day,,,CONFIRMED
1918-06-14,CLOSED,Flag Day,flag_day,module:flag_day,,,CONFIRMED
1918-07-04,CLOSED,Independence Day,independence_day_pre1959,module:independence_day,,,CONFIRMED
1918-09-02,CLOSED,Labor Day,labor_day,module:labor_day,,,CONFIRMED
1918-09-12,CLOSED,WWI Related (Draft Registration Day),wwi_related,module:us_historical_closures,,,CONFIRMED
1918-10-11,CLOSED,Columbus Day (observed),special_columbus_day_observed,module:us_nyse_special_closings_pre1960,,,CONFIRMED
1918-10-12,CLOSED,Columbus Day,columbus_day,module:columbus_day,,,CONFIRMED
1918-11-05,CLOSED,Election Day,election_day_closures,module:us_historical_closures,,,CONFIRMED
1918-11-07,EARLY_CLOSE,Early Close (False armistice report),nyse_early_close_oneoff_1430,module:us_nyse_historical_early_closes,,14:30,CONFIRMED
1918-11-11,CLOSED,Armistice Day,armistice_veterans_day,module:armistice_veterans_day,,,CONFIRMED
1918-11-28,CLOSED,Thanksgiving Day,thanksgiving_pre1940,module:thanksgiving,,,CONFIRMED
1918-12-25,CLOSED,Christmas Day,christmas_pre1959,module:christmas,,,CONFIRMED
1919-01-01,CLOSED,New Year's Day,new_years_day,module:new_years_day,,,CONFIRMED
1919-01-07,EARLY_CLOSE,Early Close (Funeral of former President Theodore Roosevelt),nyse_early_close_oneoff_1230,module:us_nyse_historical_early_closes,,12:30,CONFIRMED
1919-02-12,CLOSED,Lincoln's Birthday,lincolns_birthday,module:lincolns_birthday,,,CONFIRMED
1919-02-21,CLOSED,Washington's Birthday (observed),special_washingtons_birthday_observed,module:us_nyse_special_closings_pre1960,,,CONFIRMED
1919-02-22,CLOSED,Washington's Birthday,washingtons_birthday,module:washingtons_birthday,,,CONFIRMED
1919-03-25,CLOSED,Special Event (Homecoming of 27th Division),special_events,module:us_historical_closures,,,CONFIRMED
1919-04-18,CLOSED,Good Friday,good_friday,module:good_friday,,,CONFIRMED
1919-05-06,CLOSED,Special Event (Parade),special_events,module:us_historical_closures,,,CONFIRMED
1919-05-30,CLOSED,Decoration Day,decoration_day,module:decoration_day,,,CONFIRMED
1919-05-31,CLOSED,Saturday After Decoration Day,special_saturday_after_decoration_day,module:us_nyse_special_closings_pre1960,,,CONFIRMED
1919-06-13,CLOSED,Flag Day (observed),special_flag_day_observed,module:us_nyse_special_closings_pre1960,,,CONFIRMED
1919-06-14,CLOSED,Flag Day,flag_day,module:flag_day,,,CONFIRMED
1919-07-04,CLOSED,Independence Day,independence_day_pre1959,module:independence_day,,,CONFIRMED
1919-08-30,CLOSED,Saturday Before Labor Day,special_saturday_before_labor_day,module:us_nyse_special_closings_pre1960,,,CONFIRMED
1919-09-01,CLOSED,Labor Day,labor_day,module:labor_day,,,CONFIRMED
1919-09-10,CLOSED,Special Event (Return of General Pershing),special_events,module:us_historical_closures,,,CONFIRMED
1919-10-13,CLOSED,Columbus Day,columbus_day,module:columbus_day,1919-10-12,,CONFIRMED
1919-11-04,CLOSED,Election Day,election_day_closures,module:us_historical_closures,,,CONFIRMED
1919-11-27,CLOSED,Thanksgiving Day,thanksgiving_pre1940,module:thanksgiving,,,CONFIRMED
1919-12-25,CLOSED,Christmas Day,christmas_pre1959,module:christmas,,,CONFIRMED
1920-01-01,CLOSED,New Year's Day,new_years_day,module:new_years_day,,,CONFIRMED
1920-02-12,CLOSED,Lincoln's Birthday,lincolns_birthday,module:lincolns_birthday,,,CONFIRMED
1920-02-23,CLOSED,Washington's Birthday,washingtons_birthday,module:washingtons_birthday,1920-02-22,,CONFIRMED
1920-04-02,CLOSED,Good Friday,good_friday,module:good_friday,,,CONFIRMED
1920-04-03,CLOSED,Saturday After Good Friday,special_saturday_after_good_friday,module:us_nyse_special_closings_pre1960,,,CONFIRMED
1920-05-01,CLOSED,Special Event (Relocation of Brokerage Offices),special_events,module:us_historical_closures,,,CONFIRMED
1920-05-31,CLOSED,Decoration Day,decoration_day,module:decoration_day,1920-05-30,,CONFIRMED
1920-06-14,CLOSED,Flag Day,flag_day,module:flag_day,,,CONFIRMED
1920-07-03,CLOSED,Saturday Before Independence Day,special_saturday_before_independence_day,module:us_nyse_special_closings_pre1960,,,CONFIRMED
1920-07-05,CLOSED,Independence Day,independence_day_pre1959,module:independence_day,1920-07-04,,CONFIRMED
1920-09-04,CLOSED,Saturday Before Labor Day,special_saturday_before_labor_day,module:us_nyse_special_closings_pre1960,,,CONFIRMED
1920-09-06,CLOSED,Labor Day,labor_day,module:labor_day,,,CONFIRMED
1920-09-16,EARLY_CLOSE,Early Close (Wall Street explosion),nyse_early_close_oneoff_1200,module:us_nyse_historical_early_closes,,12:00,CONFIRMED
1920-10-12,CLOSED,Columbus Day,columbus_day,module:columbus_day,,,CONFIRMED
1920-11-02,CLOSED,Election Day,election_day_closures,module:us_historical_closures,,,CONFIRMED
1920-11-25,CLOSED,Thanksgiving Day,thanksgiving_pre1940,module:thanksgiving,,,CONFIRMED
1920-12-24,CLOSED,Christmas (observed),special_christmas_observed,module:us_nyse_special_closings_pre1960,,,CONFIRMED
1920-12-25,CLOSED,Christmas Day,christmas_pre1959,module:christmas,,,CONFIRMED
1920-12-31,CLOSED,New Years Day (observed),special_new_years_day_observed,module:us_nyse_special_closings_pre1960,,,CONFIRMED
1921-01-01,CLOSED,New Year's Day,new_years_day,module:new_years_day,,,CONFIRMED
1921-02-11,CLOSED,Lincoln's Birthday (observed),special_lincolns_birthday_observed,module:us_nyse_special_closings_pre1960,,,CONFIRMED
1921-02-12,CLOSED,Lincoln's Birthday,lincolns_birthday,module:lincolns_birthday,,,CONFIRMED
1921-02-22,CLOSED,Washington's Birthday,washingtons_birthday,module:washingtons_birthday,,,CONFIRMED
1921-03-25,CLOSED,Good Friday,good_friday,module:good_friday,,,CONFIRMED
1921-05-28,CLOSED,Saturday Before Decoration Day,special_saturday_before_decoration_day,module:us_nyse_special_closings_pre1960,,,CONFIRMED
1921-05-30,CLOSED,Decoration Day,decoration_day,module:decoration_day,,,CONFIRMED
1921-06-14,CLOSED,Flag Day,flag_day,module:flag_day,,,CONFIRMED
1921-07-02,CLOSED,Saturday Before Independence Day,special_saturday_before_independence_day,module:us_nyse_special_closings_pre1960,,,CONFIRMED
1921-07-04,CLOSED,Independence Day,independence_day_pre1959,module:independence_day,,,CONFIRMED
1921-09-03,CLOSED,Saturday Before Labor Day,special_saturday_before_labor_day,module:us_nyse_special_closings_pre1960,,,CONFIRMED
1921-09-05,CLOSED,Labor Day,labor_day,module:labor_day,,,CONFIRMED
1921-10-12,CLOSED,Columbus Day,columbus_day,module:columbus_day,,,CONFIRMED
1921-11-08,CLOSED,Election Day,election_day_closures,module:us_historical_closures,,,CONFIRMED
1921-11-11,CLOSED,Armistice Day,armistice_veterans_day,module:armistice_veterans_day,,,CONFIRMED
1921-11-24,CLOSED,Thanksgiving Day,thanksgiving_pre1940,module:thanksgiving,,,CONFIRMED
1921-12-26,CLOSED,Christmas Day,christmas_pre1959,module:christmas,1921-12-25,,CONFIRMED
1922-01-02,CLOSED,New Year's Day,new_years_day,module:new_years_day,1922-01-01,,CONFIRMED
1922-02-13,CLOSED,Lincoln's Birthday,lincolns_birthday,module:lincolns_birthday,1922-02-12,,CONFIRMED
1922-02-22,CLOSED,Washington's Birthday,washingtons_birthday,module:washingtons_birthday,,,CONFIRMED
1922-04-14,CLOSED,Good Friday,good_friday,module:good_friday,,,CONFIRMED
1922-05-30,CLOSED,Decoration Day,decoration_day,module:decoration_day,,,CONFIRMED
1922-06-14,CLOSED,Flag Day,flag_day,module:flag_day,,,CONFIRMED
1922-07-04,CLOSED,Independence Day,independence_day_pre1959,module:independence_day,,,CONFIRMED
1922-09-04,CLOSED,Labor Day,labor_day,module:labor_day,,,CONFIRMED
1922-10-12,CLOSED,Columbus Day,columbus_day,module:columbus_day,,,CONFIRMED
1922-11-07,CLOSED,Election Day,election_day_closures,module:us_historical_closures,,,CONFIRMED
1922-11-30,CLOSED,Thanksgiving Day,thanksgiving_pre1940,module:thanksgiving,,,CONFIRMED
1922-12-23,CLOSED,Saturday Before Christmas,special_saturday_before_christmas,module:us_nyse_special_closings_pre1960,,,CONFIRMED
1922-12-25,CLOSED,Christmas Day,christmas_pre1959,module:christmas,,,CONFIRMED
1923-01-01,CLOSED,New Year's Day,new_years_day,module:new_years_day,,,CONFIRMED
1923-02-12,CLOSED,Lincoln's Birthday,lincolns_birthday,module:lincolns_birthday,,,CONFIRMED
1923-02-22,CLOSED,Washington's Birthday,washingtons_birthday,module:washingtons_birthday,,,CONFIRMED
1923-03-30,CLOSED,Good Friday,good_friday,module:good_friday,,,CONFIRMED
1923-05-30,CLOSED,Decoration Day,decoration_day,module:decoration_day,,,CONFIRMED
1923-06-14,CLOSED,Flag Day,flag_day,module:flag_day,,,CONFIRMED
1923-07-04,CLOSED,Independence Day,independence_day_pre1959,module:independence_day,,,CONFIRMED
1923-08-03,CLOSED,Presidential Funeral (Warren G. Harding (death)),presidential_funerals,module:us_historical_closures,,,CONFIRMED
1923-08-10,CLOSED,Presidential Funeral (Warren G. Harding),presidential_funerals,module:us_historical_closures,,,CONFIRMED
1923-09-03,CLOSED,Labor Day,labor_day,module:labor_day,,,CONFIRMED
1923-10-12,CLOSED,Columbus Day,columbus_day,module:columbus_day,,,CONFIRMED
1923-11-06,CLOSED,Election Day,election_day_closures,module:us_historical_closures,,,CONFIRMED
1923-11-29,CLOSED,Thanksgiving Day,thanksgiving_pre1940,module:thanksgiving,,,CONFIRMED
1923-12-25,CLOSED,Christmas Day,christmas_pre1959,module:christmas,,,CONFIRMED
1924-01-01,CLOSED,New Year's Day,new_years_day,module:new_years_day,,,CONFIRMED
1924-02-06,EARLY_CLOSE,Early Close (Funeral of former President Woodrow Wilson),nyse_early_close_oneoff_1230,module:us_nyse_historical_early_closes,,12:30,CONFIRMED
1924-02-12,CLOSED,Lincoln's Birthday,lincolns_birthday,module:lincolns_birthday,,,CONFIRMED
1924-02-22,CLOSED,Washington's Birthday,washingtons_birthday,module:washingtons_birthday,,,CONFIRMED
1924-04-18,CLOSED,Good Friday,good_friday,module:good_friday,,,CONFIRMED
1924-05-30,CLOSED,Decoration Day,decoration_day,module:decoration_day,,,CONFIRMED
1924-05-31,CLOSED,Saturday After Decoration Day,special_saturday_after_decoration_day,module:us_nyse_special_closings_pre1960,,,CONFIRMED
1924-06-13,CLOSED,Flag Day (observed),special_flag_day_observed,module:us_nyse_special_closings_pre1960,,,CONFIRMED
1924-06-14,CLOSED,Flag Day,flag_day,module:flag_day,,,CONFIRMED
1924-07-04,CLOSED,Independence Day,independence_day_pre1959,module:independence_day,,,CONFIRMED
1924-09-01,CLOSED,Labor Day,labor_day,module:labor_day,,,CONFIRMED
1924-10-13,CLOSED,Columbus Day,columbus_day,module:columbus_day,1924-10-12,,CONFIRMED
1924-11-04,CLOSED,Election Day,election_day_closures,module:us_historical_closures,,,CONFIRMED
1924-11-27,CLOSED,Thanksgiving Day,thanksgiving_pre1940,module:thanksgiving,,,CONFIRMED
1924-12-25,CLOSED,Christmas Day,christmas_pre1959,module:christmas,,,CONFIRMED
1925-01-01,CLOSED,New Year's Day,new_years_day,module:new_years_day,,,CONFIRMED
1925-02-12,CLOSED,Lincoln's Birthday,lincolns_birthday,module:lincolns_birthday,,,CONFIRMED
1925-02-23,CLOSED,Washington's Birthday,washingtons_birthday,module:washingtons_birthday,1925-02-22,,CONFIRMED
1925-04-10,CLOSED,Good Friday,good_friday,module:good_friday,,,CONFIRMED
1925-05-29,CLOSED,Memorial Day (observed),special_memorial_day_observed,module:us_nyse_special_closings_pre1960,,,CONFIRMED
1925-05-30,CLOSED,Decoration Day,decoration_day,module:decoration_day,,,CONFIRMED
1925-06-15,CLOSED,Flag Day,flag_day,module:flag_day,1925-06-14,,CONFIRMED
1925-07-03,CLOSED,Independence Day (observed),special_independence_day_observed,module:us_nyse_special_closings_pre1960,,,CONFIRMED
1925-07-04,CLOSED,Independence Day,independence_day_pre1959,module:independence_day,,,CONFIRMED
1925-09-07,CLOSED,Labor Day,labor_day,module:labor_day,,,CONFIRMED
1925-09-18,EARLY_CLOSE,Early Close (Funeral of Seymour L. Cromwell),nyse_early_close_oneoff_1430,module:us_nyse_historical_early_closes,,14:30,CONFIRMED
1925-10-12,CLOSED,Columbus Day,columbus_day,module:columbus_day,,,CONFIRMED
1925-11-03,CLOSED,Election Day,election_day_closures,module:us_historical_closures,,,CONFIRMED
1925-11-26,CLOSED,Thanksgiving Day,thanksgiving_pre1940,module:thanksgiving,,,CONFIRMED
1925-12-25,CLOSED,Christmas Day,christmas_pre1959,module:christmas,,,CONFIRMED
1925-12-26,CLOSED,Saturday After Christmas,special_saturday_after_christmas,module:us_nyse_special_closings_pre1960,,,CONFIRMED
1926-01-01,CLOSED,New Year's Day,new_years_day,module:new_years_day,,,CONFIRMED
1926-02-12,CLOSED,Lincoln's Birthday,lincolns_birthday,module:lincolns_birthday,,,CONFIRMED
1926-02-22,CLOSED,Washington's Birthday,washingtons_birthday,module:washingtons_birthday,,,CONFIRMED
1926-04-02,CLOSED,Good Friday,good_friday,module:good_friday,,,CONFIRMED
1926-05-29,CLOSED,Saturday Before Decoration Day,special_saturday_before_decoration_day,module:us_nyse_special_closings_pre1960,,,CONFIRMED
1926-05-31,CLOSED,Decoration Day,decoration_day,module:decoration_day,1926-05-30,,CONFIRMED
1926-06-14,CLOSED,Flag Day,flag_day,module:flag_day,,,CONFIRMED
1926-07-03,CLOSED,Saturday Before Independence Day,special_saturday_before_independence_day,module:us_nyse_special_closings_pre1960,,,CONFIRMED
1926-07-05,CLOSED,Independence Day,independence_day_pre1959,module:independence_day,1926-07-04,,CONFIRMED
1926-09-04,CLOSED,Saturday Before Labor Day,special_saturday_before_labor_day,module:us_nyse_special_closings_pre1960,,,CONFIRMED
1926-09-06,CLOSED,Labor Day,labor_day,module:labor_day,,,CONFIRMED
1926-10-12,CLOSED,Columbus Day,columbus_day,module:columbus_day,,,CONFIRMED
1926-11-02,CLOSED,Election Day,election_day_closures,module:us_historical_closures,,,CONFIRMED
1926-11-25,CLOSED,Thanksgiving Day,thanksgiving_pre1940,module:thanksgiving,,,CONFIRMED
1926-12-24,CLOSED,Christmas (observed),special_christmas_observed,module:us_nyse_special_closings_pre1960,,,CONFIRMED
1926-12-25,CLOSED,Christmas Day,christmas_pre1959,module:christmas,,,CONFIRMED
1926-12-31,CLOSED,New Years Day (observed),special_new_years_day_observed,module:us_nyse_special_closings_pre1960,,,CONFIRMED
1927-01-01,CLOSED,New Year's Day,new_years_day,module:new_years_day,,,CONFIRMED
1927-02-11,CLOSED,Lincoln's Birthday (observed),special_lincolns_birthday_observed,module:us_nyse_special_closings_pre1960,,,CONFIRMED
1927-02-12,CLOSED,Lincoln's Birthday,lincolns_birthday,module:lincolns_birthday,,,CONFIRMED
1927-02-22,CLOSED,Washington's Birthday,washingtons_birthday,module:washingtons_birthday,,,CONFIRMED
1927-04-15,CLOSED,Good Friday,good_friday,module:good_friday,,,CONFIRMED
1927-05-30,CLOSED,Decoration Day,decoration_day,module:decoration_day,,,CONFIRMED
1927-06-13,CLOSED,Special Event (Lindbergh Parade),special_events,module:us_historical_closures,,,CONFIRMED
1927-06-14,CLOSED,Flag Day,flag_day,module:flag_day,,,CONFIRMED
1927-07-04,CLOSED,Independence Day,independence_day_pre1959,module:independence_day,,,CONFIRMED
1927-09-05,CLOSED,Labor Day,labor_day,module:labor_day,,,CONFIRMED
1927-10-12,CLOSED,Columbus Day,columbus_day,module:columbus_day,,,CONFIRMED
1927-11-08,CLOSED,Election Day,election_day_closures,module:us_historical_closures,,,CONFIRMED
1927-11-24,CLOSED,Thanksgiving Day,thanksgiving_pre1940,module:thanksgiving,,,CONFIRMED
1927-12-26,CLOSED,Christmas Day,christmas_pre1959,module:christmas,1927-12-25,,CONFIRMED
1928-01-02,CLOSED,New Year's Day,new_years_day,module:new_years_day,1928-01-01,,CONFIRMED
1928-02-13,CLOSED,Lincoln's Birthday,lincolns_birthday,module:lincolns_birthday,1928-02-12,,CONFIRMED
1928-02-22,CLOSED,Washington's Birthday,washingtons_birthday,module:washingtons_birthday,,,CONFIRMED
1928-04-06,CLOSED,Good Friday,good_friday,module:good_friday,,,CONFIRMED
1928-04-07,CLOSED,Clerical Backlog Relief,special_clerical_backlog_relief,module:us_nyse_special_closings_pre1960,,,CONFIRMED
1928-04-21,CLOSED,Clerical Backlog Relief,special_clerical_backlog_relief,module:us_nyse_special_closings_pre1960,,,CONFIRMED
1928-05-05,CLOSED,Clerical Backlog Relief,special_clerical_backlog_relief,module:us_nyse_special_closings_pre1960,,,CONFIRMED
1928-05-12,CLOSED,Clerical Backlog Relief,special_clerical_backlog_relief,module:us_nyse_special_closings_pre1960,,,CONFIRMED
1928-05-19,CLOSED,Clerical Backlog Relief,special_clerical_backlog_relief,module:us_nyse_special_closings_pre1960,,,CONFIRMED
1928-05-21,EARLY_CLOSE,Early Close (Member firm clerical backlog),nyse_early_close_oneoff_1400,module:us_nyse_historical_early_closes,,14:00,CONFIRMED
1928-05-22,EARLY_CLOSE,Early Close (Member firm clerical backlog),nyse_early_close_oneoff_1400,module:us_nyse_historical_early_closes,,14:00,CONFIRMED
1928-05-23,EARLY_CLOSE,Early Close (Member firm clerical backlog),nyse_early_close_oneoff_1400,module:us_nyse_historical_early_closes,,14:00,CONFIRMED
1928-05-24,EARLY_CLOSE,Early Close (Member firm clerical backlog),nyse_early_close_oneoff_1400,module:us_nyse_historical_early_closes,,14:00,CONFIRMED
1928-05-25,EARLY_CLOSE,Early Close (Member firm clerical backlog),nyse_early_close_oneoff_1400,module:us_nyse_historical_early_closes,,14:00,CONFIRMED
1928-05-26,CLOSED,Clerical Backlog Relief,special_clerical_backlog_relief,module:us_nyse_special_closings_pre1960,,,CONFIRMED
1928-05-30,CLOSED,Decoration Day,decoration_day,module:decoration_day,,,CONFIRMED
1928-06-14,CLOSED,Flag Day,flag_day,module:flag_day,,,CONFIRMED
1928-07-04,CLOSED,Independence Day,independence_day_pre1959,module:independence_day,,,CONFIRMED
1928-09-03,CLOSED,Labor Day,labor_day,module:labor_day,,,CONFIRMED
1928-10-12,CLOSED,Columbus Day,columbus_day,module:columbus_day,,,CONFIRMED
1928-11-06,CLOSED,Election Day,election_day_closures,module:us_historical_closures,,,CONFIRMED
1928-11-24,CLOSED,Clerical Backlog Relief,special_clerical_backlog_relief,module:us_nyse_special_closings_pre1960,,,CONFIRMED
1928-11-29,CLOSED,Thanksgiving Day,thanksgiving_pre1940,module:thanksgiving,,,CONFIRMED
1928-12-25,CLOSED,Christmas Day,christmas_pre1959,module:christmas,,,CONFIRMED
1929-01-01,CLOSED,New Year's Day,new_years_day,module:new_years_day,,,CONFIRMED
1929-02-09,CLOSED,Clerical Backlog Relief,special_clerical_backlog_relief,module:us_nyse_special_closings_pre1960,,,CONFIRMED
1929-02-12,CLOSED,Lincoln's Birthday,lincolns_birthday,module:lincolns_birthday,,,CONFIRMED
1929-02-22,CLOSED,Washington's Birthday,washingtons_birthday,module:washingtons_birthday,,,CONFIRMED
1929-02-23,CLOSED,Saturday After Washington's Birthday,special_saturday_after_washingtons_birthday,module:us_nyse_special_closings_pre1960,,,CONFIRMED
1929-03-29,CLOSED,Good Friday,good_friday,module:good_friday,,,CONFIRMED
1929-03-30,CLOSED,Saturday After Good Friday,special_saturday_after_good_friday,module:us_nyse_special_closings_pre1960,,,CONFIRMED
1929-05-30,CLOSED,Decoration Day,decoration_day,module:decoration_day,,,CONFIRMED
1929-06-14,CLOSED,Flag Day,flag_day,module:flag_day,,,CONFIRMED
1929-07-04,CLOSED,Independence Day,independence_day_pre1959,module:independence_day,,,CONFIRMED
1929-08-31,CLOSED,Saturday Before Labor Day,special_saturday_before_labor_day,module:us_nyse_special_closings_pre1960,,,CONFIRMED
1929-09-02,CLOSED,Labor Day,labor_day,module:labor_day,,,CONFIRMED
1929-10-11,CLOSED,Columbus Day (observed),special_columbus_day_observed,module:us_nyse_special_closings_pre1960,,,CONFIRMED
1929-10-12,CLOSED,Columbus Day,columbus_day,module:columbus_day,,,CONFIRMED
1929-11-01,CLOSED,Clerical Backlog Relief,special_clerical_backlog_relief,module:us_nyse_special_closings_pre1960,,,CONFIRMED
1929-11-02,CLOSED,Clerical Backlog Relief,special_clerical_backlog_relief,module:us_nyse_special_closings_pre1960,,,CONFIRMED
1929-11-05,CLOSED,Election Day,election_day_closures,module:us_historical_closures,,,CONFIRMED
1929-11-06,EARLY_CLOSE,Early Close (Member firm clerical backlog),nyse_early_close_oneoff_1300,module:us_nyse_historical_early_closes,,13:00,CONFIRMED
1929-11-07,EARLY_CLOSE,Early Close (Member firm clerical backlog),nyse_early_close_oneoff_1300,module:us_nyse_historical_early_closes,,13:00,CONFIRMED
1929-11-08,EARLY_CLOSE,Early Close (Member firm clerical backlog),nyse_early_close_oneoff_1300,module:us_nyse_historical_early_closes,,13:00,CONFIRMED
1929-11-09,CLOSED,Clerical Backlog Relief,special_clerical_backlog_relief,module:us_nyse_special_closings_pre1960,,,CONFIRMED
1929-11-11,EARLY_CLOSE,Early Close (Member firm clerical backlog),nyse_early_close_oneoff_1300,module:us_nyse_historical_early_closes,,13:00,CONFIRMED
1929-11-12,EARLY_CLOSE,Early Close (Member firm clerical backlog),nyse_early_close_oneoff_1300,module:us_nyse_historical_early_closes,,13:00,CONFIRMED
1929-11-13,EARLY_CLOSE,Early Close (Member firm clerical backlog),nyse_early_close_oneoff_1300,module:us_nyse_historical_early_closes,,13:00,CONFIRMED
1929-11-14,EARLY_CLOSE,Early Close (Member firm clerical backlog),nyse_early_close_oneoff_1300,module:us_nyse_historical_early_closes,,13:00,CONFIRMED
1929-11-15,EARLY_CLOSE,Early Close (Member firm clerical backlog),nyse_early_close_oneoff_1300,module:us_nyse_historical_early_closes,,13:00,CONFIRMED
1929-11-16,CLOSED,Clerical Backlog Relief,special_clerical_backlog_relief,module:us_nyse_special_closings_pre1960,,,CONFIRMED
1929-11-18,EARLY_CLOSE,Early Close (Member firm clerical backlog),nyse_early_close_oneoff_1300,module:us_nyse_historical_early_closes,,13:00,CONFIRMED
1929-11-19,EARLY_CLOSE,Early Close (Member firm clerical backlog),nyse_early_close_oneoff_1300,module:us_nyse_historical_early_closes,,13:00,CONFIRMED
1929-11-20,EARLY_CLOSE,Early Close (Member firm clerical backlog),nyse_early_close_oneoff_1300,module:us_nyse_historical_early_closes,,13:00,CONFIRMED
1929-11-21,EARLY_CLOSE,Early Close (Member firm clerical backlog),nyse_early_close_oneoff_1300,module:us_nyse_historical_early_closes,,13:00,CONFIRMED
1929-11-22,EARLY_CLOSE,Early Close (Member firm clerical backlog),nyse_early_close_oneoff_1300,module:us_nyse_historical_early_closes,,13:00,CONFIRMED
1929-11-23,CLOSED,Clerical Backlog Relief,special_clerical_backlog_relief,module:us_nyse_special_closings_pre1960,,,CONFIRMED
1929-11-28,CLOSED,Thanksgiving Day,thanksgiving_pre1940,module:thanksgiving,,,CONFIRMED
1929-11-30,CLOSED,Clerical Backlog Relief,special_clerical_backlog_relief,module:us_nyse_special_closings_pre1960,,,CONFIRMED
1929-12-25,CLOSED,Christmas Day,christmas_pre1959,module:christmas,,,CONFIRMED
1930-01-01,CLOSED,New Year's Day,new_years_day,module:new_years_day,,,CONFIRMED
1930-02-12,CLOSED,Lincoln's Birthday,lincolns_birthday,module:lincolns_birthday,,,CONFIRMED
1930-02-21,CLOSED,Washington's Birthday (observed),special_washingtons_birthday_observed,module:us_nyse_special_closings_pre1960,,,CONFIRMED
1930-02-22,CLOSED,Washington's Birthday,washingtons_birthday,module:washingtons_birthday,,,CONFIRMED
1930-03-11,EARLY_CLOSE,Early Close (Funeral of former President William Howard Taft),nyse_early_close_oneoff_1230,module:us_nyse_historical_early_closes,,12:30,CONFIRMED
1930-04-18,CLOSED,Good Friday,good_friday,module:good_friday,,,CONFIRMED
1930-04-19,CLOSED,Saturday After Good Friday,special_saturday_after_good_friday,module:us_nyse_special_closings_pre1960,,,CONFIRMED
1930-05-30,CLOSED,Decoration Day,decoration_day,module:decoration_day,,,CONFIRMED
1930-05-31,CLOSED,Saturday After Decoration Day,special_saturday_after_decoration_day,module:us_nyse_special_closings_pre1960,,,CONFIRMED
1930-06-13,CLOSED,Flag Day (observed),special_flag_day_observed,module:us_nyse_special_closings_pre1960,,,CONFIRMED
1930-06-14,CLOSED,Flag Day,flag_day,module:flag_day,,,CONFIRMED
1930-07-04,CLOSED,Independence Day,independence_day_pre1959,module:independence_day,,,CONFIRMED
1930-07-05,CLOSED,Saturday After Independence Day,special_saturday_after_independence_day,module:us_nyse_special_closings_pre1960,,,CONFIRMED
1930-08-30,CLOSED,Saturday Before Labor Day,special_saturday_before_labor_day,module:us_nyse_special_closings_pre1960,,,CONFIRMED
1930-09-01,CLOSED,Labor Day,labor_day,module:labor_day,,,CONFIRMED
1930-10-13,CLOSED,Columbus Day,columbus_day,module:columbus_day,1930-10-12,,CONFIRMED
1930-11-04,CLOSED,Election Day,election_day_closures,module:us_historical_closures,,,CONFIRMED
1930-11-27,CLOSED,Thanksgiving Day,thanksgiving_pre1940,module:thanksgiving,,,CONFIRMED
1930-11-29,CLOSED,Clerical Backlog Relief,special_clerical_backlog_relief,module:us_nyse_special_closings_pre1960,,,CONFIRMED
1930-12-25,CLOSED,Christmas Day,christmas_pre1959,module:christmas,,,CONFIRMED
1931-01-01,CLOSED,New Year's Day,new_years_day,module:new_years_day,,,CONFIRMED
1931-02-12,CLOSED,Lincoln's Birthday,lincolns_birthday,module:lincolns_birthday,,,CONFIRMED
1931-02-23,CLOSED,Washington's Birthday,washingtons_birthday,module:washingtons_birthday,1931-02-22,,CONFIRMED
1931-04-03,CLOSED,Good Friday,good_friday,module:good_friday,,,CONFIRMED
1931-05-29,CLOSED,Memorial Day (observed),special_memorial_day_observed,module:us_nyse_special_closings_pre1960,,,CONFIRMED
1931-05-30,CLOSED,Decoration Day,decoration_day,module:decoration_day,,,CONFIRMED
1931-06-15,CLOSED,Flag Day,flag_day,module:flag_day,1931-06-14,,CONFIRMED
1931-07-03,CLOSED,Independence Day (observed),special_independence_day_observed,module:us_nyse_special_closings_pre1960,,,CONFIRMED
1931-07-04,CLOSED,Independence Day,independence_day_pre1959,module:independence_day,,,CONFIRMED
1931-09-05,CLOSED,Saturday Before Labor Day,special_saturday_before_labor_day,module:us_nyse_special_closings_pre1960,,,CONFIRMED
1931-09-07,CLOSED,Labor Day,labor_day,module:labor_day,,,CONFIRMED
1931-10-12,CLOSED,Columbus Day,columbus_day,module:columbus_day,,,CONFIRMED
1931-11-03,CLOSED,Election Day,election_day_closures,module:us_historical_closures,,,CONFIRMED
1931-11-26,CLOSED,Thanksgiving Day,thanksgiving_pre1940,module:thanksgiving,,,CONFIRMED
1931-12-25,CLOSED,Christmas Day,christmas_pre1959,module:christmas,,,CONFIRMED
1931-12-26,CLOSED,Saturday After Christmas,special_saturday_after_christmas,module:us_nyse_special_closings_pre1960,,,CONFIRMED
1932-01-01,CLOSED,New Year's Day,new_years_day,module:new_years_day,,,CONFIRMED
1932-02-12,CLOSED,Lincoln's Birthday,lincolns_birthday,module:lincolns_birthday,,,CONFIRMED
1932-02-22,CLOSED,Washington's Birthday,washingtons_birthday,module:washingtons_birthday,,,CONFIRMED
1932-03-25,CLOSED,Good Friday,good_friday,module:good_friday,,,CONFIRMED
1932-05-30,CLOSED,Decoration Day,decoration_day,module:decoration_day,,,CONFIRMED
1932-06-14,CLOSED,Flag Day,flag_day,module:flag_day,,,CONFIRMED
1932-07-02,CLOSED,Saturday Before Independence Day,special_saturday_before_independence_day,module:us_nyse_special_closings_pre1960,,,CONFIRMED
1932-07-04,CLOSED,Independence Day,independence_day_pre1959,module:independence_day,,,CONFIRMED
1932-09-05,CLOSED,Labor Day,labor_day,module:labor_day,,,CONFIRMED
1932-10-12,CLOSED,Columbus Day,columbus_day,module:columbus_day,,,CONFIRMED
1932-11-08,CLOSED,Election Day,election_day_closures,module:us_historical_closures,,,CONFIRMED
1932-11-24,CLOSED,Thanksgiving Day,thanksgiving_pre1940,module:thanksgiving,,,CONFIRMED
1932-12-26,CLOSED,Christmas Day,christmas_pre1959,module:christmas,1932-12-25,,CONFIRMED
1933-01-02,CLOSED,New Year's Day,new_years_day,module:new_years_day,1933-01-01,,CONFIRMED
1933-01-07,CLOSED,Presidential Funeral (Calvin Coolidge),presidential_funerals,module:us_historical_closures,,,CONFIRMED
1933-02-13,CLOSED,Lincoln's Birthday,lincolns_birthday,module:lincolns_birthday,1933-02-12,,CONFIRMED
1933-02-22,CLOSED,Washington's Birthday,washingtons_birthday,module:washingtons_birthday,,,CONFIRMED
1933-03-04,CLOSED,Banking Holiday (State Banking Holiday),banking_holiday_1933,module:us_historical_closures,,,CONFIRMED
1933-03-06,CLOSED,Banking Holiday (National Banking Holiday),banking_holiday_1933,module:us_historical_closures,,,CONFIRMED
1933-03-07,CLOSED,Banking Holiday (National Banking Holiday),banking_holiday_1933,module:us_historical_closures,,,CONFIRMED
1933-03-08,CLOSED,Banking Holiday (National Banking Holiday),banking_holiday_1933,module:us_historical_closures,,,CONFIRMED
1933-03-09,CLOSED,Banking Holiday (National Banking Holiday),banking_holiday_1933,module:us_historical_closures,,,CONFIRMED
1933-03-10,CLOSED,Banking Holiday (National Banking Holiday),banking_holiday_1933,module:us_historical_closures,,,CONFIRMED
1933-03-11,CLOSED,Banking Holiday (National Banking Holiday),banking_holiday_1933,module:us_historical_closures,,,CONFIRMED
1933-03-13,CLOSED,Banking Holiday (National Banking Holiday),banking_holiday_1933,module:us_historical_closures,,,CONFIRMED
1933-03-14,CLOSED,Banking Holiday (National Banking Holiday),banking_holiday_1933,module:us_historical_closures,,,CONFIRMED
1933-04-14,CLOSED,Good Friday,good_friday,module:good_friday,,,CONFIRMED
1933-05-30,CLOSED,Decoration Day,decoration_day,module:decoration_day,,,CONFIRMED
1933-06-14,CLOSED,Flag Day,flag_day,module:flag_day,,,CONFIRMED
1933-07-04,CLOSED,Independence Day,independence_day_pre1959,module:independence_day,,,CONFIRMED
1933-07-26,EARLY_CLOSE,Early Close (Volume activity (also opened late)),nyse_early_close_oneoff_1400,module:us_nyse_historical_early_closes,,14:00,CONFIRMED
1933-07-27,EARLY_CLOSE,Early Close (Volume activity (also opened late)),nyse_early_close_oneoff_1400,module:us_nyse_historical_early_closes,,14:00,CONFIRMED
1933-07-28,EARLY_CLOSE,Early Close (Volume activity (also opened late)),nyse_early_close_oneoff_1400,module:us_nyse_historical_early_closes,,14:00,CONFIRMED
1933-08-04,EARLY_CLOSE,Early Close (Gas fumes on trading floor (closed shortly after 12:30 pm)),nyse_early_close_oneoff_1230,module:us_nyse_historical_early_closes,,12:30,CONFIRMED
1933-09-04,CLOSED,Labor Day,labor_day,module:labor_day,,,CONFIRMED
1933-09-13,EARLY_CLOSE,Early Close (NRA demonstration),nyse_early_close_oneoff_1200,module:us_nyse_historical_early_closes,,12:00,CONFIRMED
1933-10-12,CLOSED,Columbus Day,columbus_day,module:columbus_day,,,CONFIRMED
1933-11-07,CLOSED,Election Day,election_day_closures,module:us_historical_closures,,,CONFIRMED
1933-11-30,CLOSED,Thanksgiving Day,thanksgiving_pre1940,module:thanksgiving,,,CONFIRMED
1933-12-25,CLOSED,Christmas Day,christmas_pre1959,module:christmas,,,CONFIRMED
1934-01-01,CLOSED,New Year's Day,new_years_day,module:new_years_day,,,CONFIRMED
1934-02-12,CLOSED,Lincoln's Birthday,lincolns_birthday,module:lincolns_birthday,,,CONFIRMED
1934-02-22,CLOSED,Washington's Birthday,washingtons_birthday,module:washingtons_birthday,,,CONFIRMED
1934-03-30,CLOSED,Good Friday,good_friday,module:good_friday,,,CONFIRMED
1934-05-30,CLOSED,Decoration Day,decoration_day,module:decoration_day,,,CONFIRMED
1934-06-14,CLOSED,Flag Day,flag_day,module:flag_day,,,CONFIRMED
1934-07-04,CLOSED,Independence Day,independence_day_pre1959,module:independence_day,,,CONFIRMED
1934-09-03,CLOSED,Labor Day,labor_day,module:labor_day,,,CONFIRMED
1934-10-12,CLOSED,Columbus Day,columbus_day,module:columbus_day,,,CONFIRMED
1934-11-06,CLOSED,Election Day,election_day_closures,module:us_historical_closures,,,CONFIRMED
1934-11-12,CLOSED,Armistice Day,armistice_veterans_day,module:armistice_veterans_day,1934-11-11,,CONFIRMED
1934-11-29,CLOSED,Thanksgiving Day,thanksgiving_pre1940,module:thanksgiving,,,CONFIRMED
1934-12-25,CLOSED,Christmas Day,christmas_pre1959,module:christmas,,,CONFIRMED
1935-01-01,CLOSED,New Year's Day,new_years_day,module:new_years_day,,,CONFIRMED
1935-02-12,CLOSED,Lincoln's Birthday,lincolns_birthday,module:lincolns_birthday,,,CONFIRMED
1935-02-22,CLOSED,Washington's Birthday,washingtons_birthday,module:washingtons_birthday,,,CONFIRMED
1935-04-19,CLOSED,Good Friday,good_friday,module:good_friday,,,CONFIRMED
1935-05-30,CLOSED,Decoration Day,decoration_day,module:decoration_day,,,CONFIRMED
1935-06-14,CLOSED,Flag Day,flag_day,module:flag_day,,,CONFIRMED
1935-07-04,CLOSED,Independence Day,independence_day_pre1959,module:independence_day,,,CONFIRMED
1935-09-02,CLOSED,Labor Day,labor_day,module:labor_day,,,CONFIRMED
1935-10-11,CLOSED,Columbus Day (observed),special_columbus_day_observed,module:us_nyse_special_closings_pre1960,,,CONFIRMED
1935-10-12,CLOSED,Columbus Day,columbus_day,module:columbus_day,,,CONFIRMED
1935-11-05,CLOSED,Election Day,election_day_closures,module:us_historical_closures,,,CONFIRMED
1935-11-11,CLOSED,Armistice Day,armistice_veterans_day,module:armistice_veterans_day,,,CONFIRMED
1935-11-28,CLOSED,Thanksgiving Day,thanksgiving_pre1940,module:thanksgiving,,,CONFIRMED
1935-12-25,CLOSED,Christmas Day,christmas_pre1959,module:christmas,,,CONFIRMED
1936-01-01,CLOSED,New Year's Day,new_years_day,module:new_years_day,,,CONFIRMED
1936-02-12,CLOSED,Lincoln's Birthday,lincolns_birthday,module:lincolns_birthday,,,CONFIRMED
1936-02-21,CLOSED,Washington's Birthday (observed),special_washingtons_birthday_observed,module:us_nyse_special_closings_pre1960,,,CONFIRMED
1936-02-22,CLOSED,Washington's Birthday,washingtons_birthday,module:washingtons_birthday,,,CONFIRMED
1936-04-10,CLOSED,Good Friday,good_friday,module:good_friday,,,CONFIRMED
1936-05-29,CLOSED,Memorial Day (observed),special_memorial_day_observed,module:us_nyse_special_closings_pre1960,,,CONFIRMED
1936-05-30,CLOSED,Decoration Day,decoration_day,module:decoration_day,,,CONFIRMED
1936-06-15,CLOSED,Flag Day,flag_day,module:flag_day,1936-06-14,,CONFIRMED
1936-07-03,CLOSED,Independence Day (observed),special_independence_day_observed,module:us_nyse_special_closings_pre1960,,,CONFIRMED
1936-07-04,CLOSED,Independence Day,independence_day_pre1959,module:independence_day,,,CONFIRMED
1936-09-07,CLOSED,Labor Day,labor_day,module:labor_day,,,CONFIRMED
1936-10-12,CLOSED,Columbus Day,columbus_day,module:columbus_day,,,CONFIRMED
1936-11-03,CLOSED,Election Day,election_day_closures,module:us_historical_closures,,,CONFIRMED
1936-11-11,CLOSED,Armistice Day,armistice_veterans_day,module:armistice_veterans_day,,,CONFIRMED
1936-11-26,CLOSED,Thanksgiving Day,thanksgiving_pre1940,module:thanksgiving,,,CONFIRMED
1936-12-25,CLOSED,Christmas Day,christmas_pre1959,module:christmas,,,CONFIRMED
1936-12-26,CLOSED,Saturday After Christmas,special_saturday_after_christmas,module:us_nyse_special_closings_pre1960,,,CONFIRMED
1937-01-01,CLOSED,New Year's Day,new_years_day,module:new_years_day,,,CONFIRMED
1937-02-12,CLOSED,Lincoln's Birthday,lincolns_birthday,module:lincolns_birthday,,,CONFIRMED
1937-02-22,CLOSED,Washington's Birthday,washingtons_birthday,module:washingtons_birthday,,,CONFIRMED
1937-03-26,CLOSED,Good Friday,good_friday,module:good_friday,,,CONFIRMED
1937-05-29,CLOSED,Saturday Before Decoration Day,special_saturday_before_decoration_day,module:us_nyse_special_closings_pre1960,,,CONFIRMED
1937-05-31,CLOSED,Decoration Day,decoration_day,module:decoration_day,1937-05-30,,CONFIRMED
1937-06-14,CLOSED,Flag Day,flag_day,module:flag_day,,,CONFIRMED
1937-07-03,CLOSED,Saturday Before Independence Day,special_saturday_before_independence_day,module:us_nyse_special_closings_pre1960,,,CONFIRMED
1937-07-05,CLOSED,Independence Day,independence_day_pre1959,module:independence_day,1937-07-04,,CONFIRMED
1937-09-06,CLOSED,Labor Day,labor_day,module:labor_day,,,CONFIRMED
1937-10-12,CLOSED,Columbus Day,columbus_day,module:columbus_day,,,CONFIRMED
1937-11-02,CLOSED,Election Day,election_day_closures,module:us_historical_closures,,,CONFIRMED
1937-11-11,CLOSED,Armistice Day,armistice_veterans_day,module:armistice_veterans_day,,,CONFIRMED
1937-11-25,CLOSED,Thanksgiving Day,thanksgiving_pre1940,module:thanksgiving,,,CONFIRMED
1937-12-24,CLOSED,Christmas (observed),special_christmas_observed,module:us_nyse_special_closings_pre1960,,,CONFIRMED
1937-12-25,CLOSED,Christmas Day,christmas_pre1959,module:christmas,,,CONFIRMED
1937-12-31,CLOSED,New Years Day (observed),special_new_years_day_observed,module:us_nyse_special_closings_pre1960,,,CONFIRMED
1938-01-01,CLOSED,New Year's Day,new_years_day,module:new_years_day,,,CONFIRMED
1938-02-11,CLOSED,Lincoln's Birthday (observed),special_lincolns_birthday_observed,module:us_nyse_special_closings_pre1960,,,CONFIRMED
1938-02-12,CLOSED,Lincoln's Birthday,lincolns_birthday,module:lincolns_birthday,,,CONFIRMED
1938-02-22,CLOSED,Washington's Birthday,washingtons_birthday,module:washingtons_birthday,,,CONFIRMED
1938-04-15,CLOSED,Good Friday,good_friday,module:good_friday,,,CONFIRMED
1938-05-30,CLOSED,Decoration Day,decoration_day,module:decoration_day,,,CONFIRMED
1938-06-14,CLOSED,Flag Day,flag_day,module:flag_day,,,CONFIRMED
1938-07-04,CLOSED,Independence Day,independence_day_pre1959,module:independence_day,,,CONFIRMED
1938-09-05,CLOSED,Labor Day,labor_day,module:labor_day,,,CONFIRMED
1938-10-12,CLOSED,Columbus Day,columbus_day,module:columbus_day,,,CONFIRMED
1938-11-08,CLOSED,Election Day,election_day_closures,module:us_historical_closures,,,CONFIRMED
1938-11-11,CLOSED,Armistice Day,armistice_veterans_day,module:armistice_veterans_day,,,CONFIRMED
1938-11-24,CLOSED,Thanksgiving Day,thanksgiving_pre1940,module:thanksgiving,,,CONFIRMED
1938-12-26,CLOSED,Christmas Day,christmas_pre1959,module:christmas,1938-12-25,,CONFIRMED
1939-01-02,CLOSED,New Year's Day,new_years_day,module:new_years_day,1939-01-01,,CONFIRMED
1939-02-13,CLOSED,Lincoln's Birthday,lincolns_birthday,module:lincolns_birthday,1939-02-12,,CONFIRMED
1939-02-22,CLOSED,Washington's Birthday,washingtons_birthday,module:washingtons_birthday,,,CONFIRMED
1939-04-07,CLOSED,Good Friday,good_friday,module:good_friday,,,CONFIRMED
1939-05-30,CLOSED,Decoration Day,decoration_day,module:decoration_day,,,CONFIRMED
1939-06-14,CLOSED,Flag Day,flag_day,module:flag_day,,,CONFIRMED
1939-07-04,CLOSED,Independence Day,independence_day_pre1959,module:independence_day,,,CONFIRMED
1939-09-04,CLOSED,Labor Day,labor_day,module:labor_day,,,CONFIRMED
1939-10-12,CLOSED,Columbus Day,columbus_day,module:columbus_day,,,CONFIRMED
1939-11-07,CLOSED,Election Day,election_day_closures,module:us_historical_closures,,,CONFIRMED
1939-11-10,CLOSED,Veterans Day (observed),special_veterans_day_observed,module:us_nyse_special_closings_pre1960,,,CONFIRMED
1939-11-11,CLOSED,Armistice Day,armistice_veterans_day,module:armistice_veterans_day,,,CONFIRMED
1939-11-30,CLOSED,Thanksgiving Day,thanksgiving_pre1940,module:thanksgiving,,,CONFIRMED
1939-12-25,CLOSED,Christmas Day,christmas_pre1959,module:christmas,,,CONFIRMED
1940-01-01,CLOSED,New Year's Day,new_years_day,module:new_years_day,,,CONFIRMED
1940-02-12,CLOSED,Lincoln's Birthday,lincolns_birthday,module:lincolns_birthday,,,CONFIRMED
1940-02-22,CLOSED,Washington's Birthday,washingtons_birthday,module:washingtons_birthday,,,CONFIRMED
1940-03-22,CLOSED,Good Friday,good_friday,module:good_friday,,,CONFIRMED
1940-05-30,CLOSED,Decoration Day,decoration_day,module:decoration_day,,,CONFIRMED
1940-06-14,CLOSED,Flag Day,flag_day,module:flag_day,,,CONFIRMED
1940-07-04,CLOSED,Independence Day,independence_day_pre1959,module:independence_day,,,CONFIRMED
1940-09-02,CLOSED,Labor Day,labor_day,module:labor_day,,,CONFIRMED
1940-10-11,CLOSED,Columbus Day (observed),special_columbus_day_observed,module:us_nyse_special_closings_pre1960,,,CONFIRMED
1940-10-12,CLOSED,Columbus Day,columbus_day,module:columbus_day,,,CONFIRMED
1940-11-05,CLOSED,Election Day,election_day_closures,module:us_historical_closures,,,CONFIRMED
1940-11-11,CLOSED,Armistice Day,armistice_veterans_day,module:armistice_veterans_day,,,CONFIRMED
1940-11-28,CLOSED,Thanksgiving Day,thanksgiving,module:thanksgiving,,,CONFIRMED
1940-12-25,CLOSED,Christmas Day,christmas_pre1959,module:christmas,,,CONFIRMED
1941-01-01,CLOSED,New Year's Day,new_years_day,module:new_years_day,,,CONFIRMED
1941-02-12,CLOSED,Lincoln's Birthday,lincolns_birthday,module:lincolns_birthday,,,CONFIRMED
1941-02-21,CLOSED,Washington's Birthday (observed),special_washingtons_birthday_observed,module:us_nyse_special_closings_pre1960,,,CONFIRMED
1941-02-22,CLOSED,Washington's Birthday,washingtons_birthday,module:washingtons_birthday,,,CONFIRMED
1941-04-11,CLOSED,Good Friday,good_friday,module:good_friday,,,CONFIRMED
1941-05-30,CLOSED,Decoration Day,decoration_day,module:decoration_day,,,CONFIRMED
1941-06-13,CLOSED,Flag Day (observed),special_flag_day_observed,module:us_nyse_special_closings_pre1960,,,CONFIRMED
1941-06-14,CLOSED,Flag Day,flag_day,module:flag_day,,,CONFIRMED
1941-07-04,CLOSED,Independence Day,independence_day_pre1959,module:independence_day,,,CONFIRMED
1941-09-01,CLOSED,Labor Day,labor_day,module:labor_day,,,CONFIRMED
1941-10-13,CLOSED,Columbus Day,columbus_day,module:columbus_day,1941-10-12,,CONFIRMED
1941-11-04,CLOSED,Election Day,election_day_closures,module:us_historical_closures,,,CONFIRMED
1941-11-11,CLOSED,Armistice Day,armistice_veterans_day,module:armistice_veterans_day,,,CONFIRMED
1941-11-27,CLOSED,Thanksgiving Day,thanksgiving,module:thanksgiving,,,CONFIRMED
1941-12-25,CLOSED,Christmas Day,christmas_pre1959,module:christmas,,,CONFIRMED
1942-01-01,CLOSED,New Year's Day,new_years_day,module:new_years_day,,,CONFIRMED
1942-02-12,CLOSED,Lincoln's Birthday,lincolns_birthday,module:lincolns_birthday,,,CONFIRMED
1942-02-23,CLOSED,Washington's Birthday,washingtons_birthday,module:washingtons_birthday,1942-02-22,,CONFIRMED
1942-04-03,CLOSED,Good Friday,good_friday,module:good_friday,,,CONFIRMED
1942-05-29,CLOSED,Memorial Day (observed),special_memorial_day_observed,module:us_nyse_special_closings_pre1960,,,CONFIRMED
1942-05-30,CLOSED,Decoration Day,decoration_day,module:decoration_day,,,CONFIRMED
1942-06-15,CLOSED,Flag Day,flag_day,module:flag_day,1942-06-14,,CONFIRMED
1942-07-03,CLOSED,Independence Day (observed),special_independence_day_observed,module:us_nyse_special_closings_pre1960,,,CONFIRMED
1942-07-04,CLOSED,Independence Day,independence_day_pre1959,module:independence_day,,,CONFIRMED
1942-09-07,CLOSED,Labor Day,labor_day,module:labor_day,,,CONFIRMED
1942-10-12,CLOSED,Columbus Day,columbus_day,module:columbus_day,,,CONFIRMED
1942-11-03,CLOSED,Election Day,election_day_closures,module:us_historical_closures,,,CONFIRMED
1942-11-11,CLOSED,Armistice Day,armistice_veterans_day,module:armistice_veterans_day,,,CONFIRMED
1942-11-26,CLOSED,Thanksgiving Day,thanksgiving,module:thanksgiving,,,CONFIRMED
1942-12-25,CLOSED,Christmas Day,christmas_pre1959,module:christmas,,,CONFIRMED
1943-01-01,CLOSED,New Year's Day,new_years_day,module:new_years_day,,,CONFIRMED
1943-02-12,CLOSED,Lincoln's Birthday,lincolns_birthday,module:lincolns_birthday,,,CONFIRMED
1943-02-22,CLOSED,Washington's Birthday,washingtons_birthday,module:washingtons_birthday,,,CONFIRMED
1943-04-23,CLOSED,Good Friday,good_friday,module:good_friday,,,CONFIRMED
1943-05-31,CLOSED,Decoration Day,decoration_day,module:decoration_day,1943-05-30,,CONFIRMED
1943-06-14,CLOSED,Flag Day,flag_day,module:flag_day,,,CONFIRMED
1943-07-05,CLOSED,Independence Day,independence_day_pre1959,module:independence_day,1943-07-04,,CONFIRMED
1943-09-06,CLOSED,Labor Day,labor_day,module:labor_day,,,CONFIRMED
1943-10-12,CLOSED,Columbus Day,columbus_day,module:columbus_day,,,CONFIRMED
1943-11-02,CLOSED,Election Day,election_day_closures,module:us_historical_closures,,,CONFIRMED
1943-11-11,CLOSED,Armistice Day,armistice_veterans_day,module:armistice_veterans_day,,,CONFIRMED
1943-11-25,CLOSED,Thanksgiving Day,thanksgiving,module:thanksgiving,,,CONFIRMED
1943-12-24,CLOSED,Christmas (observed),special_christmas_observed,module:us_nyse_special_closings_pre1960,,,CONFIRMED
1943-12-25,CLOSED,Christmas Day,christmas_pre1959,module:christmas,,,CONFIRMED
1943-12-31,CLOSED,New Years Day (observed),special_new_years_day_observed,module:us_nyse_special_closings_pre1960,,,CONFIRMED
1944-01-01,CLOSED,New Year's Day,new_years_day,module:new_years_day,,,CONFIRMED
1944-02-11,CLOSED,Lincoln's Birthday (observed),special_lincolns_birthday_observed,module:us_nyse_special_closings_pre1960,,,CONFIRMED
1944-02-12,CLOSED,Lincoln's Birthday,lincolns_birthday,module:lincolns_birthday,,,CONFIRMED
1944-02-22,CLOSED,Washington's Birthday,washingtons_birthday,module:washingtons_birthday,,,CONFIRMED
1944-04-07,CLOSED,Good Friday,good_friday,module:good_friday,,,CONFIRMED
1944-05-30,CLOSED,Decoration Day,decoration_day,module:decoration_day,,,CONFIRMED
1944-06-14,CLOSED,Flag Day,flag_day,module:flag_day,,,CONFIRMED
1944-07-04,CLOSED,Independence Day,independence_day_pre1959,module:independence_day,,,CONFIRMED
1944-09-04,CLOSED,Labor Day,labor_day,module:labor_day,,,CONFIRMED
1944-10-12,CLOSED,Columbus Day,columbus_day,module:columbus_day,,,CONFIRMED
1944-11-07,CLOSED,Election Day,election_day_closures,module:us_historical_closures,,,CONFIRMED
1944-11-10,CLOSED,Veterans Day (observed),special_veterans_day_observed,module:us_nyse_special_closings_pre1960,,,CONFIRMED
1944-11-11,CLOSED,Armistice Day,armistice_veterans_day,module:armistice_veterans_day,,,CONFIRMED
1944-11-23,CLOSED,Thanksgiving Day,thanksgiving,module:thanksgiving,,,CONFIRMED
1944-12-25,CLOSED,Christmas Day,christmas_pre1959,module:christmas,,,CONFIRMED
1945-01-01,CLOSED,New Year's Day,new_years_day,module:new_years_day,,,CONFIRMED
1945-02-12,CLOSED,Lincoln's Birthday,lincolns_birthday,module:lincolns_birthday,,,CONFIRMED
1945-02-22,CLOSED,Washington's Birthday,washingtons_birthday,module:washingtons_birthday,,,CONFIRMED
1945-03-30,CLOSED,Good Friday,good_friday,module:good_friday,,,CONFIRMED
1945-04-14,CLOSED,Presidential Funeral (Franklin D. Roosevelt),presidential_funerals,module:us_historical_closures,,,CONFIRMED
1945-05-30,CLOSED,Decoration Day,decoration_day,module:decoration_day,,,CONFIRMED
1945-06-14,CLOSED,Flag Day,flag_day,module:flag_day,,,CONFIRMED
1945-07-04,CLOSED,Independence Day,independence_day_pre1959,module:independence_day,,,CONFIRMED
1945-08-15,CLOSED,Victory Over Japan Day,vj_day,module:us_historical_closures,,,CONFIRMED
1945-08-16,CLOSED,Victory Over Japan Day,vj_day,module:us_historical_closures,,,CONFIRMED
1945-09-03,CLOSED,Labor Day,labor_day,module:labor_day,,,CONFIRMED
1945-10-12,CLOSED,Columbus Day,columbus_day,module:columbus_day,,,CONFIRMED
1945-10-13,CLOSED,Saturday After Columbus Day,special_saturday_after_columbus_day,module:us_nyse_special_closings_pre1960,,,CONFIRMED
1945-10-27,CLOSED,Special Event (Navy Day),special_events,module:us_historical_closures,,,CONFIRMED
1945-11-06,CLOSED,Election Day,election_day_closures,module:us_historical_closures,,,CONFIRMED
1945-11-12,CLOSED,Armistice Day,armistice_veterans_day,module:armistice_veterans_day,1945-11-11,,CONFIRMED
1945-11-22,CLOSED,Thanksgiving Day,thanksgiving,module:thanksgiving,,,CONFIRMED
1945-12-24,CLOSED,Christmas Eve,special_christmas_eve,module:us_nyse_special_closings_pre1960,,,CONFIRMED
1945-12-25,CLOSED,Christmas Day,christmas_pre1959,module:christmas,,,CONFIRMED
1946-01-01,CLOSED,New Year's Day,new_years_day,module:new_years_day,,,CONFIRMED
1946-02-12,CLOSED,Lincoln's Birthday,lincolns_birthday,module:lincolns_birthday,,,CONFIRMED
1946-02-22,CLOSED,Washington's Birthday,washingtons_birthday,module:washingtons_birthday,,,CONFIRMED
1946-02-23,CLOSED,Saturday After Washington's Birthday,special_saturday_after_washingtons_birthday,module:us_nyse_special_closings_pre1960,,,CONFIRMED
1946-04-19,CLOSED,Good Friday,good_friday,module:good_friday,,,CONFIRMED
1946-05-25,CLOSED,Special Event (Railroad Strike),special_events,module:us_historical_closures,,,CONFIRMED
1946-05-30,CLOSED,Decoration Day,decoration_day,module:decoration_day,,,CONFIRMED
1946-06-14,CLOSED,Flag Day,flag_day,module:flag_day,,,CONFIRMED
1946-07-04,CLOSED,Independence Day,independence_day_pre1959,module:independence_day,,,CONFIRMED
1946-09-02,CLOSED,Labor Day,labor_day,module:labor_day,,,CONFIRMED
1946-10-11,CLOSED,Columbus Day (observed),special_columbus_day_observed,module:us_nyse_special_closings_pre1960,,,CONFIRMED
1946-10-12,CLOSED,Columbus Day,columbus_day,module:columbus_day,,,CONFIRMED
1946-11-05,CLOSED,Election Day,election_day_closures,module:us_historical_closures,,,CONFIRMED
1946-11-11,CLOSED,Armistice Day,armistice_veterans_day,module:armistice_veterans_day,,,CONFIRMED
1946-11-28,CLOSED,Thanksgiving Day,thanksgiving,module:thanksgiving,,,CONFIRMED
1946-12-25,CLOSED,Christmas Day,christmas_pre1959,module:christmas,,,CONFIRMED
1947-01-01,CLOSED,New Year's Day,new_years_day,module:new_years_day,,,CONFIRMED
1947-02-12,CLOSED,Lincoln's Birthday,lincolns_birthday,module:lincolns_birthday,,,CONFIRMED
1947-02-21,CLOSED,Washington's Birthday (observed),special_washingtons_birthday_observed,module:us_nyse_special_closings_pre1960,,,CONFIRMED
1947-02-22,CLOSED,Washington's Birthday,washingtons_birthday,module:washingtons_birthday,,,CONFIRMED
1947-04-04,CLOSED,Good Friday,good_friday,module:good_friday,,,CONFIRMED
1947-05-30,CLOSED,Decoration Day,decoration_day,module:decoration_day,,,CONFIRMED
1947-07-04,CLOSED,Independence Day,independence_day_pre1959,module:independence_day,,,CONFIRMED
1947-09-01,CLOSED,Labor Day,labor_day,module:labor_day,,,CONFIRMED
1947-10-13,CLOSED,Columbus Day,columbus_day,module:columbus_day,1947-10-12,,CONFIRMED
1947-11-04,CLOSED,Election Day,election_day_closures,module:us_historical_closures,,,CONFIRMED
1947-11-11,CLOSED,Armistice Day,armistice_veterans_day,module:armistice_veterans_day,,,CONFIRMED
1947-11-27,CLOSED,Thanksgiving Day,thanksgiving,module:thanksgiving,,,CONFIRMED
1947-12-25,CLOSED,Christmas Day,christmas_pre1959,module:christmas,,,CONFIRMED
1948-01-01,CLOSED,New Year's Day,new_years_day,module:new_years_day,,,CONFIRMED
1948-01-03,CLOSED,Weather Event (Heavy Snow),weather_closures,module:us_historical_closures,,,CONFIRMED
1948-02-12,CLOSED,Lincoln's Birthday,lincolns_birthday,module:lincolns_birthday,,,CONFIRMED
1948-02-23,CLOSED,Washington's Birthday,washingtons_birthday,module:washingtons_birthday,1948-02-22,,CONFIRMED
1948-03-26,CLOSED,Good Friday,good_friday,module:good_friday,,,CONFIRMED
1948-05-31,CLOSED,Decoration Day,decoration_day,module:decoration_day,1948-05-30,,CONFIRMED
1948-06-14,CLOSED,Flag Day,flag_day,module:flag_day,,,CONFIRMED
1948-07-05,CLOSED,Independence Day,independence_day_pre1959,module:independence_day,1948-07-04,,CONFIRMED
1948-09-06,CLOSED,Labor Day,labor_day,module:labor_day,,,CONFIRMED
1948-10-12,CLOSED,Columbus Day,columbus_day,module:columbus_day,,,CONFIRMED
1948-11-02,CLOSED,Election Day,election_day_closures,module:us_historical_closures,,,CONFIRMED
1948-11-11,CLOSED,Armistice Day,armistice_veterans_day,module:armistice_veterans_day,,,CONFIRMED
1948-11-25,CLOSED,Thanksgiving Day,thanksgiving,module:thanksgiving,,,CONFIRMED
1948-12-24,CLOSED,Christmas (observed),special_christmas_observed,module:us_nyse_special_closings_pre1960,,,CONFIRMED
1948-12-25,CLOSED,Christmas Day,christmas_pre1959,module:christmas,,,CONFIRMED
1948-12-31,CLOSED,New Years Day (observed),special_new_years_day_observed,module:us_nyse_special_closings_pre1960,,,CONFIRMED
1949-01-01,CLOSED,New Year's Day,new_years_day,module:new_years_day,,,CONFIRMED
1949-02-11,CLOSED,Lincoln's Birthday (observed),special_lincolns_birthday_observed,module:us_nyse_special_closings_pre1960,,,CONFIRMED
1949-02-12,CLOSED,Lincoln's Birthday,lincolns_birthday,module:lincolns_birthday,,,CONFIRMED
1949-02-22,CLOSED,Washington's Birthday,washingtons_birthday,module:washingtons_birthday,,,CONFIRMED
1949-04-15,CLOSED,Good Friday,good_friday,module:good_friday,,,CONFIRMED
1949-05-30,CLOSED,Decoration Day,decoration_day,module:decoration_day,,,CONFIRMED
1949-06-14,CLOSED,Flag Day,flag_day,module:flag_day,,,CONFIRMED
1949-07-04,CLOSED,Independence Day,independence_day_pre1959,module:independence_day,,,CONFIRMED
1949-09-05,CLOSED,Labor Day,labor_day,module:labor_day,,,CONFIRMED
1949-10-12,CLOSED,Columbus Day,columbus_day,module:columbus_day,,,CONFIRMED
1949-11-08,CLOSED,Election Day,election_day_closures,module:us_historical_closures,,,CONFIRMED
1949-11-11,CLOSED,Armistice Day,armistice_veterans_day,module:armistice_veterans_day,,,CONFIRMED
1949-11-24,CLOSED,Thanksgiving Day,thanksgiving,module:thanksgiving,,,CONFIRMED
1949-12-24,CLOSED,Christmas Eve,special_christmas_eve,module:us_nyse_special_closings_pre1960,,,CONFIRMED
1949-12-26,CLOSED,Christmas Day,christmas_pre1959,module:christmas,1949-12-25,,CONFIRMED
1950-01-02,CLOSED,New Year's Day,new_years_day,module:new_years_day,1950-01-01,,CONFIRMED
1950-02-13,CLOSED,Lincoln's Birthday,lincolns_birthday,module:lincolns_birthday,1950-02-12,,CONFIRMED
1950-02-22,CLOSED,Washington's Birthday,washingtons_birthday,module:washingtons_birthday,,,CONFIRMED
1950-04-07,CLOSED,Good Friday,good_friday,module:good_friday,,,CONFIRMED
1950-05-30,CLOSED,Decoration Day,decoration_day,module:decoration_day,,,CONFIRMED
1950-06-14,CLOSED,Flag Day,flag_day,module:flag_day,,,CONFIRMED
1950-07-04,CLOSED,Independence Day,independence_day_pre1959,module:independence_day,,,CONFIRMED
1950-09-04,CLOSED,Labor Day,labor_day,module:labor_day,,,CONFIRMED
1950-10-12,CLOSED,Columbus Day,columbus_day,module:columbus_day,,,CONFIRMED
1950-11-07,CLOSED,Election Day,election_day_closures,module:us_historical_closures,,,CONFIRMED
1950-11-10,CLOSED,Veterans Day (observed),special_veterans_day_observed,module:us_nyse_special_closings_pre1960,,,CONFIRMED
1950-11-11,CLOSED,Armistice Day,armistice_veterans_day,module:armistice_veterans_day,,,CONFIRMED
1950-11-23,CLOSED,Thanksgiving Day,thanksgiving,module:thanksgiving,,,CONFIRMED
1950-12-23,CLOSED,Saturday Before Christmas Eve,special_saturday_before_christmas_eve,module:us_nyse_special_closings_pre1960,,,CONFIRMED
1950-12-25,CLOSED,Christmas Day,christmas_pre1959,module:christmas,,,CONFIRMED
1951-01-01,CLOSED,New Year's Day,new_years_day,module:new_years_day,,,CONFIRMED
1951-02-12,CLOSED,Lincoln's Birthday,lincolns_birthday,module:lincolns_birthday,,,CONFIRMED
1951-02-22,CLOSED,Washington's Birthday,washingtons_birthday,module:washingtons_birthday,,,CONFIRMED
1951-03-23,CLOSED,Good Friday,good_friday,module:good_friday,,,CONFIRMED
1951-05-30,CLOSED,Decoration Day,decoration_day,module:decoration_day,,,CONFIRMED
1951-06-14,CLOSED,Flag Day,flag_day,module:flag_day,,,CONFIRMED
1951-07-04,CLOSED,Independence Day,independence_day_pre1959,module:independence_day,,,CONFIRMED
1951-09-03,CLOSED,Labor Day,labor_day,module:labor_day,,,CONFIRMED
1951-10-12,CLOSED,Columbus Day,columbus_day,module:columbus_day,,,CONFIRMED
1951-11-06,CLOSED,Election Day,election_day_closures,module:us_historical_closures,,,CONFIRMED
1951-11-12,CLOSED,Armistice Day,armistice_veterans_day,module:armistice_veterans_day,1951-11-11,,CONFIRMED
1951-11-22,CLOSED,Thanksgiving Day,thanksgiving,module:thanksgiving,,,CONFIRMED
1951-12-24,EARLY_CLOSE,Early Close (Christmas Eve),nyse_early_close_oneoff_1300,module:us_nyse_historical_early_closes,,13:00,CONFIRMED
1951-12-25,CLOSED,Christmas Day,christmas_pre1959,module:christmas,,,CONFIRMED
1952-01-01,CLOSED,New Year's Day,new_years_day,module:new_years_day,,,CONFIRMED
1952-02-12,CLOSED,Lincoln's Birthday,lincolns_birthday,module:lincolns_birthday,,,CONFIRMED
1952-02-22,CLOSED,Washington's Birthday,washingtons_birthday,module:washingtons_birthday,,,CONFIRMED
1952-04-11,CLOSED,Good Friday,good_friday,module:good_friday,,,CONFIRMED
1952-05-30,CLOSED,Decoration Day,decoration_day,module:decoration_day,,,CONFIRMED
1952-07-04,CLOSED,Independence Day,independence_day_pre1959,module:independence_day,,,CONFIRMED
1952-09-01,CLOSED,Labor Day,labor_day,module:labor_day,,,CONFIRMED
1952-10-13,CLOSED,Columbus Day,columbus_day,module:columbus_day,1952-10-12,,CONFIRMED
1952-11-04,CLOSED,Election Day,election_day_closures,module:us_historical_closures,,,CONFIRMED
1952-11-11,CLOSED,Armistice Day,armistice_veterans_day,module:armistice_veterans_day,,,CONFIRMED
1952-11-27,CLOSED,Thanksgiving Day,thanksgiving,module:thanksgiving,,,CONFIRMED
1952-12-25,CLOSED,Christmas Day,christmas_pre1959,module:christmas,,,CONFIRMED
1953-01-01,CLOSED,New Year's Day,new_years_day,module:new_years_day,,,CONFIRMED
1953-02-12,CLOSED,Lincoln's Birthday,lincolns_birthday,module:lincolns_birthday,,,CONFIRMED
1953-02-23,CLOSED,Washington's Birthday,washingtons_birthday,module:washingtons_birthday,1953-02-22,,CONFIRMED
1953-04-03,CLOSED,Good Friday,good_friday,module:good_friday,,,CONFIRMED
1953-06-15,CLOSED,Flag Day,flag_day,module:flag_day,1953-06-14,,CONFIRMED
1953-09-07,CLOSED,Labor Day,labor_day,module:labor_day,,,CONFIRMED
1953-10-12,CLOSED,Columbus Day,columbus_day,module:columbus_day,,,CONFIRMED
1953-11-03,CLOSED,Election Day,election_day_closures,module:us_historical_closures,,,CONFIRMED
1953-11-11,CLOSED,Armistice Day,armistice_veterans_day,module:armistice_veterans_day,,,CONFIRMED
1953-11-26,CLOSED,Thanksgiving Day,thanksgiving,module:thanksgiving,,,CONFIRMED
1953-12-25,CLOSED,Christmas Day,christmas_pre1959,module:christmas,,,CONFIRMED
1954-01-01,CLOSED,New Year's Day,new_years_day,module:new_years_day,,,CONFIRMED
1954-02-22,CLOSED,Washington's Birthday,washingtons_birthday,module:washingtons_birthday,,,CONFIRMED
1954-04-16,CLOSED,Good Friday,good_friday,module:good_friday,,,CONFIRMED
1954-05-31,CLOSED,Decoration Day,decoration_day,module:decoration_day,1954-05-30,,CONFIRMED
1954-07-05,CLOSED,Independence Day,independence_day_pre1959,module:independence_day,1954-07-04,,CONFIRMED
1954-09-06,CLOSED,Labor Day,labor_day,module:labor_day,,,CONFIRMED
1954-11-02,CLOSED,Election Day,election_day_closures,module:us_historical_closures,,,CONFIRMED
1954-11-25,CLOSED,Thanksgiving Day,thanksgiving,module:thanksgiving,,,CONFIRMED
1955-02-22,CLOSED,Washington's Birthday,washingtons_birthday,module:washingtons_birthday,,,CONFIRMED
1955-04-08,CLOSED,Good Friday,good_friday,module:good_friday,,,CONFIRMED
1955-05-30,CLOSED,Decoration Day,decoration_day,module:decoration_day,,,CONFIRMED
1955-07-04,CLOSED,Independence Day,independence_day_pre1959,module:independence_day,,,CONFIRMED
1955-09-05,CLOSED,Labor Day,labor_day,module:labor_day,,,CONFIRMED
1955-11-08,CLOSED,Election Day,election_day_closures,module:us_historical_closures,,,CONFIRMED
1955-11-24,CLOSED,Thanksgiving Day,thanksgiving,module:thanksgiving,,,CONFIRMED
1955-12-26,CLOSED,Christmas Day,christmas_pre1959,module:christmas,1955-12-25,,CONFIRMED
1956-01-02,CLOSED,New Year's Day,new_years_day,module:new_years_day,1956-01-01,,CONFIRMED
1956-02-22,CLOSED,Washington's Birthday,washingtons_birthday,module:washingtons_birthday,,,CONFIRMED
1956-03-30,CLOSED,Good Friday,good_friday,module:good_friday,,,CONFIRMED
1956-05-30,CLOSED,Decoration Day,decoration_day,module:decoration_day,,,CONFIRMED
1956-07-04,CLOSED,Independence Day,independence_day_pre1959,module:independence_day,,,CONFIRMED
1956-09-03,CLOSED,Labor Day,labor_day,module:labor_day,,,CONFIRMED
1956-11-06,CLOSED,Election Day,election_day_closures,module:us_historical_closures,,,CONFIRMED
1956-11-22,CLOSED,Thanksgiving Day,thanksgiving,module:thanksgiving,,,CONFIRMED
1956-12-24,CLOSED,Christmas Eve,special_christmas_eve,module:us_nyse_special_closings_pre1960,,,CONFIRMED
1956-12-25,CLOSED,Christmas Day,christmas_pre1959,module:christmas,,,CONFIRMED
1957-01-01,CLOSED,New Year's Day,new_years_day,module:new_years_day,,,CONFIRMED
1957-02-22,CLOSED,Washington's Birthday,washingtons_birthday,module:washingtons_birthday,,,CONFIRMED
1957-04-19,CLOSED,Good Friday,good_friday,module:good_friday,,,CONFIRMED
1957-05-30,CLOSED,Decoration Day,decoration_day,module:decoration_day,,,CONFIRMED
1957-07-04,CLOSED,Independence Day,independence_day_pre1959,module:independence_day,,,CONFIRMED
1957-09-02,CLOSED,Labor Day,labor_day,module:labor_day,,,CONFIRMED
1957-11-05,CLOSED,Election Day,election_day_closures,module:us_historical_closures,,,CONFIRMED
1957-11-28,CLOSED,Thanksgiving Day,thanksgiving,module:thanksgiving,,,CONFIRMED
1957-12-25,CLOSED,Christmas Day,christmas_pre1959,module:christmas,,,CONFIRMED
1958-01-01,CLOSED,New Year's Day,new_years_day,module:new_years_day,,,CONFIRMED
1958-04-04,CLOSED,Good Friday,good_friday,module:good_friday,,,CONFIRMED
1958-05-30,CLOSED,Decoration Day,decoration_day,module:decoration_day,,,CONFIRMED
1958-07-04,CLOSED,Independence Day,independence_day_pre1959,module:independence_day,,,CONFIRMED
1958-09-01,CLOSED,Labor Day,labor_day,module:labor_day,,,CONFIRMED
1958-11-04,CLOSED,Election Day,election_day_closures,module:us_historical_closures,,,CONFIRMED
1958-11-27,CLOSED,Thanksgiving Day,thanksgiving,module:thanksgiving,,,CONFIRMED
1958-12-25,CLOSED,Christmas Day,christmas_pre1959,module:christmas,,,CONFIRMED
1958-12-26,CLOSED,Holiday Extension (Day After Christmas),holiday_extensions,module:us_historical_closures,,,CONFIRMED
1959-01-01,CLOSED,New Year's Day,new_years_day,module:new_years_day,,,CONFIRMED
1959-02-23,CLOSED,Washington's Birthday,washingtons_birthday,module:washingtons_birthday,1959-02-22,,CONFIRMED
1959-03-27,CLOSED,Good Friday,good_friday,module:good_friday,,,CONFIRMED
1959-07-03,CLOSED,Independence Day,independence_day,module:independence_day,1959-07-04,,CONFIRMED
1959-09-07,CLOSED,Labor Day,labor_day,module:labor_day,,,CONFIRMED
1959-11-03,CLOSED,Election Day,election_day_closures,module:us_historical_closures,,,CONFIRMED
1959-11-26,CLOSED,Thanksgiving Day,thanksgiving,module:thanksgiving,,,CONFIRMED
1959-12-25,CLOSED,Christmas Day,christmas,module:christmas,,,CONFIRMED
1960-01-01,CLOSED,New Year's Day,new_years_day,module:new_years_day,,,CONFIRMED
1960-02-22,CLOSED,Washington's Birthday,washingtons_birthday,module:washingtons_birthday,,,CONFIRMED
1960-04-15,CLOSED,Good Friday,good_friday,module:good_friday,,,CONFIRMED
1960-05-30,CLOSED,Decoration Day,decoration_day,module:decoration_day,,,CONFIRMED
1960-07-04,CLOSED,Independence Day,independence_day,module:independence_day,,,CONFIRMED
1960-09-05,CLOSED,Labor Day,labor_day,module:labor_day,,,CONFIRMED
1960-11-08,CLOSED,Election Day,election_day_closures,module:us_historical_closures,,,CONFIRMED
1960-11-24,CLOSED,Thanksgiving Day,thanksgiving,module:thanksgiving,,,CONFIRMED
1960-12-26,CLOSED,Christmas Day,christmas,module:christmas,1960-12-25,,CONFIRMED
1961-01-02,CLOSED,New Year's Day,new_years_day,module:new_years_day,1961-01-01,,CONFIRMED
1961-02-22,CLOSED,Washington's Birthday,washingtons_birthday,module:washingtons_birthday,,,CONFIRMED
1961-03-31,CLOSED,Good Friday,good_friday,module:good_friday,,,CONFIRMED
1961-05-29,CLOSED,Holiday Extension (Day Before Decoration Day),holiday_extensions,module:us_historical_closures,,,CONFIRMED
1961-05-30,CLOSED,Decoration Day,decoration_day,module:decoration_day,,,CONFIRMED
1961-07-04,CLOSED,Independence Day,independence_day,module:independence_day,,,CONFIRMED
1961-09-04,CLOSED,Labor Day,labor_day,module:labor_day,,,CONFIRMED
1961-11-07,CLOSED,Election Day,election_day_closures,module:us_historical_closures,,,CONFIRMED
1961-11-23,CLOSED,Thanksgiving Day,thanksgiving,module:thanksgiving,,,CONFIRMED
1961-12-25,CLOSED,Christmas Day,christmas,module:christmas,,,CONFIRMED
1962-01-01,CLOSED,New Year's Day,new_years_day,module:new_years_day,,,CONFIRMED
1962-02-22,CLOSED,Washington's Birthday,washingtons_birthday,module:washingtons_birthday,,,CONFIRMED
1962-04-20,CLOSED,Good Friday,good_friday,module:good_friday,,,CONFIRMED
1962-05-30,CLOSED,Decoration Day,decoration_day,module:decoration_day,,,CONFIRMED
1962-07-04,CLOSED,Independence Day,independence_day,module:independence_day,,,CONFIRMED
1962-09-03,CLOSED,Labor Day,labor_day,module:labor_day,,,CONFIRMED
1962-11-06,CLOSED,Election Day,election_day_closures,module:us_historical_closures,,,CONFIRMED
1962-11-22,CLOSED,Thanksgiving Day,thanksgiving,module:thanksgiving,,,CONFIRMED
1962-12-25,CLOSED,Christmas Day,christmas,module:christmas,,,CONFIRMED
1963-01-01,CLOSED,New Year's Day,new_years_day,module:new_years_day,,,CONFIRMED
1963-02-22,CLOSED,Washington's Birthday,washingtons_birthday,module:washingtons_birthday,,,CONFIRMED
1963-04-12,CLOSED,Good Friday,good_friday,module:good_friday,,,CONFIRMED
1963-05-30,CLOSED,Decoration Day,decoration_day,module:decoration_day,,,CONFIRMED
1963-07-04,CLOSED,Independence Day,independence_day,module:independence_day,,,CONFIRMED
1963-09-02,CLOSED,Labor Day,labor_day,module:labor_day,,,CONFIRMED
1963-11-05,CLOSED,Election Day,election_day_closures,module:us_historical_closures,,,CONFIRMED
1963-11-22,EARLY_CLOSE,Early Close (Assassination of President John F. Kennedy),nyse_early_close_oneoff_1407,module:us_nyse_historical_early_closes,,14:07,CONFIRMED
1963-11-25,CLOSED,Presidential Funeral (John F. Kennedy),presidential_funerals,module:us_historical_closures,,,CONFIRMED
1963-11-28,CLOSED,Thanksgiving Day,thanksgiving,module:thanksgiving,,,CONFIRMED
1963-12-25,CLOSED,Christmas Day,christmas,module:christmas,,,CONFIRMED
1964-01-01,CLOSED,New Year's Day,new_years_day,module:new_years_day,,,CONFIRMED
1964-03-27,CLOSED,Good Friday,good_friday,module:good_friday,,,CONFIRMED
1964-07-03,CLOSED,Independence Day,independence_day,module:independence_day,1964-07-04,,CONFIRMED
1964-09-07,CLOSED,Labor Day,labor_day,module:labor_day,,,CONFIRMED
1964-10-23,EARLY_CLOSE,Early Close (Funeral of former President Herbert Hoover),nyse_early_close_oneoff_1400,module:us_nyse_historical_early_closes,,14:00,CONFIRMED
1964-11-03,CLOSED,Election Day,election_day_closures,module:us_historical_closures,,,CONFIRMED
1964-11-26,CLOSED,Thanksgiving Day,thanksgiving,module:thanksgiving,,,CONFIRMED
1964-12-25,CLOSED,Christmas Day,christmas,module:christmas,,,CONFIRMED
1965-01-01,CLOSED,New Year's Day,new_years_day,module:new_years_day,,,CONFIRMED
1965-02-22,CLOSED,Washington's Birthday,washingtons_birthday,module:washingtons_birthday,,,CONFIRMED
1965-04-16,CLOSED,Good Friday,good_friday,module:good_friday,,,CONFIRMED
1965-05-31,CLOSED,Decoration Day,decoration_day,module:decoration_day,1965-05-30,,CONFIRMED
1965-07-05,CLOSED,Independence Day,independence_day,module:independence_day,1965-07-04,,CONFIRMED
1965-09-06,CLOSED,Labor Day,labor_day,module:labor_day,,,CONFIRMED
1965-11-02,CLOSED,Election Day,election_day_closures,module:us_historical_closures,,,CONFIRMED
1965-11-25,CLOSED,Thanksgiving Day,thanksgiving,module:thanksgiving,,,CONFIRMED
1965-12-24,CLOSED,Christmas Day,christmas,module:christmas,1965-12-25,,CONFIRMED
1966-02-22,CLOSED,Washington's Birthday,washingtons_birthday,module:washingtons_birthday,,,CONFIRMED
1966-04-08,CLOSED,Good Friday,good_friday,module:good_friday,,,CONFIRMED
1966-05-30,CLOSED,Decoration Day,decoration_day,module:decoration_day,,,CONFIRMED
1966-07-04,CLOSED,Independence Day,independence_day,module:independence_day,,,CONFIRMED
1966-09-05,CLOSED,Labor Day,labor_day,module:labor_day,,,CONFIRMED
1966-11-08,CLOSED,Election Day,election_day_closures,module:us_historical_closures,,,CONFIRMED
1966-11-24,CLOSED,Thanksgiving Day,thanksgiving,module:thanksgiving,,,CONFIRMED
1966-12-26,CLOSED,Christmas Day,christmas,module:christmas,1966-12-25,,CONFIRMED
1967-01-02,CLOSED,New Year's Day,new_years_day,module:new_years_day,1967-01-01,,CONFIRMED
1967-02-07,EARLY_CLOSE,Early Close (Snowstorm (also opened late)),nyse_early_close_oneoff_1400,module:us_nyse_historical_early_closes,,14:00,CONFIRMED
1967-02-22,CLOSED,Washington's Birthday,washingtons_birthday,module:washingtons_birthday,,,CONFIRMED
1967-03-24,CLOSED,Good Friday,good_friday,module:good_friday,,,CONFIRMED
1967-05-30,CLOSED,Decoration Day,decoration_day,module:decoration_day,,,CONFIRMED
1967-07-04,CLOSED,Independence Day,independence_day,module:independence_day,,,CONFIRMED
1967-09-04,CLOSED,Labor Day,labor_day,module:labor_day,,,CONFIRMED
1967-11-07,CLOSED,Election Day,election_day_closures,module:us_historical_closures,,,CONFIRMED
1967-11-23,CLOSED,Thanksgiving Day,thanksgiving,module:thanksgiving,,,CONFIRMED
1967-12-25,CLOSED,Christmas Day,christmas,module:christmas,,,CONFIRMED
1968-01-01,CLOSED,New Year's Day,new_years_day,module:new_years_day,,,CONFIRMED
1968-02-12,CLOSED,Lincoln's Birthday,lincolns_birthday_oneoff,module:us_historical_closures,,,CONFIRMED
1968-02-22,CLOSED,Washington's Birthday,washingtons_birthday,module:washingtons_birthday,,,CONFIRMED
1968-04-09,CLOSED,Presidential Funeral (Martin Luther King Jr.),presidential_funerals,module:us_historical_closures,,,CONFIRMED
1968-04-12,CLOSED,Good Friday,good_friday,module:good_friday,,,CONFIRMED
1968-05-30,CLOSED,Decoration Day,decoration_day,module:decoration_day,,,CONFIRMED
1968-06-12,CLOSED,Paperwork Crisis,paperwork_crisis,module:us_historical_closures,,,CONFIRMED
1968-06-19,CLOSED,Paperwork Crisis,paperwork_crisis,module:us_historical_closures,,,CONFIRMED
1968-06-26,CLOSED,Paperwork Crisis,paperwork_crisis,module:us_historical_closures,,,CONFIRMED
1968-07-03,CLOSED,Paperwork Crisis,paperwork_crisis,module:us_historical_closures,,,CONFIRMED
1968-07-04,CLOSED,Independence Day,independence_day,module:independence_day,,,CONFIRMED
1968-07-05,CLOSED,Holiday Extension (Day After Independence Day),holiday_extensions,module:us_historical_closures,,,CONFIRMED
1968-07-10,CLOSED,Paperwork Crisis,paperwork_crisis,module:us_historical_closures,,,CONFIRMED
1968-07-17,CLOSED,Paperwork Crisis,paperwork_crisis,module:us_historical_closures,,,CONFIRMED
1968-07-24,CLOSED,Paperwork Crisis,paperwork_crisis,module:us_historical_closures,,,CONFIRMED
1968-07-31,CLOSED,Paperwork Crisis,paperwork_crisis,module:us_historical_closures,,,CONFIRMED
1968-08-07,CLOSED,Paperwork Crisis,paperwork_crisis,module:us_historical_closures,,,CONFIRMED
1968-08-14,CLOSED,Paperwork Crisis,paperwork_crisis,module:us_historical_closures,,,CONFIRMED
1968-08-21,CLOSED,Paperwork Crisis,paperwork_crisis,module:us_historical_closures,,,CONFIRMED
1968-08-28,CLOSED,Paperwork Crisis,paperwork_crisis,module:us_historical_closures,,,CONFIRMED
1968-09-02,CLOSED,Labor Day,labor_day,module:labor_day,,,CONFIRMED
1968-09-04,CLOSED,Paperwork Crisis,paperwork_crisis,module:us_historical_closures,,,CONFIRMED
1968-09-11,CLOSED,Paperwork Crisis,paperwork_crisis,module:us_historical_closures,,,CONFIRMED
1968-09-18,CLOSED,Paperwork Crisis,paperwork_crisis,module:us_historical_closures,,,CONFIRMED
1968-09-25,CLOSED,Paperwork Crisis,paperwork_crisis,module:us_historical_closures,,,CONFIRMED
1968-10-02,CLOSED,Paperwork Crisis,paperwork_crisis,module:us_historical_closures,,,CONFIRMED
1968-10-09,CLOSED,Paperwork Crisis,paperwork_crisis,module:us_historical_closures,,,CONFIRMED
1968-10-16,CLOSED,Paperwork Crisis,paperwork_crisis,module:us_historical_closures,,,CONFIRMED
1968-10-23,CLOSED,Paperwork Crisis,paperwork_crisis,module:us_historical_closures,,,CONFIRMED
1968-10-30,CLOSED,Paperwork Crisis,paperwork_crisis,module:us_historical_closures,,,CONFIRMED
1968-11-05,CLOSED,Election Day,election_day_closures,module:us_historical_closures,,,CONFIRMED
1968-11-06,CLOSED,Paperwork Crisis,paperwork_crisis,module:us_historical_closures,,,CONFIRMED
1968-11-13,CLOSED,Paperwork Crisis,paperwork_crisis,module:us_historical_closures,,,CONFIRMED
1968-11-20,CLOSED,Paperwork Crisis,paperwork_crisis,module:us_historical_closures,,,CONFIRMED
1968-11-27,CLOSED,Paperwork Crisis,paperwork_crisis,module:us_historical_closures,,,CONFIRMED
1968-11-28,CLOSED,Thanksgiving Day,thanksgiving,module:thanksgiving,,,CONFIRMED
1968-12-04,CLOSED,Paperwork Crisis,paperwork_crisis,module:us_historical_closures,,,CONFIRMED
1968-12-11,CLOSED,Paperwork Crisis,paperwork_crisis,module:us_historical_closures,,,CONFIRMED
1968-12-18,CLOSED,Paperwork Crisis,paperwork_crisis,module:us_historical_closures,,,CONFIRMED
1968-12-24,CLOSED,Paperwork Crisis,paperwork_crisis,module:us_historical_closures,,,CONFIRMED
1968-12-25,CLOSED,Christmas Day,christmas,module:christmas,,,CONFIRMED
1969-01-01,CLOSED,New Year's Day,new_years_day,module:new_years_day,,,CONFIRMED
1969-02-10,CLOSED,Weather Event (Heavy Snow),weather_closures,module:us_historical_closures,,,CONFIRMED
1969-03-31,CLOSED,Presidential Funeral (Dwight D. Eisenhower),presidential_funerals,module:us_historical_closures,,,CONFIRMED
1969-04-04,CLOSED,Good Friday,good_friday,module:good_friday,,,CONFIRMED
1969-05-30,CLOSED,Decoration Day,decoration_day,module:decoration_day,,,CONFIRMED
1969-07-04,CLOSED,Independence Day,independence_day,module:independence_day,,,CONFIRMED
1969-07-21,CLOSED,First Lunar Landing,lunar_landing,module:us_historical_closures,,,CONFIRMED
1969-09-01,CLOSED,Labor Day,labor_day,module:labor_day,,,CONFIRMED
1969-11-27,CLOSED,Thanksgiving Day,thanksgiving,module:thanksgiving,,,CONFIRMED
1969-12-25,CLOSED,Christmas Day,christmas,module:christmas,,,CONFIRMED
1970-01-01,CLOSED,New Year's Day,new_years_day,module:new_years_day,,,CONFIRMED
1970-02-23,CLOSED,Washington's Birthday,washingtons_birthday,module:washingtons_birthday,1970-02-22,,CONFIRMED
1970-03-27,CLOSED,Good Friday,good_friday,module:good_friday,,,CONFIRMED
1970-07-03,CLOSED,Independence Day,independence_day,module:independence_day,1970-07-04,,CONFIRMED
1970-09-07,CLOSED,Labor Day,labor_day,module:labor_day,,,CONFIRMED
1970-11-26,CLOSED,Thanksgiving Day,thanksgiving,module:thanksgiving,,,CONFIRMED
1970-12-25,CLOSED,Christmas Day,christmas,module:christmas,,,CONFIRMED
1971-01-01,CLOSED,New Year's Day,new_years_day,module:new_years_day,,,CONFIRMED
1971-02-15,CLOSED,Presidents Day,presidents_day,module:presidents_day,,,CONFIRMED
1971-04-09,CLOSED,Good Friday,good_friday,module:good_friday,,,CONFIRMED
1971-05-31,CLOSED,Memorial Day,memorial_day,module:memorial_day,,,CONFIRMED
1971-07-05,CLOSED,Independence Day,independence_day,module:independence_day,1971-07-04,,CONFIRMED
1971-09-06,CLOSED,Labor Day,labor_day,module:labor_day,,,CONFIRMED
1971-11-25,CLOSED,Thanksgiving Day,thanksgiving,module:thanksgiving,,,CONFIRMED
1971-12-24,CLOSED,Christmas Day,christmas,module:christmas,1971-12-25,,CONFIRMED
1972-02-21,CLOSED,Presidents Day,presidents_day,module:presidents_day,,,CONFIRMED
1972-03-31,CLOSED,Good Friday,good_friday,module:good_friday,,,CONFIRMED
1972-05-29,CLOSED,Memorial Day,memorial_day,module:memorial_day,,,CONFIRMED
1972-07-04,CLOSED,Independence Day,independence_day,module:independence_day,,,CONFIRMED
1972-09-04,CLOSED,Labor Day,labor_day,module:labor_day,,,CONFIRMED
1972-11-07,CLOSED,Election Day,election_day_closures,module:us_historical_closures,,,CONFIRMED
1972-11-23,CLOSED,Thanksgiving Day,thanksgiving,module:thanksgiving,,,CONFIRMED
1972-12-25,CLOSED,Christmas Day,christmas,module:christmas,,,CONFIRMED
1972-12-28,CLOSED,Presidential Funeral (Harry S. Truman),presidential_funerals,module:us_historical_closures,,,CONFIRMED
1973-01-01,CLOSED,New Year's Day,new_years_day,module:new_years_day,,,CONFIRMED
1973-01-25,CLOSED,Presidential Funeral (Lyndon B. Johnson),presidential_funerals,module:us_historical_closures,,,CONFIRMED
1973-02-19,CLOSED,Presidents Day,presidents_day,module:presidents_day,,,CONFIRMED
1973-04-20,CLOSED,Good Friday,good_friday,module:good_friday,,,CONFIRMED
1973-05-28,CLOSED,Memorial Day,memorial_day,module:memorial_day,,,CONFIRMED
1973-07-04,CLOSED,Independence Day,independence_day,module:independence_day,,,CONFIRMED
1973-09-03,CLOSED,Labor Day,labor_day,module:labor_day,,,CONFIRMED
1973-11-22,CLOSED,Thanksgiving Day,thanksgiving,module:thanksgiving,,,CONFIRMED
1973-12-25,CLOSED,Christmas Day,christmas,module:christmas,,,CONFIRMED
1974-01-01,CLOSED,New Year's Day,new_years_day,module:new_years_day,,,CONFIRMED
1974-02-18,CLOSED,Presidents Day,presidents_day,module:presidents_day,,,CONFIRMED
1974-04-12,CLOSED,Good Friday,good_friday,module:good_friday,,,CONFIRMED
1974-05-27,CLOSED,Memorial Day,memorial_day,module:memorial_day,,,CONFIRMED
1974-07-04,CLOSED,Independence Day,independence_day,module:independence_day,,,CONFIRMED
1974-09-02,CLOSED,Labor Day,labor_day,module:labor_day,,,CONFIRMED
1974-11-28,CLOSED,Thanksgiving Day,thanksgiving,module:thanksgiving,,,CONFIRMED
1974-12-24,EARLY_CLOSE,Early Close (Christmas Eve),nyse_early_close_oneoff_1400,module:us_nyse_historical_early_closes,,14:00,CONFIRMED
1974-12-25,CLOSED,Christmas Day,christmas,module:christmas,,,CONFIRMED
1975-01-01,CLOSED,New Year's Day,new_years_day,module:new_years_day,,,CONFIRMED
1975-02-17,CLOSED,Presidents Day,presidents_day,module:presidents_day,,,CONFIRMED
1975-03-28,CLOSED,Good Friday,good_friday,module:good_friday,,,CONFIRMED
1975-05-26,CLOSED,Memorial Day,memorial_day,module:memorial_day,,,CONFIRMED
1975-07-04,CLOSED,Independence Day,independence_day,module:independence_day,,,CONFIRMED
1975-09-01,CLOSED,Labor Day,labor_day,module:labor_day,,,CONFIRMED
1975-11-27,CLOSED,Thanksgiving Day,thanksgiving,module:thanksgiving,,,CONFIRMED
1975-12-24,EARLY_CLOSE,Early Close (Christmas Eve),nyse_early_close_oneoff_1400,module:us_nyse_historical_early_closes,,14:00,CONFIRMED
1975-12-25,CLOSED,Christmas Day,christmas,module:christmas,,,CONFIRMED
1976-01-01,CLOSED,New Year's Day,new_years_day,module:new_years_day,,,CONFIRMED
1976-02-16,CLOSED,Presidents Day,presidents_day,module:presidents_day,,,CONFIRMED
1976-04-16,CLOSED,Good Friday,good_friday,module:good_friday,,,CONFIRMED
1976-05-31,CLOSED,Memorial Day,memorial_day,module:memorial_day,,,CONFIRMED
1976-07-05,CLOSED,Independence Day,independence_day,module:independence_day,1976-07-04,,CONFIRMED
1976-09-06,CLOSED,Labor Day,labor_day,module:labor_day,,,CONFIRMED
1976-11-02,CLOSED,Election Day,election_day_closures,module:us_historical_closures,,,CONFIRMED
1976-11-25,CLOSED,Thanksgiving Day,thanksgiving,module:thanksgiving,,,CONFIRMED
1976-12-24,CLOSED,Christmas Day,christmas,module:christmas,1976-12-25,,CONFIRMED
1977-02-21,CLOSED,Presidents Day,presidents_day,module:presidents_day,,,CONFIRMED
1977-04-08,CLOSED,Good Friday,good_friday,module:good_friday,,,CONFIRMED
1977-05-30,CLOSED,Memorial Day,memorial_day,module:memorial_day,,,CONFIRMED
1977-07-04,CLOSED,Independence Day,independence_day,module:independence_day,,,CONFIRMED
1977-07-14,CLOSED,New York City Blackout,nyc_blackout,module:us_historical_closures,,,CONFIRMED
1977-09-05,CLOSED,Labor Day,labor_day,module:labor_day,,,CONFIRMED
1977-11-24,CLOSED,Thanksgiving Day,thanksgiving,module:thanksgiving,,,CONFIRMED
1977-12-26,CLOSED,Christmas Day,christmas,module:christmas,1977-12-25,,CONFIRMED
1978-01-02,CLOSED,New Year's Day,new_years_day,module:new_years_day,1978-01-01,,CONFIRMED
1978-02-20,CLOSED,Presidents Day,presidents_day,module:presidents_day,,,CONFIRMED
1978-03-24,CLOSED,Good Friday,good_friday,module:good_friday,,,CONFIRMED
1978-05-29,CLOSED,Memorial Day,memorial_day,module:memorial_day,,,CONFIRMED
1978-07-04,CLOSED,Independence Day,independence_day,module:independence_day,,,CONFIRMED
1978-09-04,CLOSED,Labor Day,labor_day,module:labor_day,,,CONFIRMED
1978-11-23,CLOSED,Thanksgiving Day,thanksgiving,module:thanksgiving,,,CONFIRMED
1978-12-25,CLOSED,Christmas Day,christmas,module:christmas,,,CONFIRMED
1979-01-01,CLOSED,New Year's Day,new_years_day,module:new_years_day,,,CONFIRMED
1979-02-19,CLOSED,Presidents Day,presidents_day,module:presidents_day,,,CONFIRMED
1979-04-13,CLOSED,Good Friday,good_friday,module:good_friday,,,CONFIRMED
1979-05-28,CLOSED,Memorial Day,memorial_day,module:memorial_day,,,CONFIRMED
1979-07-04,CLOSED,Independence Day,independence_day,module:independence_day,,,CONFIRMED
1979-09-03,CLOSED,Labor Day,labor_day,module:labor_day,,,CONFIRMED
1979-11-22,CLOSED,Thanksgiving Day,thanksgiving,module:thanksgiving,,,CONFIRMED
1979-12-25,CLOSED,Christmas Day,christmas,module:christmas,,,CONFIRMED
1980-01-01,CLOSED,New Year's Day,new_years_day,module:new_years_day,,,CONFIRMED
1980-02-18,CLOSED,Presidents Day,presidents_day,module:presidents_day,,,CONFIRMED
1980-04-04,CLOSED,Good Friday,good_friday,module:good_friday,,,CONFIRMED
1980-05-26,CLOSED,Memorial Day,memorial_day,module:memorial_day,,,CONFIRMED
1980-07-04,CLOSED,Independence Day,independence_day,module:independence_day,,,CONFIRMED
1980-09-01,CLOSED,Labor Day,labor_day,module:labor_day,,,CONFIRMED
1980-11-04,CLOSED,Election Day,election_day_closures,module:us_historical_closures,,,CONFIRMED
1980-11-27,CLOSED,Thanksgiving Day,thanksgiving,module:thanksgiving,,,CONFIRMED
1980-12-25,CLOSED,Christmas Day,christmas,module:christmas,,,CONFIRMED
1981-01-01,CLOSED,New Year's Day,new_years_day,module:new_years_day,,,CONFIRMED
1981-02-16,CLOSED,Presidents Day,presidents_day,module:presidents_day,,,CONFIRMED
1981-04-17,CLOSED,Good Friday,good_friday,module:good_friday,,,CONFIRMED
1981-05-25,CLOSED,Memorial Day,memorial_day,module:memorial_day,,,CONFIRMED
1981-07-03,CLOSED,Independence Day,independence_day,module:independence_day,1981-07-04,,CONFIRMED
1981-09-07,CLOSED,Labor Day,labor_day,module:labor_day,,,CONFIRMED
1981-11-26,CLOSED,Thanksgiving Day,thanksgiving,module:thanksgiving,,,CONFIRMED
1981-12-25,CLOSED,Christmas Day,christmas,module:christmas,,,CONFIRMED
1982-01-01,CLOSED,New Year's Day,new_years_day,module:new_years_day,,,CONFIRMED
1982-02-15,CLOSED,Presidents Day,presidents_day,module:presidents_day,,,CONFIRMED
1982-04-09,CLOSED,Good Friday,good_friday,module:good_friday,,,CONFIRMED
1982-05-31,CLOSED,Memorial Day,memorial_day,module:memorial_day,,,CONFIRMED
1982-07-05,CLOSED,Independence Day,independence_day,module:independence_day,1982-07-04,,CONFIRMED
1982-09-06,CLOSED,Labor Day,labor_day,module:labor_day,,,CONFIRMED
1982-11-25,CLOSED,Thanksgiving Day,thanksgiving,module:thanksgiving,,,CONFIRMED
1982-12-24,CLOSED,Christmas Day,christmas,module:christmas,1982-12-25,,CONFIRMED
1983-02-21,CLOSED,Presidents Day,presidents_day,module:presidents_day,,,CONFIRMED
1983-04-01,CLOSED,Good Friday,good_friday,module:good_friday,,,CONFIRMED
1983-05-30,CLOSED,Memorial Day,memorial_day,module:memorial_day,,,CONFIRMED
1983-07-04,CLOSED,Independence Day,independence_day,module:independence_day,,,CONFIRMED
1983-09-05,CLOSED,Labor Day,labor_day,module:labor_day,,,CONFIRMED
1983-11-24,CLOSED,Thanksgiving Day,thanksgiving,module:thanksgiving,,,CONFIRMED
1983-12-26,CLOSED,Christmas Day,christmas,module:christmas,1983-12-25,,CONFIRMED
1984-01-02,CLOSED,New Year's Day,new_years_day,module:new_years_day,1984-01-01,,CONFIRMED
1984-02-20,CLOSED,Presidents Day,presidents_day,module:presidents_day,,,CONFIRMED
1984-04-20,CLOSED,Good Friday,good_friday,module:good_friday,,,CONFIRMED
1984-05-28,CLOSED,Memorial Day,memorial_day,module:memorial_day,,,CONFIRMED
1984-07-04,CLOSED,Independence Day,independence_day,module:independence_day,,,CONFIRMED
1984-09-03,CLOSED,Labor Day,labor_day,module:labor_day,,,CONFIRMED
1984-11-22,CLOSED,Thanksgiving Day,thanksgiving,module:thanksgiving,,,CONFIRMED
1984-12-25,CLOSED,Christmas Day,christmas,module:christmas,,,CONFIRMED
1985-01-01,CLOSED,New Year's Day,new_years_day,module:new_years_day,,,CONFIRMED
1985-02-18,CLOSED,Presidents Day,presidents_day,module:presidents_day,,,CONFIRMED
1985-04-05,CLOSED,Good Friday,good_friday,module:good_friday,,,CONFIRMED
1985-05-27,CLOSED,Memorial Day,memorial_day,module:memorial_day,,,CONFIRMED
1985-07-04,CLOSED,Independence Day,independence_day,module:independence_day,,,CONFIRMED
1985-09-02,CLOSED,Labor Day,labor_day,module:labor_day,,,CONFIRMED
1985-09-27,CLOSED,Weather Event (Hurricane Gloria),weather_closures,module:us_historical_closures,,,CONFIRMED
1985-11-28,CLOSED,Thanksgiving Day,thanksgiving,module:thanksgiving,,,CONFIRMED
1985-12-25,CLOSED,Christmas Day,christmas,module:christmas,,,CONFIRMED
1986-01-01,CLOSED,New Year's Day,new_years_day,module:new_years_day,,,CONFIRMED
1986-02-17,CLOSED,Presidents Day,presidents_day,module:presidents_day,,,CONFIRMED
1986-03-28,CLOSED,Good Friday,good_friday,module:good_friday,,,CONFIRMED
1986-05-26,CLOSED,Memorial Day,memorial_day,module:memorial_day,,,CONFIRMED
1986-07-04,CLOSED,Independence Day,independence_day,module:independence_day,,,CONFIRMED
1986-09-01,CLOSED,Labor Day,labor_day,module:labor_day,,,CONFIRMED
1986-11-27,CLOSED,Thanksgiving Day,thanksgiving,module:thanksgiving,,,CONFIRMED
1986-12-25,CLOSED,Christmas Day,christmas,module:christmas,,,CONFIRMED
1987-01-01,CLOSED,New Year's Day,new_years_day,module:new_years_day,,,CONFIRMED
1987-02-16,CLOSED,Presidents Day,presidents_day,module:presidents_day,,,CONFIRMED
1987-04-17,CLOSED,Good Friday,good_friday,module:good_friday,,,CONFIRMED
1987-05-25,CLOSED,Memorial Day,memorial_day,module:memorial_day,,,CONFIRMED
1987-07-03,CLOSED,Independence Day,independence_day,module:independence_day,1987-07-04,,CONFIRMED
1987-09-07,CLOSED,Labor Day,labor_day,module:labor_day,,,CONFIRMED
1987-11-26,CLOSED,Thanksgiving Day,thanksgiving,module:thanksgiving,,,CONFIRMED
1987-12-25,CLOSED,Christmas Day,christmas,module:christmas,,,CONFIRMED
1988-01-01,CLOSED,New Year's Day,new_years_day,module:new_years_day,,,CONFIRMED
1988-02-15,CLOSED,Presidents Day,presidents_day,module:presidents_day,,,CONFIRMED
1988-04-01,CLOSED,Good Friday,good_friday,module:good_friday,,,CONFIRMED
1988-05-30,CLOSED,Memorial Day,memorial_day,module:memorial_day,,,CONFIRMED
1988-07-04,CLOSED,Independence Day,independence_day,module:independence_day,,,CONFIRMED
1988-09-05,CLOSED,Labor Day,labor_day,module:labor_day,,,CONFIRMED
1988-11-24,CLOSED,Thanksgiving Day,thanksgiving,module:thanksgiving,,,CONFIRMED
1988-12-26,CLOSED,Christmas Day,christmas,module:christmas,1988-12-25,,CONFIRMED
1989-01-02,CLOSED,New Year's Day,new_years_day,module:new_years_day,1989-01-01,,CONFIRMED
1989-02-20,CLOSED,Presidents Day,presidents_day,module:presidents_day,,,CONFIRMED
1989-03-24,CLOSED,Good Friday,good_friday,module:good_friday,,,CONFIRMED
1989-05-29,CLOSED,Memorial Day,memorial_day,module:memorial_day,,,CONFIRMED
1989-07-04,CLOSED,Independence Day,independence_day,module:independence_day,,,CONFIRMED
1989-09-04,CLOSED,Labor Day,labor_day,module:labor_day,,,CONFIRMED
1989-11-23,CLOSED,Thanksgiving Day,thanksgiving,module:thanksgiving,,,CONFIRMED
1989-12-25,CLOSED,Christmas Day,christmas,module:christmas,,,CONFIRMED
1990-01-01,CLOSED,New Year's Day,new_years_day,module:new_years_day,,,CONFIRMED
1990-02-19,CLOSED,Presidents Day,presidents_day,module:presidents_day,,,CONFIRMED
1990-04-13,CLOSED,Good Friday,good_friday,module:good_friday,,,CONFIRMED
1990-05-28,CLOSED,Memorial Day,memorial_day,module:memorial_day,,,CONFIRMED
1990-07-04,CLOSED,Independence Day,independence_day,module:independence_day,,,CONFIRMED
1990-09-03,CLOSED,Labor Day,labor_day,module:labor_day,,,CONFIRMED
1990-11-22,CLOSED,Thanksgiving Day,thanksgiving,module:thanksgiving,,,CONFIRMED
1990-12-24,EARLY_CLOSE,Christmas Eve (Early Close),christmas_eve_2pm,module:christmas_eve,,14:00,CONFIRMED
1990-12-25,CLOSED,Christmas Day,christmas,module:christmas,,,CONFIRMED
1991-01-01,CLOSED,New Year's Day,new_years_day,module:new_years_day,,,CONFIRMED
1991-02-18,CLOSED,Presidents Day,presidents_day,module:presidents_day,,,CONFIRMED
1991-03-29,CLOSED,Good Friday,good_friday,module:good_friday,,,CONFIRMED
1991-05-27,CLOSED,Memorial Day,memorial_day,module:memorial_day,,,CONFIRMED
1991-07-04,CLOSED,Independence Day,independence_day,module:independence_day,,,CONFIRMED
1991-09-02,CLOSED,Labor Day,labor_day,module:labor_day,,,CONFIRMED
1991-11-28,CLOSED,Thanksgiving Day,thanksgiving,module:thanksgiving,,,CONFIRMED
1991-12-24,EARLY_CLOSE,Christmas Eve (Early Close),christmas_eve_2pm,module:christmas_eve,,14:00,CONFIRMED
1991-12-25,CLOSED,Christmas Day,christmas,module:christmas,,,CONFIRMED
1992-01-01,CLOSED,New Year's Day,new_years_day,module:new_years_day,,,CONFIRMED
1992-02-17,CLOSED,Presidents Day,presidents_day,module:presidents_day,,,CONFIRMED
1992-04-17,CLOSED,Good Friday,good_friday,module:good_friday,,,CONFIRMED
1992-05-25,CLOSED,Memorial Day,memorial_day,module:memorial_day,,,CONFIRMED
1992-07-03,CLOSED,Independence Day,independence_day,module:independence_day,1992-07-04,,CONFIRMED
1992-09-07,CLOSED,Labor Day,labor_day,module:labor_day,,,CONFIRMED
1992-11-26,CLOSED,Thanksgiving Day,thanksgiving,module:thanksgiving,,,CONFIRMED
1992-11-27,EARLY_CLOSE,Day After Thanksgiving (Early Close),day_after_thanksgiving_2pm,module:day_after_thanksgiving,,14:00,CONFIRMED
1992-12-24,EARLY_CLOSE,Christmas Eve (Early Close),christmas_eve_2pm,module:christmas_eve,,14:00,CONFIRMED
1992-12-25,CLOSED,Christmas Day,christmas,module:christmas,,,CONFIRMED
1993-01-01,CLOSED,New Year's Day,new_years_day,module:new_years_day,,,CONFIRMED
1993-02-15,CLOSED,Presidents Day,presidents_day,module:presidents_day,,,CONFIRMED
1993-04-09,CLOSED,Good Friday,good_friday,module:good_friday,,,CONFIRMED
1993-05-31,CLOSED,Memorial Day,memorial_day,module:memorial_day,,,CONFIRMED
1993-07-05,CLOSED,Independence Day,independence_day,module:independence_day,1993-07-04,,CONFIRMED
1993-09-06,CLOSED,Labor Day,labor_day,module:labor_day,,,CONFIRMED
1993-11-25,CLOSED,Thanksgiving Day,thanksgiving,module:thanksgiving,,,CONFIRMED
1993-11-26,EARLY_CLOSE,Day After Thanksgiving (Early Close),day_after_thanksgiving,module:day_after_thanksgiving,,13:00,CONFIRMED
1993-12-24,CLOSED,Christmas Day,christmas,module:christmas,1993-12-25,,CONFIRMED
1994-02-21,CLOSED,Presidents Day,presidents_day,module:presidents_day,,,CONFIRMED
1994-04-01,CLOSED,Good Friday,good_friday,module:good_friday,,,CONFIRMED
1994-04-27,CLOSED,Presidential Funeral (Richard Nixon),presidential_funerals,module:us_historical_closures,,,CONFIRMED
1994-05-30,CLOSED,Memorial Day,memorial_day,module:memorial_day,,,CONFIRMED
1994-07-04,CLOSED,Independence Day,independence_day,module:independence_day,,,CONFIRMED
1994-09-05,CLOSED,Labor Day,labor_day,module:labor_day,,,CONFIRMED
1994-11-24,CLOSED,Thanksgiving Day,thanksgiving,module:thanksgiving,,,CONFIRMED
1994-11-25,EARLY_CLOSE,Day After Thanksgiving (Early Close),day_after_thanksgiving,module:day_after_thanksgiving,,13:00,CONFIRMED
1994-12-26,CLOSED,Christmas Day,christmas,module:christmas,1994-12-25,,CONFIRMED
1995-01-02,CLOSED,New Year's Day,new_years_day,module:new_years_day,1995-01-01,,CONFIRMED
1995-02-20,CLOSED,Presidents Day,presidents_day,module:presidents_day,,,CONFIRMED
1995-04-14,CLOSED,Good Friday,good_friday,module:good_friday,,,CONFIRMED
1995-05-29,CLOSED,Memorial Day,memorial_day,module:memorial_day,,,CONFIRMED
1995-07-03,EARLY_CLOSE,Independence Day Eve (Early Close),independence_day_eve,module:independence_day_eve,,13:00,CONFIRMED
1995-07-04,CLOSED,Independence Day,independence_day,module:independence_day,,,CONFIRMED
1995-09-04,CLOSED,Labor Day,labor_day,module:labor_day,,,CONFIRMED
1995-11-23,CLOSED,Thanksgiving Day,thanksgiving,module:thanksgiving,,,CONFIRMED
1995-11-24,EARLY_CLOSE,Day After Thanksgiving (Early Close),day_after_thanksgiving,module:day_after_thanksgiving,,13:00,CONFIRMED
1995-12-25,CLOSED,Christmas Day,christmas,module:christmas,,,CONFIRMED
1996-01-01,CLOSED,New Year's Day,new_years_day,module:new_years_day,,,CONFIRMED
1996-02-19,CLOSED,Presidents Day,presidents_day,module:presidents_day,,,CONFIRMED
1996-04-05,CLOSED,Good Friday,good_friday,module:good_friday,,,CONFIRMED
1996-05-27,CLOSED,Memorial Day,memorial_day,module:memorial_day,,,CONFIRMED
1996-07-04,CLOSED,Independence Day,independence_day,module:independence_day,,,CONFIRMED
1996-07-05,EARLY_CLOSE,Day After Independence Day (Early Close),day_after_independence_day_early_close,module:independence_day_eve,,13:00,CONFIRMED
1996-09-02,CLOSED,Labor Day,labor_day,module:labor_day,,,CONFIRMED
1996-11-28,CLOSED,Thanksgiving Day,thanksgiving,module:thanksgiving,,,CONFIRMED
1996-11-29,EARLY_CLOSE,Day After Thanksgiving (Early Close),day_after_thanksgiving,module:day_after_thanksgiving,,13:00,CONFIRMED
1996-12-24,EARLY_CLOSE,Christmas Eve (Early Close),christmas_eve,module:christmas_eve,,13:00,CONFIRMED
1996-12-25,CLOSED,Christmas Day,christmas,module:christmas,,,CONFIRMED
1997-01-01,CLOSED,New Year's Day,new_years_day,module:new_years_day,,,CONFIRMED
1997-02-17,CLOSED,Presidents Day,presidents_day,module:presidents_day,,,CONFIRMED
1997-03-28,CLOSED,Good Friday,good_friday,module:good_friday,,,CONFIRMED
1997-05-26,CLOSED,Memorial Day,memorial_day,module:memorial_day,,,CONFIRMED
1997-07-03,EARLY_CLOSE,Independence Day Eve (Early Close),independence_day_eve,module:independence_day_eve,,13:00,CONFIRMED
1997-07-04,CLOSED,Independence Day,independence_day,module:independence_day,,,CONFIRMED
1997-09-01,CLOSED,Labor Day,labor_day,module:labor_day,,,CONFIRMED
1997-11-27,CLOSED,Thanksgiving Day,thanksgiving,module:thanksgiving,,,CONFIRMED
1997-11-28,EARLY_CLOSE,Day After Thanksgiving (Early Close),day_after_thanksgiving,module:day_after_thanksgiving,,13:00,CONFIRMED
1997-12-24,EARLY_CLOSE,Christmas Eve (Early Close),christmas_eve,module:christmas_eve,,13:00,CONFIRMED
1997-12-25,CLOSED,Christmas Day,christmas,module:christmas,,,CONFIRMED
1997-12-26,EARLY_CLOSE,Early Close (Friday after Christmas),nyse_early_close_oneoff_1300,module:us_nyse_historical_early_closes,,13:00,CONFIRMED
1998-01-01,CLOSED,New Year's Day,new_years_day,module:new_years_day,,,CONFIRMED
1998-01-19,CLOSED,Martin Luther King Jr. Day,mlk_day,module:mlk_day,,,CONFIRMED
1998-02-16,CLOSED,Presidents Day,presidents_day,module:presidents_day,,,CONFIRMED
1998-04-10,CLOSED,Good Friday,good_friday,module:good_friday,,,CONFIRMED
1998-05-25,CLOSED,Memorial Day,memorial_day,module:memorial_day,,,CONFIRMED
1998-07-03,CLOSED,Independence Day,independence_day,module:independence_day,1998-07-04,,CONFIRMED
1998-09-07,CLOSED,Labor Day,labor_day,module:labor_day,,,CONFIRMED
1998-11-26,CLOSED,Thanksgiving Day,thanksgiving,module:thanksgiving,,,CONFIRMED
1998-11-27,EARLY_CLOSE,Day After Thanksgiving (Early Close),day_after_thanksgiving,module:day_after_thanksgiving,,13:00,CONFIRMED
1998-12-24,EARLY_CLOSE,Christmas Eve (Early Close),christmas_eve,module:christmas_eve,,13:00,CONFIRMED
1998-12-25,CLOSED,Christmas Day,christmas,module:christmas,,,CONFIRMED
1999-01-01,CLOSED,New Year's Day,new_years_day,module:new_years_day,,,CONFIRMED
1999-01-18,CLOSED,Martin Luther King Jr. Day,mlk_day,module:mlk_day,,,CONFIRMED
1999-02-15,CLOSED,Presidents Day,presidents_day,module:presidents_day,,,CONFIRMED
1999-04-02,CLOSED,Good Friday,good_friday,module:good_friday,,,CONFIRMED
1999-05-31,CLOSED,Memorial Day,memorial_day,module:memorial_day,,,CONFIRMED
1999-07-05,CLOSED,Independence Day,independence_day,module:independence_day,1999-07-04,,CONFIRMED
1999-09-06,CLOSED,Labor Day,labor_day,module:labor_day,,,CONFIRMED
1999-11-25,CLOSED,Thanksgiving Day,thanksgiving,module:thanksgiving,,,CONFIRMED
1999-11-26,EARLY_CLOSE,Day After Thanksgiving (Early Close),day_after_thanksgiving,module:day_after_thanksgiving,,13:00,CONFIRMED
1999-12-24,CLOSED,Christmas Day,christmas,module:christmas,1999-12-25,,CONFIRMED
1999-12-31,EARLY_CLOSE,Early Close (New Year's Eve),nyse_early_close_oneoff_1300,module:us_nyse_historical_early_closes,,13:00,CONFIRMED
2000-01-17,CLOSED,Martin Luther King Jr. Day,mlk_day,module:mlk_day,,,CONFIRMED
2000-02-21,CLOSED,Presidents Day,presidents_day,module:presidents_day,,,CONFIRMED
2000-04-21,CLOSED,Good Friday,good_friday,module:good_friday,,,CONFIRMED
2000-05-29,CLOSED,Memorial Day,memorial_day,module:memorial_day,,,CONFIRMED
2000-07-03,EARLY_CLOSE,Independence Day Eve (Early Close),independence_day_eve,module:independence_day_eve,,13:00,CONFIRMED
2000-07-04,CLOSED,Independence Day,independence_day,module:independence_day,,,CONFIRMED
2000-09-04,CLOSED,Labor Day,labor_day,module:labor_day,,,CONFIRMED
2000-11-23,CLOSED,Thanksgiving Day,thanksgiving,module:thanksgiving,,,CONFIRMED
2000-11-24,EARLY_CLOSE,Day After Thanksgiving (Early Close),day_after_thanksgiving,module:day_after_thanksgiving,,13:00,CONFIRMED
2000-12-25,CLOSED,Christmas Day,christmas,module:christmas,,,CONFIRMED
2001-01-01,CLOSED,New Year's Day,new_years_day,module:new_years_day,,,CONFIRMED
2001-01-15,CLOSED,Martin Luther King Jr. Day,mlk_day,module:mlk_day,,,CONFIRMED
2001-02-19,CLOSED,Presidents Day,presidents_day,module:presidents_day,,,CONFIRMED
2001-04-13,CLOSED,Good Friday,good_friday,module:good_friday,,,CONFIRMED
2001-05-28,CLOSED,Memorial Day,memorial_day,module:memorial_day,,,CONFIRMED
2001-07-03,EARLY_CLOSE,Independence Day Eve (Early Close),independence_day_eve,module:independence_day_eve,,13:00,CONFIRMED
2001-07-04,CLOSED,Independence Day,independence_day,module:independence_day,,,CONFIRMED
2001-09-03,CLOSED,Labor Day,labor_day,module:labor_day,,,CONFIRMED
2001-09-11,CLOSED,September 11 Closure,sept_11_closure,module:us_historical_closures,,,CONFIRMED
2001-09-12,CLOSED,September 11 Closure,sept_11_closure,module:us_historical_closures,,,CONFIRMED
2001-09-13,CLOSED,September 11 Closure,sept_11_closure,module:us_historical_closures,,,CONFIRMED
2001-09-14,CLOSED,September 11 Closure,sept_11_closure,module:us_historical_closures,,,CONFIRMED
2001-11-22,CLOSED,Thanksgiving Day,thanksgiving,module:thanksgiving,,,CONFIRMED
2001-11-23,EARLY_CLOSE,Day After Thanksgiving (Early Close),day_after_thanksgiving,module:day_after_thanksgiving,,13:00,CONFIRMED
2001-12-24,EARLY_CLOSE,Christmas Eve (Early Close),christmas_eve,module:christmas_eve,,13:00,CONFIRMED
2001-12-25,CLOSED,Christmas Day,christmas,module:christmas,,,CONFIRMED
2002-01-01,CLOSED,New Year's Day,new_years_day,module:new_years_day,,,CONFIRMED
2002-01-21,CLOSED,Martin Luther King Jr. Day,mlk_day,module:mlk_day,,,CONFIRMED
2002-02-18,CLOSED,Presidents Day,presidents_day,module:presidents_day,,,CONFIRMED
2002-03-29,CLOSED,Good Friday,good_friday,module:good_friday,,,CONFIRMED
2002-05-27,CLOSED,Memorial Day,memorial_day,module:memorial_day,,,CONFIRMED
2002-07-04,CLOSED,Independence Day,independence_day,module:independence_day,,,CONFIRMED
2002-07-05,EARLY_CLOSE,Day After Independence Day (Early Close),day_after_independence_day_early_close,module:independence_day_eve,,13:00,CONFIRMED
2002-09-02,CLOSED,Labor Day,labor_day,module:labor_day,,,CONFIRMED
2002-11-28,CLOSED,Thanksgiving Day,thanksgiving,module:thanksgiving,,,CONFIRMED
2002-11-29,EARLY_CLOSE,Day After Thanksgiving (Early Close),day_after_thanksgiving,module:day_after_thanksgiving,,13:00,CONFIRMED
2002-12-24,EARLY_CLOSE,Christmas Eve (Early Close),christmas_eve,module:christmas_eve,,13:00,CONFIRMED
2002-12-25,CLOSED,Christmas Day,christmas,module:christmas,,,CONFIRMED
2003-01-01,CLOSED,New Year's Day,new_years_day,module:new_years_day,,,CONFIRMED
2003-01-20,CLOSED,Martin Luther King Jr. Day,mlk_day,module:mlk_day,,,CONFIRMED
2003-02-17,CLOSED,Presidents Day,presidents_day,module:presidents_day,,,CONFIRMED
2003-04-18,CLOSED,Good Friday,good_friday,module:good_friday,,,CONFIRMED
2003-05-26,CLOSED,Memorial Day,memorial_day,module:memorial_day,,,CONFIRMED
2003-07-03,EARLY_CLOSE,Independence Day Eve (Early Close),independence_day_eve,module:independence_day_eve,,13:00,CONFIRMED
2003-07-04,CLOSED,Independence Day,independence_day,module:independence_day,,,CONFIRMED
2003-09-01,CLOSED,Labor Day,labor_day,module:labor_day,,,CONFIRMED
2003-11-27,CLOSED,Thanksgiving Day,thanksgiving,module:thanksgiving,,,CONFIRMED
2003-11-28,EARLY_CLOSE,Day After Thanksgiving (Early Close),day_after_thanksgiving,module:day_after_thanksgiving,,13:00,CONFIRMED
2003-12-24,EARLY_CLOSE,Christmas Eve (Early Close),christmas_eve,module:christmas_eve,,13:00,CONFIRMED
2003-12-25,CLOSED,Christmas Day,christmas,module:christmas,,,CONFIRMED
2003-12-26,EARLY_CLOSE,Early Close (Friday after Christmas),nyse_early_close_oneoff_1300,module:us_nyse_historical_early_closes,,13:00,CONFIRMED
2004-01-01,CLOSED,New Year's Day,new_years_day,module:new_years_day,,,CONFIRMED
2004-01-19,CLOSED,Martin Luther King Jr. Day,mlk_day,module:mlk_day,,,CONFIRMED
2004-02-16,CLOSED,Presidents Day,presidents_day,module:presidents_day,,,CONFIRMED
2004-04-09,CLOSED,Good Friday,good_friday,module:good_friday,,,CONFIRMED
2004-05-31,CLOSED,Memorial Day,memorial_day,module:memorial_day,,,CONFIRMED
2004-06-11,CLOSED,Presidential Funeral (Ronald Reagan),presidential_funerals,module:us_historical_closures,,,CONFIRMED
2004-07-05,CLOSED,Independence Day,independence_day,module:independence_day,2004-07-04,,CONFIRMED
2004-09-06,CLOSED,Labor Day,labor_day,module:labor_day,,,CONFIRMED
2004-11-25,CLOSED,Thanksgiving Day,thanksgiving,module:thanksgiving,,,CONFIRMED
2004-11-26,EARLY_CLOSE,Day After Thanksgiving (Early Close),day_after_thanksgiving,module:day_after_thanksgiving,,13:00,CONFIRMED
2004-12-24,CLOSED,Christmas Day,christmas,module:christmas,2004-12-25,,CONFIRMED
2005-01-17,CLOSED,Martin Luther King Jr. Day,mlk_day,module:mlk_day,,,CONFIRMED
2005-02-21,CLOSED,Presidents Day,presidents_day,module:presidents_day,,,CONFIRMED
2005-03-25,CLOSED,Good Friday,good_friday,module:good_friday,,,CONFIRMED
2005-05-30,CLOSED,Memorial Day,memorial_day,module:memorial_day,,,CONFIRMED
2005-07-04,CLOSED,Independence Day,independence_day,module:independence_day,,,CONFIRMED
2005-09-05,CLOSED,Labor Day,labor_day,module:labor_day,,,CONFIRMED
2005-11-24,CLOSED,Thanksgiving Day,thanksgiving,module:thanksgiving,,,CONFIRMED
2005-11-25,EARLY_CLOSE,Day After Thanksgiving (Early Close),day_after_thanksgiving,module:day_after_thanksgiving,,13:00,CONFIRMED
2005-12-26,CLOSED,Christmas Day,christmas,module:christmas,2005-12-25,,CONFIRMED
2006-01-02,CLOSED,New Year's Day,new_years_day,module:new_years_day,2006-01-01,,CONFIRMED
2006-01-16,CLOSED,Martin Luther King Jr. Day,mlk_day,module:mlk_day,,,CONFIRMED
2006-02-20,CLOSED,Presidents Day,presidents_day,module:presidents_day,,,CONFIRMED
2006-04-14,CLOSED,Good Friday,good_friday,module:good_friday,,,CONFIRMED
2006-05-29,CLOSED,Memorial Day,memorial_day,module:memorial_day,,,CONFIRMED
2006-07-03,EARLY_CLOSE,Independence Day Eve (Early Close),independence_day_eve,module:independence_day_eve,,13:00,CONFIRMED
2006-07-04,CLOSED,Independence Day,independence_day,module:independence_day,,,CONFIRMED
2006-09-04,CLOSED,Labor Day,labor_day,module:labor_day,,,CONFIRMED
2006-11-23,CLOSED,Thanksgiving Day,thanksgiving,module:thanksgiving,,,CONFIRMED
2006-11-24,EARLY_CLOSE,Day After Thanksgiving (Early Close),day_after_thanksgiving,module:day_after_thanksgiving,,13:00,CONFIRMED
2006-12-25,CLOSED,Christmas Day,christmas,module:christmas,,,CONFIRMED
2007-01-01,CLOSED,New Year's Day,new_years_day,module:new_years_day,,,CONFIRMED
2007-01-02,CLOSED,Presidential Funeral (Gerald Ford),presidential_funerals,module:us_historical_closures,,,CONFIRMED
2007-01-15,CLOSED,Martin Luther King Jr. Day,mlk_day,module:mlk_day,,,CONFIRMED
2007-02-19,CLOSED,Presidents Day,presidents_day,module:presidents_day,,,CONFIRMED
2007-04-06,CLOSED,Good Friday,good_friday,module:good_friday,,,CONFIRMED
2007-05-28,CLOSED,Memorial Day,memorial_day,module:memorial_day,,,CONFIRMED
2007-07-03,EARLY_CLOSE,Independence Day Eve (Early Close),independence_day_eve,module:independence_day_eve,,13:00,CONFIRMED
2007-07-04,CLOSED,Independence Day,independence_day,module:independence_day,,,CONFIRMED
2007-09-03,CLOSED,Labor Day,labor_day,module:labor_day,,,CONFIRMED
2007-11-22,CLOSED,Thanksgiving Day,thanksgiving,module:thanksgiving,,,CONFIRMED
2007-11-23,EARLY_CLOSE,Day After Thanksgiving (Early Close),day_after_thanksgiving,module:day_after_thanksgiving,,13:00,CONFIRMED
2007-12-24,EARLY_CLOSE,Christmas Eve (Early Close),christmas_eve,module:christmas_eve,,13:00,CONFIRMED
2007-12-25,CLOSED,Christmas Day,christmas,module:christmas,,,CONFIRMED
2008-01-01,CLOSED,New Year's Day,new_years_day,module:new_years_day,,,CONFIRMED
2008-01-21,CLOSED,Martin Luther King Jr. Day,mlk_day,module:mlk_day,,,CONFIRMED
2008-02-18,CLOSED,Presidents Day,presidents_day,module:presidents_day,,,CONFIRMED
2008-03-21,CLOSED,Good Friday,good_friday,module:good_friday,,,CONFIRMED
2008-05-26,CLOSED,Memorial Day,memorial_day,module:memorial_day,,,CONFIRMED
2008-07-03,EARLY_CLOSE,Independence Day Eve (Early Close),independence_day_eve,module:independence_day_eve,,13:00,CONFIRMED
2008-07-04,CLOSED,Independence Day,independence_day,module:independence_day,,,CONFIRMED
2008-09-01,CLOSED,Labor Day,labor_day,module:labor_day,,,CONFIRMED
2008-11-27,CLOSED,Thanksgiving Day,thanksgiving,module:thanksgiving,,,CONFIRMED
2008-11-28,EARLY_CLOSE,Day After Thanksgiving (Early Close),day_after_thanksgiving,module:day_after_thanksgiving,,13:00,CONFIRMED
2008-12-24,EARLY_CLOSE,Christmas Eve (Early Close),christmas_eve,module:christmas_eve,,13:00,CONFIRMED
2008-12-25,CLOSED,Christmas Day,christmas,module:christmas,,,CONFIRMED
2009-01-01,CLOSED,New Year's Day,new_years_day,module:new_years_day,,,CONFIRMED
2009-01-19,CLOSED,Martin Luther King Jr. Day,mlk_day,module:mlk_day,,,CONFIRMED
2009-02-16,CLOSED,Presidents Day,presidents_day,module:presidents_day,,,CONFIRMED
2009-04-10,CLOSED,Good Friday,good_friday,module:good_friday,,,CONFIRMED
2009-05-25,CLOSED,Memorial Day,memorial_day,module:memorial_day,,,CONFIRMED
2009-07-03,CLOSED,Independence Day,independence_day,module:independence_day,2009-07-04,,CONFIRMED
2009-09-07,CLOSED,Labor Day,labor_day,module:labor_day,,,CONFIRMED
2009-11-26,CLOSED,Thanksgiving Day,thanksgiving,module:thanksgiving,,,CONFIRMED
2009-11-27,EARLY_CLOSE,Day After Thanksgiving (Early Close),day_after_thanksgiving,module:day_after_thanksgiving,,13:00,CONFIRMED
2009-12-24,EARLY_CLOSE,Christmas Eve (Early Close),christmas_eve,module:christmas_eve,,13:00,CONFIRMED
2009-12-25,CLOSED,Christmas Day,christmas,module:christmas,,,CONFIRMED
2010-01-01,CLOSED,New Year's Day,new_years_day,module:new_years_day,,,CONFIRMED
2010-01-18,CLOSED,Martin Luther King Jr. Day,mlk_day,module:mlk_day,,,CONFIRMED
2010-02-15,CLOSED,Presidents Day,presidents_day,module:presidents_day,,,CONFIRMED
2010-04-02,CLOSED,Good Friday,good_friday,module:good_friday,,,CONFIRMED
2010-05-31,CLOSED,Memorial Day,memorial_day,module:memorial_day,,,CONFIRMED
2010-07-05,CLOSED,Independence Day,independence_day,module:independence_day,2010-07-04,,CONFIRMED
2010-09-06,CLOSED,Labor Day,labor_day,module:labor_day,,,CONFIRMED
2010-11-25,CLOSED,Thanksgiving Day,thanksgiving,module:thanksgiving,,,CONFIRMED
2010-11-26,EARLY_CLOSE,Day After Thanksgiving (Early Close),day_after_thanksgiving,module:day_after_thanksgiving,,13:00,CONFIRMED
2010-12-24,CLOSED,Christmas Day,christmas,module:christmas,2010-12-25,,CONFIRMED
2011-01-17,CLOSED,Martin Luther King Jr. Day,mlk_day,module:mlk_day,,,CONFIRMED
2011-02-21,CLOSED,Presidents Day,presidents_day,module:presidents_day,,,CONFIRMED
2011-04-22,CLOSED,Good Friday,good_friday,module:good_friday,,,CONFIRMED
2011-05-30,CLOSED,Memorial Day,memorial_day,module:memorial_day,,,CONFIRMED
2011-07-04,CLOSED,Independence Day,independence_day,module:independence_day,,,CONFIRMED
2011-09-05,CLOSED,Labor Day,labor_day,module:labor_day,,,CONFIRMED
2011-11-24,CLOSED,Thanksgiving Day,thanksgiving,module:thanksgiving,,,CONFIRMED
2011-11-25,EARLY_CLOSE,Day After Thanksgiving (Early Close),day_after_thanksgiving,module:day_after_thanksgiving,,13:00,CONFIRMED
2011-12-26,CLOSED,Christmas Day,christmas,module:christmas,2011-12-25,,CONFIRMED
2012-01-02,CLOSED,New Year's Day,new_years_day,module:new_years_day,2012-01-01,,CONFIRMED
2012-01-16,CLOSED,Martin Luther King Jr. Day,mlk_day,module:mlk_day,,,CONFIRMED
2012-02-20,CLOSED,Presidents Day,presidents_day,module:presidents_day,,,CONFIRMED
2012-04-06,CLOSED,Good Friday,good_friday,module:good_friday,,,CONFIRMED
2012-05-28,CLOSED,Memorial Day,memorial_day,module:memorial_day,,,CONFIRMED
2012-07-03,EARLY_CLOSE,Independence Day Eve (Early Close),independence_day_eve,module:independence_day_eve,,13:00,CONFIRMED
2012-07-04,CLOSED,Independence Day,independence_day,module:independence_day,,,CONFIRMED
2012-09-03,CLOSED,Labor Day,labor_day,module:labor_day,,,CONFIRMED
2012-10-29,CLOSED,Weather Event (Hurricane Sandy),weather_closures,module:us_historical_closures,,,CONFIRMED
2012-10-30,CLOSED,Weather Event (Hurricane Sandy),weather_closures,module:us_historical_closures,,,CONFIRMED
2012-11-22,CLOSED,Thanksgiving Day,thanksgiving,module:thanksgiving,,,CONFIRMED
2012-11-23,EARLY_CLOSE,Day After Thanksgiving (Early Close),day_after_thanksgiving,module:day_after_thanksgiving,,13:00,CONFIRMED
2012-12-24,EARLY_CLOSE,Christmas Eve (Early Close),christmas_eve,module:christmas_eve,,13:00,CONFIRMED
2012-12-25,CLOSED,Christmas Day,christmas,module:christmas,,,CONFIRMED
2013-01-01,CLOSED,New Year's Day,new_years_day,module:new_years_day,,,CONFIRMED
2013-01-21,CLOSED,Martin Luther King Jr. Day,mlk_day,module:mlk_day,,,CONFIRMED
2013-02-18,CLOSED,Presidents Day,presidents_day,module:presidents_day,,,CONFIRMED
2013-03-29,CLOSED,Good Friday,good_friday,module:good_friday,,,CONFIRMED
2013-05-27,CLOSED,Memorial Day,memorial_day,module:memorial_day,,,CONFIRMED
2013-07-03,EARLY_CLOSE,Independence Day Eve (Early Close),independence_day_eve_wednesday,module:independence_day_eve,,13:00,CONFIRMED
2013-07-04,CLOSED,Independence Day,independence_day,module:independence_day,,,CONFIRMED
2013-09-02,CLOSED,Labor Day,labor_day,module:labor_day,,,CONFIRMED
2013-11-28,CLOSED,Thanksgiving Day,thanksgiving,module:thanksgiving,,,CONFIRMED
2013-11-29,EARLY_CLOSE,Day After Thanksgiving (Early Close),day_after_thanksgiving,module:day_after_thanksgiving,,13:00,CONFIRMED
2013-12-24,EARLY_CLOSE,Christmas Eve (Early Close),christmas_eve,module:christmas_eve,,13:00,CONFIRMED
2013-12-25,CLOSED,Christmas Day,christmas,module:christmas,,,CONFIRMED
2014-01-01,CLOSED,New Year's Day,new_years_day,module:new_years_day,,,CONFIRMED
2014-01-20,CLOSED,Martin Luther King Jr. Day,mlk_day,module:mlk_day,,,CONFIRMED
2014-02-17,CLOSED,Presidents Day,presidents_day,module:presidents_day,,,CONFIRMED
2014-04-18,CLOSED,Good Friday,good_friday,module:good_friday,,,CONFIRMED
2014-05-26,CLOSED,Memorial Day,memorial_day,module:memorial_day,,,CONFIRMED
2014-07-03,EARLY_CLOSE,Independence Day Eve (Early Close),independence_day_eve,module:independence_day_eve,,13:00,CONFIRMED
2014-07-04,CLOSED,Independence Day,independence_day,module:independence_day,,,CONFIRMED
2014-09-01,CLOSED,Labor Day,labor_day,module:labor_day,,,CONFIRMED
2014-11-27,CLOSED,Thanksgiving Day,thanksgiving,module:thanksgiving,,,CONFIRMED
2014-11-28,EARLY_CLOSE,Day After Thanksgiving (Early Close),day_after_thanksgiving,module:day_after_thanksgiving,,13:00,CONFIRMED
2014-12-24,EARLY_CLOSE,Christmas Eve (Early Close),christmas_eve,module:christmas_eve,,13:00,CONFIRMED
2014-12-25,CLOSED,Christmas Day,christmas,module:christmas,,,CONFIRMED
2015-01-01,CLOSED,New Year's Day,new_years_day,module:new_years_day,,,CONFIRMED
2015-01-19,CLOSED,Martin Luther King Jr. Day,mlk_day,module:mlk_day,,,CONFIRMED
2015-02-16,CLOSED,Presidents Day,presidents_day,module:presidents_day,,,CONFIRMED
2015-04-03,CLOSED,Good Friday,good_friday,module:good_friday,,,CONFIRMED
2015-05-25,CLOSED,Memorial Day,memorial_day,module:memorial_day,,,CONFIRMED
2015-07-03,CLOSED,Independence Day,independence_day,module:independence_day,2015-07-04,,CONFIRMED
2015-09-07,CLOSED,Labor Day,labor_day,module:labor_day,,,CONFIRMED
2015-11-26,CLOSED,Thanksgiving Day,thanksgiving,module:thanksgiving,,,CONFIRMED
2015-11-27,EARLY_CLOSE,Day After Thanksgiving (Early Close),day_after_thanksgiving,module:day_after_thanksgiving,,13:00,CONFIRMED
2015-12-24,EARLY_CLOSE,Christmas Eve (Early Close),christmas_eve,module:christmas_eve,,13:00,CONFIRMED
2015-12-25,CLOSED,Christmas Day,christmas,module:christmas,,,CONFIRMED
2016-01-01,CLOSED,New Year's Day,new_years_day,module:new_years_day,,,CONFIRMED
2016-01-18,CLOSED,Martin Luther King Jr. Day,mlk_day,module:mlk_day,,,CONFIRMED
2016-02-15,CLOSED,Presidents Day,presidents_day,module:presidents_day,,,CONFIRMED
2016-03-25,CLOSED,Good Friday,good_friday,module:good_friday,,,CONFIRMED
2016-05-30,CLOSED,Memorial Day,memorial_day,module:memorial_day,,,CONFIRMED
2016-07-04,CLOSED,Independence Day,independence_day,module:independence_day,,,CONFIRMED
2016-09-05,CLOSED,Labor Day,labor_day,module:labor_day,,,CONFIRMED
2016-11-24,CLOSED,Thanksgiving Day,thanksgiving,module:thanksgiving,,,CONFIRMED
2016-11-25,EARLY_CLOSE,Day After Thanksgiving (Early Close),day_after_thanksgiving,module:day_after_thanksgiving,,13:00,CONFIRMED
2016-12-26,CLOSED,Christmas Day,christmas,module:christmas,2016-12-25,,CONFIRMED
2017-01-02,CLOSED,New Year's Day,new_years_day,module:new_years_day,2017-01-01,,CONFIRMED
2017-01-16,CLOSED,Martin Luther King Jr. Day,mlk_day,module:mlk_day,,,CONFIRMED
2017-02-20,CLOSED,Presidents Day,presidents_day,module:presidents_day,,,CONFIRMED
2017-04-14,CLOSED,Good Friday,good_friday,module:good_friday,,,CONFIRMED
2017-05-29,CLOSED,Memorial Day,memorial_day,module:memorial_day,,,CONFIRMED
2017-07-03,EARLY_CLOSE,Independence Day Eve (Early Close),independence_day_eve,module:independence_day_eve,,13:00,CONFIRMED
2017-07-04,CLOSED,Independence Day,independence_day,module:independence_day,,,CONFIRMED
2017-09-04,CLOSED,Labor Day,labor_day,module:labor_day,,,CONFIRMED
2017-11-23,CLOSED,Thanksgiving Day,thanksgiving,module:thanksgiving,,,CONFIRMED
2017-11-24,EARLY_CLOSE,Day After Thanksgiving (Early Close),day_after_thanksgiving,module:day_after_thanksgiving,,13:00,CONFIRMED
2017-12-25,CLOSED,Christmas Day,christmas,module:christmas,,,CONFIRMED
2018-01-01,CLOSED,New Year's Day,new_years_day,module:new_years_day,,,CONFIRMED
2018-01-15,CLOSED,Martin Luther King Jr. Day,mlk_day,module:mlk_day,,,CONFIRMED
2018-02-19,CLOSED,Presidents Day,presidents_day,module:presidents_day,,,CONFIRMED
2018-03-30,CLOSED,Good Friday,good_friday,module:good_friday,,,CONFIRMED
2018-05-28,CLOSED,Memorial Day,memorial_day,module:memorial_day,,,CONFIRMED
2018-07-03,EARLY_CLOSE,Independence Day Eve (Early Close),independence_day_eve,module:independence_day_eve,,13:00,CONFIRMED
2018-07-04,CLOSED,Independence Day,independence_day,module:independence_day,,,CONFIRMED
2018-09-03,CLOSED,Labor Day,labor_day,module:labor_day,,,CONFIRMED
2018-11-22,CLOSED,Thanksgiving Day,thanksgiving,module:thanksgiving,,,CONFIRMED
2018-11-23,EARLY_CLOSE,Day After Thanksgiving (Early Close),day_after_thanksgiving,module:day_after_thanksgiving,,13:00,CONFIRMED
2018-12-05,CLOSED,Presidential Funeral (George H. W. Bush),presidential_funerals,module:us_historical_closures,,,CONFIRMED
2018-12-24,EARLY_CLOSE,Christmas Eve (Early Close),christmas_eve,module:christmas_eve,,13:00,CONFIRMED
2018-12-25,CLOSED,Christmas Day,christmas,module:christmas,,,CONFIRMED
2019-01-01,CLOSED,New Year's Day,new_years_day,module:new_years_day,,,CONFIRMED
2019-01-21,CLOSED,Martin Luther King Jr. Day,mlk_day,module:mlk_day,,,CONFIRMED
2019-02-18,CLOSED,Presidents Day,presidents_day,module:presidents_day,,,CONFIRMED
2019-04-19,CLOSED,Good Friday,good_friday,module:good_friday,,,CONFIRMED
2019-05-27,CLOSED,Memorial Day,memorial_day,module:memorial_day,,,CONFIRMED
2019-07-03,EARLY_CLOSE,Independence Day Eve (Early Close),independence_day_eve_wednesday,module:independence_day_eve,,13:00,CONFIRMED
2019-07-04,CLOSED,Independence Day,independence_day,module:independence_day,,,CONFIRMED
2019-09-02,CLOSED,Labor Day,labor_day,module:labor_day,,,CONFIRMED
2019-11-28,CLOSED,Thanksgiving Day,thanksgiving,module:thanksgiving,,,CONFIRMED
2019-11-29,EARLY_CLOSE,Day After Thanksgiving (Early Close),day_after_thanksgiving,module:day_after_thanksgiving,,13:00,CONFIRMED
2019-12-24,EARLY_CLOSE,Christmas Eve (Early Close),christmas_eve,module:christmas_eve,,13:00,CONFIRMED
2019-12-25,CLOSED,Christmas Day,christmas,module:christmas,,,CONFIRMED
2020-01-01,CLOSED,New Year's Day,new_years_day,module:new_years_day,,,CONFIRMED
2020-01-20,CLOSED,Martin Luther King Jr. Day,mlk_day,module:mlk_day,,,CONFIRMED
2020-02-17,CLOSED,Presidents Day,presidents_day,module:presidents_day,,,CONFIRMED
2020-04-10,CLOSED,Good Friday,good_friday,module:good_friday,,,CONFIRMED
2020-05-25,CLOSED,Memorial Day,memorial_day,module:memorial_day,,,CONFIRMED
2020-07-03,CLOSED,Independence Day,independence_day,module:independence_day,2020-07-04,,CONFIRMED
2020-09-07,CLOSED,Labor Day,labor_day,module:labor_day,,,CONFIRMED
2020-11-26,CLOSED,Thanksgiving Day,thanksgiving,module:thanksgiving,,,CONFIRMED
2020-11-27,EARLY_CLOSE,Day After Thanksgiving (Early Close),day_after_thanksgiving,module:day_after_thanksgiving,,13:00,CONFIRMED
2020-12-24,EARLY_CLOSE,Christmas Eve (Early Close),christmas_eve,module:christmas_eve,,13:00,CONFIRMED
2020-12-25,CLOSED,Christmas Day,christmas,module:christmas,,,CONFIRMED
2021-01-01,CLOSED,New Year's Day,new_years_day,module:new_years_day,,,CONFIRMED
2021-01-18,CLOSED,Martin Luther King Jr. Day,mlk_day,module:mlk_day,,,CONFIRMED
2021-02-15,CLOSED,Presidents Day,presidents_day,module:presidents_day,,,CONFIRMED
2021-04-02,CLOSED,Good Friday,good_friday,module:good_friday,,,CONFIRMED
2021-05-31,CLOSED,Memorial Day,memorial_day,module:memorial_day,,,CONFIRMED
2021-07-05,CLOSED,Independence Day,independence_day,module:independence_day,2021-07-04,,CONFIRMED
2021-09-06,CLOSED,Labor Day,labor_day,module:labor_day,,,CONFIRMED
2021-11-25,CLOSED,Thanksgiving Day,thanksgiving,module:thanksgiving,,,CONFIRMED
2021-11-26,EARLY_CLOSE,Day After Thanksgiving (Early Close),day_after_thanksgiving,module:day_after_thanksgiving,,13:00,CONFIRMED
2021-12-24,CLOSED,Christmas Day,christmas,module:christmas,2021-12-25,,CONFIRMED
2022-01-17,CLOSED,Martin Luther King Jr. Day,mlk_day,module:mlk_day,,,CONFIRMED
2022-02-21,CLOSED,Presidents Day,presidents_day,module:presidents_day,,,CONFIRMED
2022-04-15,CLOSED,Good Friday,good_friday,module:good_friday,,,CONFIRMED
2022-05-30,CLOSED,Memorial Day,memorial_day,module:memorial_day,,,CONFIRMED
2022-06-20,CLOSED,Juneteenth National Independence Day,juneteenth,module:juneteenth,2022-06-19,,CONFIRMED
2022-07-04,CLOSED,Independence Day,independence_day,module:independence_day,,,CONFIRMED
2022-09-05,CLOSED,Labor Day,labor_day,module:labor_day,,,CONFIRMED
2022-11-24,CLOSED,Thanksgiving Day,thanksgiving,module:thanksgiving,,,CONFIRMED
2022-11-25,EARLY_CLOSE,Day After Thanksgiving (Early Close),day_after_thanksgiving,module:day_after_thanksgiving,,13:00,CONFIRMED
2022-12-26,CLOSED,Christmas Day,christmas,module:christmas,2022-12-25,,CONFIRMED
2023-01-02,CLOSED,New Year's Day,new_years_day,module:new_years_day,2023-01-01,,CONFIRMED
2023-01-16,CLOSED,Martin Luther King Jr. Day,mlk_day,module:mlk_day,,,CONFIRMED
2023-02-20,CLOSED,Presidents Day,presidents_day,module:presidents_day,,,CONFIRMED
2023-04-07,CLOSED,Good Friday,good_friday,module:good_friday,,,CONFIRMED
2023-05-29,CLOSED,Memorial Day,memorial_day,module:memorial_day,,,CONFIRMED
2023-06-19,CLOSED,Juneteenth National Independence Day,juneteenth,module:juneteenth,,,CONFIRMED
2023-07-03,EARLY_CLOSE,Independence Day Eve (Early Close),independence_day_eve,module:independence_day_eve,,13:00,CONFIRMED
2023-07-04,CLOSED,Independence Day,independence_day,module:independence_day,,,CONFIRMED
2023-09-04,CLOSED,Labor Day,labor_day,module:labor_day,,,CONFIRMED
2023-11-23,CLOSED,Thanksgiving Day,thanksgiving,module:thanksgiving,,,CONFIRMED
2023-11-24,EARLY_CLOSE,Day After Thanksgiving (Early Close),day_after_thanksgiving,module:day_after_thanksgiving,,13:00,CONFIRMED
2023-12-25,CLOSED,Christmas Day,christmas,module:christmas,,,CONFIRMED
2024-01-01,CLOSED,New Year's Day,new_years_day,module:new_years_day,,,CONFIRMED
2024-01-15,CLOSED,Martin Luther King Jr. Day,mlk_day,module:mlk_day,,,CONFIRMED
2024-02-19,CLOSED,Presidents Day,presidents_day,module:presidents_day,,,CONFIRMED
2024-03-29,CLOSED,Good Friday,good_friday,module:good_friday,,,CONFIRMED
2024-05-27,CLOSED,Memorial Day,memorial_day,module:memorial_day,,,CONFIRMED
2024-06-19,CLOSED,Juneteenth National Independence Day,juneteenth,module:juneteenth,,,CONFIRMED
2024-07-03,EARLY_CLOSE,Independence Day Eve (Early Close),independence_day_eve_wednesday,module:independence_day_eve,,13:00,CONFIRMED
2024-07-04,CLOSED,Independence Day,independence_day,module:independence_day,,,CONFIRMED
2024-09-02,CLOSED,Labor Day,labor_day,module:labor_day,,,CONFIRMED
2024-11-28,CLOSED,Thanksgiving Day,thanksgiving,module:thanksgiving,,,CONFIRMED
2024-11-29,EARLY_CLOSE,Day After Thanksgiving (Early Close),day_after_thanksgiving,module:day_after_thanksgiving,,13:00,CONFIRMED
2024-12-24,EARLY_CLOSE,Christmas Eve (Early Close),christmas_eve,module:christmas_eve,,13:00,CONFIRMED
2024-12-25,CLOSED,Christmas Day,christmas,module:christmas,,,CONFIRMED
2025-01-01,CLOSED,New Year's Day,new_years_day,module:new_years_day,,,CONFIRMED
2025-01-09,CLOSED,Presidential Funeral (Jimmy Carter),presidential_funerals,module:us_historical_closures,,,CONFIRMED
2025-01-20,CLOSED,Martin Luther King Jr. Day,mlk_day,module:mlk_day,,,CONFIRMED
2025-02-17,CLOSED,Presidents Day,presidents_day,module:presidents_day,,,CONFIRMED
2025-04-18,CLOSED,Good Friday,good_friday,module:good_friday,,,CONFIRMED
2025-05-26,CLOSED,Memorial Day,memorial_day,module:memorial_day,,,CONFIRMED
2025-06-19,CLOSED,Juneteenth National Independence Day,juneteenth,module:juneteenth,,,CONFIRMED
2025-07-03,EARLY_CLOSE,Independence Day Eve (Early Close),independence_day_eve,module:independence_day_eve,,13:00,CONFIRMED
2025-07-04,CLOSED,Independence Day,independence_day,module:independence_day,,,CONFIRMED
2025-09-01,CLOSED,Labor Day,labor_day,module:labor_day,,,CONFIRMED
2025-11-27,CLOSED,Thanksgiving Day,thanksgiving,module:thanksgiving,,,CONFIRMED
2025-11-28,EARLY_CLOSE,Day After Thanksgiving (Early Close),day_after_thanksgiving,module:day_after_thanksgiving,,13:00,CONFIRMED
2025-12-24,EARLY_CLOSE,Christmas Eve (Early Close),christmas_eve,module:christmas_eve,,13:00,CONFIRMED
2025-12-25,CLOSED,Christmas Day,christmas,module:christmas,,,CONFIRMED
2026-01-01,CLOSED,New Year's Day,new_years_day,module:new_years_day,,,CONFIRMED
2026-01-19,CLOSED,Martin Luther King Jr. Day,mlk_day,module:mlk_day,,,CONFIRMED
2026-02-16,CLOSED,Presidents Day,presidents_day,module:presidents_day,,,CONFIRMED
2026-04-03,CLOSED,Good Friday,good_friday,module:good_friday,,,CONFIRMED
2026-05-25,CLOSED,Memorial Day,memorial_day,module:memorial_day,,,CONFIRMED
2026-06-19,CLOSED,Juneteenth National Independence Day,juneteenth,module:juneteenth,,,CONFIRMED
2026-07-03,CLOSED,Independence Day,independence_day,module:independence_day,2026-07-04,,CONFIRMED
2026-09-07,CLOSED,Labor Day,labor_day,module:labor_day,,,CONFIRMED
2026-11-26,CLOSED,Thanksgiving Day,thanksgiving,module:thanksgiving,,,CONFIRMED
2026-11-27,EARLY_CLOSE,Day After Thanksgiving (Early Close),day_after_thanksgiving,module:day_after_thanksgiving,,13:00,CONFIRMED
2026-12-24,EARLY_CLOSE,Christmas Eve (Early Close),christmas_eve,module:christmas_eve,,13:00,CONFIRMED
2026-12-25,CLOSED,Christmas Day,christmas,module:christmas,,,CONFIRMED
2027-01-01,CLOSED,New Year's Day,new_years_day,module:new_years_day,,,CONFIRMED
2027-01-18,CLOSED,Martin Luther King Jr. Day,mlk_day,module:mlk_day,,,CONFIRMED
2027-02-15,CLOSED,Presidents Day,presidents_day,module:presidents_day,,,CONFIRMED
2027-03-26,CLOSED,Good Friday,good_friday,module:good_friday,,,CONFIRMED
2027-05-31,CLOSED,Memorial Day,memorial_day,module:memorial_day,,,CONFIRMED
2027-06-18,CLOSED,Juneteenth National Independence Day,juneteenth,module:juneteenth,2027-06-19,,CONFIRMED
2027-07-05,CLOSED,Independence Day,independence_day,module:independence_day,2027-07-04,,CONFIRMED
2027-09-06,CLOSED,Labor Day,labor_day,module:labor_day,,,CONFIRMED
2027-11-25,CLOSED,Thanksgiving Day,thanksgiving,module:thanksgiving,,,CONFIRMED
2027-11-26,EARLY_CLOSE,Day After Thanksgiving (Early Close),day_after_thanksgiving,module:day_after_thanksgiving,,13:00,CONFIRMED
2027-12-24,CLOSED,Christmas Day,christmas,module:christmas,2027-12-25,,CONFIRMED
2028-01-17,CLOSED,Martin Luther King Jr. Day,mlk_day,module:mlk_day,,,CONFIRMED
2028-02-21,CLOSED,Presidents Day,presidents_day,module:presidents_day,,,CONFIRMED
2028-04-14,CLOSED,Good Friday,good_friday,module:good_friday,,,CONFIRMED
2028-05-29,CLOSED,Memorial Day,memorial_day,module:memorial_day,,,CONFIRMED
2028-06-19,CLOSED,Juneteenth National Independence Day,juneteenth,module:juneteenth,,,CONFIRMED
2028-07-03,EARLY_CLOSE,Independence Day Eve (Early Close),independence_day_eve,module:independence_day_eve,,13:00,CONFIRMED
2028-07-04,CLOSED,Independence Day,independence_day,module:independence_day,,,CONFIRMED
2028-09-04,CLOSED,Labor Day,labor_day,module:labor_day,,,CONFIRMED
2028-11-23,CLOSED,Thanksgiving Day,thanksgiving,module:thanksgiving,,,CONFIRMED
2028-11-24,EARLY_CLOSE,Day After Thanksgiving (Early Close),day_after_thanksgiving,module:day_after_thanksgiving,,13:00,CONFIRMED
2028-12-25,CLOSED,Christmas Day,christmas,module:christmas,,,CONFIRMED
2029-01-01,CLOSED,New Year's Day,new_years_day,module:new_years_day,,,CONFIRMED
2029-01-15,CLOSED,Martin Luther King Jr. Day,mlk_day,module:mlk_day,,,CONFIRMED
2029-02-19,CLOSED,Presidents Day,presidents_day,module:presidents_day,,,CONFIRMED
2029-03-30,CLOSED,Good Friday,good_friday,module:good_friday,,,CONFIRMED
2029-05-28,CLOSED,Memorial Day,memorial_day,module:memorial_day,,,CONFIRMED
2029-06-19,CLOSED,Juneteenth National Independence Day,juneteenth,module:juneteenth,,,CONFIRMED
2029-07-03,EARLY_CLOSE,Independence Day Eve (Early Close),independence_day_eve,module:independence_day_eve,,13:00,CONFIRMED
2029-07-04,CLOSED,Independence Day,independence_day,module:independence_day,,,CONFIRMED
2029-09-03,CLOSED,Labor Day,labor_day,module:labor_day,,,CONFIRMED
2029-11-22,CLOSED,Thanksgiving Day,thanksgiving,module:thanksgiving,,,CONFIRMED
2029-11-23,EARLY_CLOSE,Day After Thanksgiving (Early Close),day_after_thanksgiving,module:day_after_thanksgiving,,13:00,CONFIRMED
2029-12-24,EARLY_CLOSE,Christmas Eve (Early Close),christmas_eve,module:christmas_eve,,13:00,CONFIRMED
2029-12-25,CLOSED,Christmas Day,christmas,module:christmas,,,CONFIRMED
2030-01-01,CLOSED,New Year's Day,new_years_day,module:new_years_day,,,CONFIRMED
2030-01-21,CLOSED,Martin Luther King Jr. Day,mlk_day,module:mlk_day,,,CONFIRMED
2030-02-18,CLOSED,Presidents Day,presidents_day,module:presidents_day,,,CONFIRMED
2030-04-19,CLOSED,Good Friday,good_friday,module:good_friday,,,CONFIRMED
2030-05-27,CLOSED,Memorial Day,memorial_day,module:memorial_day,,,CONFIRMED
2030-06-19,CLOSED,Juneteenth National Independence Day,juneteenth,module:juneteenth,,,CONFIRMED
2030-07-03,EARLY_CLOSE,Independence Day Eve (Early Close),independence_day_eve_wednesday,module:independence_day_eve,,13:00,CONFIRMED
2030-07-04,CLOSED,Independence Day,independence_day,module:independence_day,,,CONFIRMED
2030-09-02,CLOSED,Labor Day,labor_day,module:labor_day,,,CONFIRMED
2030-11-28,CLOSED,Thanksgiving Day,thanksgiving,module:thanksgiving,,,CONFIRMED
2030-11-29,EARLY_CLOSE,Day After Thanksgiving (Early Close),day_after_thanksgiving,module:day_after_thanksgiving,,13:00,CONFIRMED
2030-12-24,EARLY_CLOSE,Christmas Eve (Early Close),christmas_eve,module:christmas_eve,,13:00,CONFIRMED
2030-12-25,CLOSED,Christmas Day,christmas,module:christmas,,,CONFIRMED
